{
  "decoder.conv_in": {
    "l2_value": 0.0003798976249527186,
    "cosine_value": 0.11457157135009766,
    "shape": [
      1,
      512,
      64,
      64
    ],
    "method": "Both"
  },
  "decoder.mid.block_1": {
    "l2_value": 0.0003623443190008402,
    "cosine_value": 0.10569459199905396,
    "shape": [
      1,
      512,
      64,
      64
    ],
    "method": "Both"
  },
  "decoder.mid.attn_1": {
    "l2_value": 0.00035666729672811925,
    "cosine_value": 0.1000167727470398,
    "shape": [
      1,
      512,
      64,
      64
    ],
    "method": "Both"
  },
  "decoder.mid.block_2": {
    "l2_value": 0.00037017863360233605,
    "cosine_value": 0.10059612989425659,
    "shape": [
      1,
      512,
      64,
      64
    ],
    "method": "Both"
  },
  "decoder.up.0.block.0": {
    "l2_value": 0.0015148402890190482,
    "cosine_value": 0.02882593870162964,
    "shape": [
      1,
      128,
      512,
      512
    ],
    "method": "Both"
  },
  "decoder.up.0.block.1": {
    "l2_value": 0.001583026023581624,
    "cosine_value": 0.025105834007263184,
    "shape": [
      1,
      128,
      512,
      512
    ],
    "method": "Both"
  },
  "decoder.up.0.block.2": {
    "l2_value": 0.0016606576973572373,
    "cosine_value": 0.021559476852416992,
    "shape": [
      1,
      128,
      512,
      512
    ],
    "method": "Both"
  },
  "decoder.up.1.block.0": {
    "l2_value": 0.0008287064265459776,
    "cosine_value": 0.06706863641738892,
    "shape": [
      1,
      256,
      256,
      256
    ],
    "method": "Both"
  },
  "decoder.up.1.block.1": {
    "l2_value": 0.0008446396677754819,
    "cosine_value": 0.07075423002243042,
    "shape": [
      1,
      256,
      256,
      256
    ],
    "method": "Both"
  },
  "decoder.up.1.block.2": {
    "l2_value": 0.0007940204814076424,
    "cosine_value": 0.07460218667984009,
    "shape": [
      1,
      256,
      256,
      256
    ],
    "method": "Both"
  },
  "decoder.up.1.upsample": {
    "l2_value": 0.0009565025102347136,
    "cosine_value": 0.060622453689575195,
    "shape": [
      1,
      256,
      512,
      512
    ],
    "method": "Both"
  },
  "decoder.up.2.block.0": {
    "l2_value": 0.0006773432833142579,
    "cosine_value": 0.0910598635673523,
    "shape": [
      1,
      512,
      128,
      128
    ],
    "method": "Both"
  },
  "decoder.up.2.block.1": {
    "l2_value": 0.0006944836350157857,
    "cosine_value": 0.09084928035736084,
    "shape": [
      1,
      512,
      128,
      128
    ],
    "method": "Both"
  },
  "decoder.up.2.block.2": {
    "l2_value": 0.0006205635145306587,
    "cosine_value": 0.09639471769332886,
    "shape": [
      1,
      512,
      128,
      128
    ],
    "method": "Both"
  },
  "decoder.up.2.upsample": {
    "l2_value": 0.0009671447332948446,
    "cosine_value": 0.08389502763748169,
    "shape": [
      1,
      512,
      256,
      256
    ],
    "method": "Both"
  },
  "decoder.up.3.block.0": {
    "l2_value": 0.000404235499445349,
    "cosine_value": 0.1064004898071289,
    "shape": [
      1,
      512,
      64,
      64
    ],
    "method": "Both"
  },
  "decoder.up.3.block.1": {
    "l2_value": 0.0004209181643091142,
    "cosine_value": 0.1116635799407959,
    "shape": [
      1,
      512,
      64,
      64
    ],
    "method": "Both"
  },
  "decoder.up.3.block.2": {
    "l2_value": 0.00038521017995662987,
    "cosine_value": 0.11243587732315063,
    "shape": [
      1,
      512,
      64,
      64
    ],
    "method": "Both"
  },
  "decoder.up.3.upsample": {
    "l2_value": 0.0006945631466805935,
    "cosine_value": 0.09941095113754272,
    "shape": [
      1,
      512,
      128,
      128
    ],
    "method": "Both"
  },
  "decoder.conv_out": {
    "l2_value": 0.0002261595606493453,
    "cosine_value": 0.053098976612091064,
    "shape": [
      1,
      3,
      512,
      512
    ],
    "method": "Both"
  }
}