{
  "decoder.conv_in": {
    "l2_value": 0.00011812901357188821,
    "cosine_value": 0.04508000612258911,
    "shape": [
      1,
      512,
      64,
      64
    ],
    "method": "Both"
  },
  "decoder.mid.block_1": {
    "l2_value": 0.00013426756777334958,
    "cosine_value": 0.031772494316101074,
    "shape": [
      1,
      512,
      64,
      64
    ],
    "method": "Both"
  },
  "decoder.mid.attn_1": {
    "l2_value": 0.00013306098117027432,
    "cosine_value": 0.027674078941345215,
    "shape": [
      1,
      512,
      64,
      64
    ],
    "method": "Both"
  },
  "decoder.mid.block_2": {
    "l2_value": 0.0001400490727974102,
    "cosine_value": 0.02812880277633667,
    "shape": [
      1,
      512,
      64,
      64
    ],
    "method": "Both"
  },
  "decoder.up.0.block.0": {
    "l2_value": 0.0004895504098385572,
    "cosine_value": 0.005592286586761475,
    "shape": [
      1,
      128,
      512,
      512
    ],
    "method": "Both"
  },
  "decoder.up.0.block.1": {
    "l2_value": 0.0004987245192751288,
    "cosine_value": 0.004184722900390625,
    "shape": [
      1,
      128,
      512,
      512
    ],
    "method": "Both"
  },
  "decoder.up.0.block.2": {
    "l2_value": 0.0005139272543601692,
    "cosine_value": 0.0031603574752807617,
    "shape": [
      1,
      128,
      512,
      512
    ],
    "method": "Both"
  },
  "decoder.up.1.block.0": {
    "l2_value": 0.00036012931377626956,
    "cosine_value": 0.02222883701324463,
    "shape": [
      1,
      256,
      256,
      256
    ],
    "method": "Both"
  },
  "decoder.up.1.block.1": {
    "l2_value": 0.0003653770254459232,
    "cosine_value": 0.022396862506866455,
    "shape": [
      1,
      256,
      256,
      256
    ],
    "method": "Both"
  },
  "decoder.up.1.block.2": {
    "l2_value": 0.00032835398451425135,
    "cosine_value": 0.024694740772247314,
    "shape": [
      1,
      256,
      256,
      256
    ],
    "method": "Both"
  },
  "decoder.up.1.upsample": {
    "l2_value": 0.0003527241060510278,
    "cosine_value": 0.017250120639801025,
    "shape": [
      1,
      256,
      512,
      512
    ],
    "method": "Both"
  },
  "decoder.up.2.block.0": {
    "l2_value": 0.00027711960137821734,
    "cosine_value": 0.026925325393676758,
    "shape": [
      1,
      512,
      128,
      128
    ],
    "method": "Both"
  },
  "decoder.up.2.block.1": {
    "l2_value": 0.00029171770438551903,
    "cosine_value": 0.0294191837310791,
    "shape": [
      1,
      512,
      128,
      128
    ],
    "method": "Both"
  },
  "decoder.up.2.block.2": {
    "l2_value": 0.00026261864695698023,
    "cosine_value": 0.03651165962219238,
    "shape": [
      1,
      512,
      128,
      128
    ],
    "method": "Both"
  },
  "decoder.up.2.upsample": {
    "l2_value": 0.00040692422771826386,
    "cosine_value": 0.03093200922012329,
    "shape": [
      1,
      512,
      256,
      256
    ],
    "method": "Both"
  },
  "decoder.up.3.block.0": {
    "l2_value": 0.0001616782246856019,
    "cosine_value": 0.03193700313568115,
    "shape": [
      1,
      512,
      64,
      64
    ],
    "method": "Both"
  },
  "decoder.up.3.block.1": {
    "l2_value": 0.00017071810725610703,
    "cosine_value": 0.03320670127868652,
    "shape": [
      1,
      512,
      64,
      64
    ],
    "method": "Both"
  },
  "decoder.up.3.block.2": {
    "l2_value": 0.0001589062303537503,
    "cosine_value": 0.036810874938964844,
    "shape": [
      1,
      512,
      64,
      64
    ],
    "method": "Both"
  },
  "decoder.up.3.upsample": {
    "l2_value": 0.0002761069335974753,
    "cosine_value": 0.02954953908920288,
    "shape": [
      1,
      512,
      128,
      128
    ],
    "method": "Both"
  },
  "decoder.conv_out": {
    "l2_value": 0.00012083429222305615,
    "cosine_value": 0.03498274087905884,
    "shape": [
      1,
      3,
      512,
      512
    ],
    "method": "Both"
  }
}