{
  "decoder.conv_in": {
    "l2_value": 0.00021806336008012295,
    "cosine_value": 0.048110008239746094,
    "shape": [
      1,
      512,
      64,
      64
    ],
    "method": "Both"
  },
  "decoder.mid.block_1": {
    "l2_value": 0.00020493532065302134,
    "cosine_value": 0.039807140827178955,
    "shape": [
      1,
      512,
      64,
      64
    ],
    "method": "Both"
  },
  "decoder.mid.attn_1": {
    "l2_value": 0.0002032059128396213,
    "cosine_value": 0.03750646114349365,
    "shape": [
      1,
      512,
      64,
      64
    ],
    "method": "Both"
  },
  "decoder.mid.block_2": {
    "l2_value": 0.00021259323693811893,
    "cosine_value": 0.03840440511703491,
    "shape": [
      1,
      512,
      64,
      64
    ],
    "method": "Both"
  },
  "decoder.up.0.block.0": {
    "l2_value": 0.0006874144892208278,
    "cosine_value": 0.005626976490020752,
    "shape": [
      1,
      128,
      512,
      512
    ],
    "method": "Both"
  },
  "decoder.up.0.block.1": {
    "l2_value": 0.0006992098060436547,
    "cosine_value": 0.004598736763000488,
    "shape": [
      1,
      128,
      512,
      512
    ],
    "method": "Both"
  },
  "decoder.up.0.block.2": {
    "l2_value": 0.0007166957948356867,
    "cosine_value": 0.003774881362915039,
    "shape": [
      1,
      128,
      512,
      512
    ],
    "method": "Both"
  },
  "decoder.up.1.block.0": {
    "l2_value": 0.00044621076085604727,
    "cosine_value": 0.02443927526473999,
    "shape": [
      1,
      256,
      256,
      256
    ],
    "method": "Both"
  },
  "decoder.up.1.block.1": {
    "l2_value": 0.00046418653801083565,
    "cosine_value": 0.027056574821472168,
    "shape": [
      1,
      256,
      256,
      256
    ],
    "method": "Both"
  },
  "decoder.up.1.block.2": {
    "l2_value": 0.00043788846232928336,
    "cosine_value": 0.02989780902862549,
    "shape": [
      1,
      256,
      256,
      256
    ],
    "method": "Both"
  },
  "decoder.up.1.upsample": {
    "l2_value": 0.0005043773562647402,
    "cosine_value": 0.01966458559036255,
    "shape": [
      1,
      256,
      512,
      512
    ],
    "method": "Both"
  },
  "decoder.up.2.block.0": {
    "l2_value": 0.0003907701466232538,
    "cosine_value": 0.03529113531112671,
    "shape": [
      1,
      512,
      128,
      128
    ],
    "method": "Both"
  },
  "decoder.up.2.block.1": {
    "l2_value": 0.0004035983874928206,
    "cosine_value": 0.03559201955795288,
    "shape": [
      1,
      512,
      128,
      128
    ],
    "method": "Both"
  },
  "decoder.up.2.block.2": {
    "l2_value": 0.000357800250640139,
    "cosine_value": 0.03954869508743286,
    "shape": [
      1,
      512,
      128,
      128
    ],
    "method": "Both"
  },
  "decoder.up.2.upsample": {
    "l2_value": 0.0005366532132029533,
    "cosine_value": 0.03259342908859253,
    "shape": [
      1,
      512,
      256,
      256
    ],
    "method": "Both"
  },
  "decoder.up.3.block.0": {
    "l2_value": 0.00023829229758121073,
    "cosine_value": 0.041983604431152344,
    "shape": [
      1,
      512,
      64,
      64
    ],
    "method": "Both"
  },
  "decoder.up.3.block.1": {
    "l2_value": 0.00025088718393817544,
    "cosine_value": 0.04534876346588135,
    "shape": [
      1,
      512,
      64,
      64
    ],
    "method": "Both"
  },
  "decoder.up.3.block.2": {
    "l2_value": 0.0002265303337480873,
    "cosine_value": 0.04623943567276001,
    "shape": [
      1,
      512,
      64,
      64
    ],
    "method": "Both"
  },
  "decoder.up.3.upsample": {
    "l2_value": 0.00039820632082410157,
    "cosine_value": 0.038319528102874756,
    "shape": [
      1,
      512,
      128,
      128
    ],
    "method": "Both"
  },
  "decoder.conv_out": {
    "l2_value": 0.00011890377694120009,
    "cosine_value": 0.03378582000732422,
    "shape": [
      1,
      3,
      512,
      512
    ],
    "method": "Both"
  }
}