{
  "decoder.conv_in": {
    "l2_value": 0.00035884144017472863,
    "cosine_value": 0.13862043619155884,
    "shape": [
      1,
      512,
      64,
      64
    ],
    "method": "Both"
  },
  "decoder.mid.block_1": {
    "l2_value": 0.00033614435233175755,
    "cosine_value": 0.11025965213775635,
    "shape": [
      1,
      512,
      64,
      64
    ],
    "method": "Both"
  },
  "decoder.mid.attn_1": {
    "l2_value": 0.0003336013469379395,
    "cosine_value": 0.10417932271957397,
    "shape": [
      1,
      512,
      64,
      64
    ],
    "method": "Both"
  },
  "decoder.mid.block_2": {
    "l2_value": 0.0003484781482256949,
    "cosine_value": 0.10597807168960571,
    "shape": [
      1,
      512,
      64,
      64
    ],
    "method": "Both"
  },
  "decoder.up.0.block.0": {
    "l2_value": 0.0012275028275325894,
    "cosine_value": 0.01710730791091919,
    "shape": [
      1,
      128,
      512,
      512
    ],
    "method": "Both"
  },
  "decoder.up.0.block.1": {
    "l2_value": 0.001238618278875947,
    "cosine_value": 0.013908863067626953,
    "shape": [
      1,
      128,
      512,
      512
    ],
    "method": "Both"
  },
  "decoder.up.0.block.2": {
    "l2_value": 0.0012600108748301864,
    "cosine_value": 0.011321067810058594,
    "shape": [
      1,
      128,
      512,
      512
    ],
    "method": "Both"
  },
  "decoder.up.1.block.0": {
    "l2_value": 0.0007531508454121649,
    "cosine_value": 0.07028740644454956,
    "shape": [
      1,
      256,
      256,
      256
    ],
    "method": "Both"
  },
  "decoder.up.1.block.1": {
    "l2_value": 0.0007799141458235681,
    "cosine_value": 0.0765005350112915,
    "shape": [
      1,
      256,
      256,
      256
    ],
    "method": "Both"
  },
  "decoder.up.1.block.2": {
    "l2_value": 0.0007400835165753961,
    "cosine_value": 0.08479952812194824,
    "shape": [
      1,
      256,
      256,
      256
    ],
    "method": "Both"
  },
  "decoder.up.1.upsample": {
    "l2_value": 0.0008571788785047829,
    "cosine_value": 0.05461752414703369,
    "shape": [
      1,
      256,
      512,
      512
    ],
    "method": "Both"
  },
  "decoder.up.2.block.0": {
    "l2_value": 0.0006474271649494767,
    "cosine_value": 0.09924185276031494,
    "shape": [
      1,
      512,
      128,
      128
    ],
    "method": "Both"
  },
  "decoder.up.2.block.1": {
    "l2_value": 0.0006665227701887488,
    "cosine_value": 0.09884709119796753,
    "shape": [
      1,
      512,
      128,
      128
    ],
    "method": "Both"
  },
  "decoder.up.2.block.2": {
    "l2_value": 0.0005948685575276613,
    "cosine_value": 0.1108555793762207,
    "shape": [
      1,
      512,
      128,
      128
    ],
    "method": "Both"
  },
  "decoder.up.2.upsample": {
    "l2_value": 0.0009017206612043083,
    "cosine_value": 0.09373915195465088,
    "shape": [
      1,
      512,
      256,
      256
    ],
    "method": "Both"
  },
  "decoder.up.3.block.0": {
    "l2_value": 0.0003875565598718822,
    "cosine_value": 0.11371612548828125,
    "shape": [
      1,
      512,
      64,
      64
    ],
    "method": "Both"
  },
  "decoder.up.3.block.1": {
    "l2_value": 0.00040785077726468444,
    "cosine_value": 0.12288028001785278,
    "shape": [
      1,
      512,
      64,
      64
    ],
    "method": "Both"
  },
  "decoder.up.3.block.2": {
    "l2_value": 0.00036898028338328004,
    "cosine_value": 0.12621384859085083,
    "shape": [
      1,
      512,
      64,
      64
    ],
    "method": "Both"
  },
  "decoder.up.3.upsample": {
    "l2_value": 0.0006569720571860671,
    "cosine_value": 0.10763531923294067,
    "shape": [
      1,
      512,
      128,
      128
    ],
    "method": "Both"
  },
  "decoder.conv_out": {
    "l2_value": 0.00022616604110226035,
    "cosine_value": 0.10756516456604004,
    "shape": [
      1,
      3,
      512,
      512
    ],
    "method": "Both"
  }
}