{
  "decoder.conv_in": {
    "l2_value": 0.00019235767831560224,
    "cosine_value": 0.1550368070602417,
    "shape": [
      1,
      512,
      64,
      64
    ],
    "method": "Both"
  },
  "decoder.mid.block_1": {
    "l2_value": 0.0002174755500163883,
    "cosine_value": 0.08859533071517944,
    "shape": [
      1,
      512,
      64,
      64
    ],
    "method": "Both"
  },
  "decoder.mid.attn_1": {
    "l2_value": 0.00021584692876785994,
    "cosine_value": 0.07679152488708496,
    "shape": [
      1,
      512,
      64,
      64
    ],
    "method": "Both"
  },
  "decoder.mid.block_2": {
    "l2_value": 0.00022817733406554908,
    "cosine_value": 0.07820254564285278,
    "shape": [
      1,
      512,
      64,
      64
    ],
    "method": "Both"
  },
  "decoder.up.0.block.0": {
    "l2_value": 0.0008603845490142703,
    "cosine_value": 0.01718902587890625,
    "shape": [
      1,
      128,
      512,
      512
    ],
    "method": "Both"
  },
  "decoder.up.0.block.1": {
    "l2_value": 0.0008666059584356844,
    "cosine_value": 0.012606382369995117,
    "shape": [
      1,
      128,
      512,
      512
    ],
    "method": "Both"
  },
  "decoder.up.0.block.2": {
    "l2_value": 0.0008831293671391904,
    "cosine_value": 0.009332835674285889,
    "shape": [
      1,
      128,
      512,
      512
    ],
    "method": "Both"
  },
  "decoder.up.1.block.0": {
    "l2_value": 0.0005883800331503153,
    "cosine_value": 0.06147289276123047,
    "shape": [
      1,
      256,
      256,
      256
    ],
    "method": "Both"
  },
  "decoder.up.1.block.1": {
    "l2_value": 0.0005957778776064515,
    "cosine_value": 0.0611611008644104,
    "shape": [
      1,
      256,
      256,
      256
    ],
    "method": "Both"
  },
  "decoder.up.1.block.2": {
    "l2_value": 0.0005421600071713328,
    "cosine_value": 0.06919467449188232,
    "shape": [
      1,
      256,
      256,
      256
    ],
    "method": "Both"
  },
  "decoder.up.1.upsample": {
    "l2_value": 0.0005906718433834612,
    "cosine_value": 0.04945027828216553,
    "shape": [
      1,
      256,
      512,
      512
    ],
    "method": "Both"
  },
  "decoder.up.2.block.0": {
    "l2_value": 0.00045232498086988926,
    "cosine_value": 0.07498657703399658,
    "shape": [
      1,
      512,
      128,
      128
    ],
    "method": "Both"
  },
  "decoder.up.2.block.1": {
    "l2_value": 0.0004736583214253187,
    "cosine_value": 0.08075827360153198,
    "shape": [
      1,
      512,
      128,
      128
    ],
    "method": "Both"
  },
  "decoder.up.2.block.2": {
    "l2_value": 0.00042741477955132723,
    "cosine_value": 0.10120284557342529,
    "shape": [
      1,
      512,
      128,
      128
    ],
    "method": "Both"
  },
  "decoder.up.2.upsample": {
    "l2_value": 0.0006644949899055064,
    "cosine_value": 0.088137686252594,
    "shape": [
      1,
      512,
      256,
      256
    ],
    "method": "Both"
  },
  "decoder.up.3.block.0": {
    "l2_value": 0.0002639132144395262,
    "cosine_value": 0.08832073211669922,
    "shape": [
      1,
      512,
      64,
      64
    ],
    "method": "Both"
  },
  "decoder.up.3.block.1": {
    "l2_value": 0.00027846480952575803,
    "cosine_value": 0.09184145927429199,
    "shape": [
      1,
      512,
      64,
      64
    ],
    "method": "Both"
  },
  "decoder.up.3.block.2": {
    "l2_value": 0.00026043245452456176,
    "cosine_value": 0.10328471660614014,
    "shape": [
      1,
      512,
      64,
      64
    ],
    "method": "Both"
  },
  "decoder.up.3.upsample": {
    "l2_value": 0.00045189540833234787,
    "cosine_value": 0.08356541395187378,
    "shape": [
      1,
      512,
      128,
      128
    ],
    "method": "Both"
  },
  "decoder.conv_out": {
    "l2_value": 0.00022977025946602225,
    "cosine_value": 0.11456930637359619,
    "shape": [
      1,
      3,
      512,
      512
    ],
    "method": "Both"
  }
}