{
  "decoder.conv_in": {
    "l2_value": 0.00014395156176760793,
    "cosine_value": 0.07439881563186646,
    "shape": [
      1,
      512,
      64,
      64
    ],
    "method": "Both"
  },
  "decoder.mid.block_1": {
    "l2_value": 0.00015986288781277835,
    "cosine_value": 0.04537785053253174,
    "shape": [
      1,
      512,
      64,
      64
    ],
    "method": "Both"
  },
  "decoder.mid.attn_1": {
    "l2_value": 0.00015839328989386559,
    "cosine_value": 0.04026609659194946,
    "shape": [
      1,
      512,
      64,
      64
    ],
    "method": "Both"
  },
  "decoder.mid.block_2": {
    "l2_value": 0.00017177523113787174,
    "cosine_value": 0.042486608028411865,
    "shape": [
      1,
      512,
      64,
      64
    ],
    "method": "Both"
  },
  "decoder.up.0.block.0": {
    "l2_value": 0.0005806448170915246,
    "cosine_value": 0.008172810077667236,
    "shape": [
      1,
      128,
      512,
      512
    ],
    "method": "Both"
  },
  "decoder.up.0.block.1": {
    "l2_value": 0.0005980384303256869,
    "cosine_value": 0.006279289722442627,
    "shape": [
      1,
      128,
      512,
      512
    ],
    "method": "Both"
  },
  "decoder.up.0.block.2": {
    "l2_value": 0.0006282295798882842,
    "cosine_value": 0.004975795745849609,
    "shape": [
      1,
      128,
      512,
      512
    ],
    "method": "Both"
  },
  "decoder.up.1.block.0": {
    "l2_value": 0.00043465589988045394,
    "cosine_value": 0.030585944652557373,
    "shape": [
      1,
      256,
      256,
      256
    ],
    "method": "Both"
  },
  "decoder.up.1.block.1": {
    "l2_value": 0.00044380041072145104,
    "cosine_value": 0.030849456787109375,
    "shape": [
      1,
      256,
      256,
      256
    ],
    "method": "Both"
  },
  "decoder.up.1.block.2": {
    "l2_value": 0.00039605298661626875,
    "cosine_value": 0.03272920846939087,
    "shape": [
      1,
      256,
      256,
      256
    ],
    "method": "Both"
  },
  "decoder.up.1.upsample": {
    "l2_value": 0.0004186072910670191,
    "cosine_value": 0.02261453866958618,
    "shape": [
      1,
      256,
      512,
      512
    ],
    "method": "Both"
  },
  "decoder.up.2.block.0": {
    "l2_value": 0.0003410589706618339,
    "cosine_value": 0.040797412395477295,
    "shape": [
      1,
      512,
      128,
      128
    ],
    "method": "Both"
  },
  "decoder.up.2.block.1": {
    "l2_value": 0.00035871885484084487,
    "cosine_value": 0.04393625259399414,
    "shape": [
      1,
      512,
      128,
      128
    ],
    "method": "Both"
  },
  "decoder.up.2.block.2": {
    "l2_value": 0.00032189537887461483,
    "cosine_value": 0.05260777473449707,
    "shape": [
      1,
      512,
      128,
      128
    ],
    "method": "Both"
  },
  "decoder.up.2.upsample": {
    "l2_value": 0.0004984670085832477,
    "cosine_value": 0.044444262981414795,
    "shape": [
      1,
      512,
      256,
      256
    ],
    "method": "Both"
  },
  "decoder.up.3.block.0": {
    "l2_value": 0.00020158574625384063,
    "cosine_value": 0.049619078636169434,
    "shape": [
      1,
      512,
      64,
      64
    ],
    "method": "Both"
  },
  "decoder.up.3.block.1": {
    "l2_value": 0.00021307385759428144,
    "cosine_value": 0.05136960744857788,
    "shape": [
      1,
      512,
      64,
      64
    ],
    "method": "Both"
  },
  "decoder.up.3.block.2": {
    "l2_value": 0.00019830316887237132,
    "cosine_value": 0.05682617425918579,
    "shape": [
      1,
      512,
      64,
      64
    ],
    "method": "Both"
  },
  "decoder.up.3.upsample": {
    "l2_value": 0.0003405160387046635,
    "cosine_value": 0.04534095525741577,
    "shape": [
      1,
      512,
      128,
      128
    ],
    "method": "Both"
  },
  "decoder.conv_out": {
    "l2_value": 0.00013987611358364424,
    "cosine_value": 0.02599233388900757,
    "shape": [
      1,
      3,
      512,
      512
    ],
    "method": "Both"
  }
}