{
  "decoder.conv_in": {
    "l2_value": 0.0006320506217889488,
    "cosine_value": 0.3211815357208252,
    "shape": [
      1,
      512,
      64,
      64
    ],
    "method": "Both"
  },
  "decoder.mid.block_1": {
    "l2_value": 0.0006376514211297035,
    "cosine_value": 0.32729077339172363,
    "shape": [
      1,
      512,
      64,
      64
    ],
    "method": "Both"
  },
  "decoder.mid.attn_1": {
    "l2_value": 0.0006266107084229589,
    "cosine_value": 0.31230127811431885,
    "shape": [
      1,
      512,
      64,
      64
    ],
    "method": "Both"
  },
  "decoder.mid.block_2": {
    "l2_value": 0.000635154836345464,
    "cosine_value": 0.3008437156677246,
    "shape": [
      1,
      512,
      64,
      64
    ],
    "method": "Both"
  },
  "decoder.up.0.block.0": {
    "l2_value": 0.007276665419340134,
    "cosine_value": 0.6636643707752228,
    "shape": [
      1,
      128,
      512,
      512
    ],
    "method": "Both"
  },
  "decoder.up.0.block.1": {
    "l2_value": 0.008315593004226685,
    "cosine_value": 0.6896744668483734,
    "shape": [
      1,
      128,
      512,
      512
    ],
    "method": "Both"
  },
  "decoder.up.0.block.2": {
    "l2_value": 0.0095713771879673,
    "cosine_value": 0.710823655128479,
    "shape": [
      1,
      128,
      512,
      512
    ],
    "method": "Both"
  },
  "decoder.up.1.block.0": {
    "l2_value": 0.0015721960226073861,
    "cosine_value": 0.25201207399368286,
    "shape": [
      1,
      256,
      256,
      256
    ],
    "method": "Both"
  },
  "decoder.up.1.block.1": {
    "l2_value": 0.001598468516021967,
    "cosine_value": 0.26407116651535034,
    "shape": [
      1,
      256,
      256,
      256
    ],
    "method": "Both"
  },
  "decoder.up.1.block.2": {
    "l2_value": 0.0015502218157052994,
    "cosine_value": 0.29604655504226685,
    "shape": [
      1,
      256,
      256,
      256
    ],
    "method": "Both"
  },
  "decoder.up.1.upsample": {
    "l2_value": 0.0023958063684403896,
    "cosine_value": 0.3884851932525635,
    "shape": [
      1,
      256,
      512,
      512
    ],
    "method": "Both"
  },
  "decoder.up.2.block.0": {
    "l2_value": 0.0011016529751941562,
    "cosine_value": 0.2501133680343628,
    "shape": [
      1,
      512,
      128,
      128
    ],
    "method": "Both"
  },
  "decoder.up.2.block.1": {
    "l2_value": 0.0011188046773895621,
    "cosine_value": 0.2427782416343689,
    "shape": [
      1,
      512,
      128,
      128
    ],
    "method": "Both"
  },
  "decoder.up.2.block.2": {
    "l2_value": 0.0010318889981135726,
    "cosine_value": 0.2717582583427429,
    "shape": [
      1,
      512,
      128,
      128
    ],
    "method": "Both"
  },
  "decoder.up.2.upsample": {
    "l2_value": 0.00168546789791435,
    "cosine_value": 0.26047956943511963,
    "shape": [
      1,
      512,
      256,
      256
    ],
    "method": "Both"
  },
  "decoder.up.3.block.0": {
    "l2_value": 0.0006683067767880857,
    "cosine_value": 0.2935478091239929,
    "shape": [
      1,
      512,
      64,
      64
    ],
    "method": "Both"
  },
  "decoder.up.3.block.1": {
    "l2_value": 0.0006706065032631159,
    "cosine_value": 0.2851284146308899,
    "shape": [
      1,
      512,
      64,
      64
    ],
    "method": "Both"
  },
  "decoder.up.3.block.2": {
    "l2_value": 0.0006149063119664788,
    "cosine_value": 0.29342013597488403,
    "shape": [
      1,
      512,
      64,
      64
    ],
    "method": "Both"
  },
  "decoder.up.3.upsample": {
    "l2_value": 0.0011183901224285364,
    "cosine_value": 0.26960086822509766,
    "shape": [
      1,
      512,
      128,
      128
    ],
    "method": "Both"
  },
  "decoder.conv_out": {
    "l2_value": 0.0004741956169406573,
    "cosine_value": 0.2752835750579834,
    "shape": [
      1,
      3,
      512,
      512
    ],
    "method": "Both"
  }
}