{
  "decoder.conv_in": {
    "l2_value": 0.00035203315201215446,
    "cosine_value": 0.28178977966308594,
    "shape": [
      1,
      512,
      64,
      64
    ],
    "method": "Both"
  },
  "decoder.mid.block_1": {
    "l2_value": 0.00039700791239738464,
    "cosine_value": 0.23353475332260132,
    "shape": [
      1,
      512,
      64,
      64
    ],
    "method": "Both"
  },
  "decoder.mid.attn_1": {
    "l2_value": 0.00039072902291081846,
    "cosine_value": 0.21051734685897827,
    "shape": [
      1,
      512,
      64,
      64
    ],
    "method": "Both"
  },
  "decoder.mid.block_2": {
    "l2_value": 0.0004027820541523397,
    "cosine_value": 0.2043147087097168,
    "shape": [
      1,
      512,
      64,
      64
    ],
    "method": "Both"
  },
  "decoder.up.0.block.0": {
    "l2_value": 0.004793864209204912,
    "cosine_value": 0.5186064839363098,
    "shape": [
      1,
      128,
      512,
      512
    ],
    "method": "Both"
  },
  "decoder.up.0.block.1": {
    "l2_value": 0.005742932669818401,
    "cosine_value": 0.5443163216114044,
    "shape": [
      1,
      128,
      512,
      512
    ],
    "method": "Both"
  },
  "decoder.up.0.block.2": {
    "l2_value": 0.006912349257618189,
    "cosine_value": 0.5660038590431213,
    "shape": [
      1,
      128,
      512,
      512
    ],
    "method": "Both"
  },
  "decoder.up.1.block.0": {
    "l2_value": 0.00108325423207134,
    "cosine_value": 0.17144542932510376,
    "shape": [
      1,
      256,
      256,
      256
    ],
    "method": "Both"
  },
  "decoder.up.1.block.1": {
    "l2_value": 0.001091191079467535,
    "cosine_value": 0.1697402000427246,
    "shape": [
      1,
      256,
      256,
      256
    ],
    "method": "Both"
  },
  "decoder.up.1.block.2": {
    "l2_value": 0.0010512701701372862,
    "cosine_value": 0.20334577560424805,
    "shape": [
      1,
      256,
      256,
      256
    ],
    "method": "Both"
  },
  "decoder.up.1.upsample": {
    "l2_value": 0.0014301723567768931,
    "cosine_value": 0.23523229360580444,
    "shape": [
      1,
      256,
      512,
      512
    ],
    "method": "Both"
  },
  "decoder.up.2.block.0": {
    "l2_value": 0.0007430388941429555,
    "cosine_value": 0.17203176021575928,
    "shape": [
      1,
      512,
      128,
      128
    ],
    "method": "Both"
  },
  "decoder.up.2.block.1": {
    "l2_value": 0.0007639770628884435,
    "cosine_value": 0.17716848850250244,
    "shape": [
      1,
      512,
      128,
      128
    ],
    "method": "Both"
  },
  "decoder.up.2.block.2": {
    "l2_value": 0.0007090417202562094,
    "cosine_value": 0.2201712727546692,
    "shape": [
      1,
      512,
      128,
      128
    ],
    "method": "Both"
  },
  "decoder.up.2.upsample": {
    "l2_value": 0.0011722840135917068,
    "cosine_value": 0.20778250694274902,
    "shape": [
      1,
      512,
      256,
      256
    ],
    "method": "Both"
  },
  "decoder.up.3.block.0": {
    "l2_value": 0.0004315164405852556,
    "cosine_value": 0.20180732011795044,
    "shape": [
      1,
      512,
      64,
      64
    ],
    "method": "Both"
  },
  "decoder.up.3.block.1": {
    "l2_value": 0.000438788381870836,
    "cosine_value": 0.19449347257614136,
    "shape": [
      1,
      512,
      64,
      64
    ],
    "method": "Both"
  },
  "decoder.up.3.block.2": {
    "l2_value": 0.00041531951865181327,
    "cosine_value": 0.21701401472091675,
    "shape": [
      1,
      512,
      64,
      64
    ],
    "method": "Both"
  },
  "decoder.up.3.upsample": {
    "l2_value": 0.0007437595631927252,
    "cosine_value": 0.1888100504875183,
    "shape": [
      1,
      512,
      128,
      128
    ],
    "method": "Both"
  },
  "decoder.conv_out": {
    "l2_value": 0.0004752795600021879,
    "cosine_value": 0.2778029441833496,
    "shape": [
      1,
      3,
      512,
      512
    ],
    "method": "Both"
  }
}