{
  "decoder.conv_in": {
    "l2_value": 0.00035634389496408403,
    "cosine_value": 0.13384830951690674,
    "shape": [
      1,
      512,
      64,
      64
    ],
    "method": "Both"
  },
  "decoder.mid.block_1": {
    "l2_value": 0.00034558106563054025,
    "cosine_value": 0.1206521987915039,
    "shape": [
      1,
      512,
      64,
      64
    ],
    "method": "Both"
  },
  "decoder.mid.attn_1": {
    "l2_value": 0.00034369659260846674,
    "cosine_value": 0.11387580633163452,
    "shape": [
      1,
      512,
      64,
      64
    ],
    "method": "Both"
  },
  "decoder.mid.block_2": {
    "l2_value": 0.0003573469293769449,
    "cosine_value": 0.11269551515579224,
    "shape": [
      1,
      512,
      64,
      64
    ],
    "method": "Both"
  },
  "decoder.up.0.block.0": {
    "l2_value": 0.0013373785186558962,
    "cosine_value": 0.023301661014556885,
    "shape": [
      1,
      128,
      512,
      512
    ],
    "method": "Both"
  },
  "decoder.up.0.block.1": {
    "l2_value": 0.0014013790059834719,
    "cosine_value": 0.020419299602508545,
    "shape": [
      1,
      128,
      512,
      512
    ],
    "method": "Both"
  },
  "decoder.up.0.block.2": {
    "l2_value": 0.0014731907285749912,
    "cosine_value": 0.017551064491271973,
    "shape": [
      1,
      128,
      512,
      512
    ],
    "method": "Both"
  },
  "decoder.up.1.block.0": {
    "l2_value": 0.0007638657698407769,
    "cosine_value": 0.07496345043182373,
    "shape": [
      1,
      256,
      256,
      256
    ],
    "method": "Both"
  },
  "decoder.up.1.block.1": {
    "l2_value": 0.0007894199225120246,
    "cosine_value": 0.08137184381484985,
    "shape": [
      1,
      256,
      256,
      256
    ],
    "method": "Both"
  },
  "decoder.up.1.block.2": {
    "l2_value": 0.0007437787717208266,
    "cosine_value": 0.08866000175476074,
    "shape": [
      1,
      256,
      256,
      256
    ],
    "method": "Both"
  },
  "decoder.up.1.upsample": {
    "l2_value": 0.0008834513137117028,
    "cosine_value": 0.06404644250869751,
    "shape": [
      1,
      256,
      512,
      512
    ],
    "method": "Both"
  },
  "decoder.up.2.block.0": {
    "l2_value": 0.0006469719810411334,
    "cosine_value": 0.09974044561386108,
    "shape": [
      1,
      512,
      128,
      128
    ],
    "method": "Both"
  },
  "decoder.up.2.block.1": {
    "l2_value": 0.0006678499048575759,
    "cosine_value": 0.09984385967254639,
    "shape": [
      1,
      512,
      128,
      128
    ],
    "method": "Both"
  },
  "decoder.up.2.block.2": {
    "l2_value": 0.0005952997016720474,
    "cosine_value": 0.11097455024719238,
    "shape": [
      1,
      512,
      128,
      128
    ],
    "method": "Both"
  },
  "decoder.up.2.upsample": {
    "l2_value": 0.000903900945559144,
    "cosine_value": 0.09551805257797241,
    "shape": [
      1,
      512,
      256,
      256
    ],
    "method": "Both"
  },
  "decoder.up.3.block.0": {
    "l2_value": 0.00039209381793625653,
    "cosine_value": 0.11685681343078613,
    "shape": [
      1,
      512,
      64,
      64
    ],
    "method": "Both"
  },
  "decoder.up.3.block.1": {
    "l2_value": 0.0004106060659978539,
    "cosine_value": 0.12389981746673584,
    "shape": [
      1,
      512,
      64,
      64
    ],
    "method": "Both"
  },
  "decoder.up.3.block.2": {
    "l2_value": 0.0003707363794092089,
    "cosine_value": 0.12658947706222534,
    "shape": [
      1,
      512,
      64,
      64
    ],
    "method": "Both"
  },
  "decoder.up.3.upsample": {
    "l2_value": 0.0006545284995809197,
    "cosine_value": 0.1073947548866272,
    "shape": [
      1,
      512,
      128,
      128
    ],
    "method": "Both"
  },
  "decoder.conv_out": {
    "l2_value": 0.00019333534874022007,
    "cosine_value": 0.05330115556716919,
    "shape": [
      1,
      3,
      512,
      512
    ],
    "method": "Both"
  }
}