{
  "decoder.conv_in": {
    "l2_value": 0.00018918784917332232,
    "cosine_value": 0.1371975541114807,
    "shape": [
      1,
      512,
      64,
      64
    ],
    "method": "Both"
  },
  "decoder.mid.block_1": {
    "l2_value": 0.00022315583191812038,
    "cosine_value": 0.09589141607284546,
    "shape": [
      1,
      512,
      64,
      64
    ],
    "method": "Both"
  },
  "decoder.mid.attn_1": {
    "l2_value": 0.00022076892491895705,
    "cosine_value": 0.08148199319839478,
    "shape": [
      1,
      512,
      64,
      64
    ],
    "method": "Both"
  },
  "decoder.mid.block_2": {
    "l2_value": 0.00023234340187627822,
    "cosine_value": 0.0809432864189148,
    "shape": [
      1,
      512,
      64,
      64
    ],
    "method": "Both"
  },
  "decoder.up.0.block.0": {
    "l2_value": 0.001357030007056892,
    "cosine_value": 0.04529619216918945,
    "shape": [
      1,
      128,
      512,
      512
    ],
    "method": "Both"
  },
  "decoder.up.0.block.1": {
    "l2_value": 0.0015498949214816093,
    "cosine_value": 0.04262179136276245,
    "shape": [
      1,
      128,
      512,
      512
    ],
    "method": "Both"
  },
  "decoder.up.0.block.2": {
    "l2_value": 0.0018008435145020485,
    "cosine_value": 0.041078150272369385,
    "shape": [
      1,
      128,
      512,
      512
    ],
    "method": "Both"
  },
  "decoder.up.1.block.0": {
    "l2_value": 0.0005909335450269282,
    "cosine_value": 0.06036907434463501,
    "shape": [
      1,
      256,
      256,
      256
    ],
    "method": "Both"
  },
  "decoder.up.1.block.1": {
    "l2_value": 0.0005966893513686955,
    "cosine_value": 0.0599018931388855,
    "shape": [
      1,
      256,
      256,
      256
    ],
    "method": "Both"
  },
  "decoder.up.1.block.2": {
    "l2_value": 0.0005402690730988979,
    "cosine_value": 0.06647622585296631,
    "shape": [
      1,
      256,
      256,
      256
    ],
    "method": "Both"
  },
  "decoder.up.1.upsample": {
    "l2_value": 0.0006223615491762757,
    "cosine_value": 0.053714871406555176,
    "shape": [
      1,
      256,
      512,
      512
    ],
    "method": "Both"
  },
  "decoder.up.2.block.0": {
    "l2_value": 0.000451255269581452,
    "cosine_value": 0.07435673475265503,
    "shape": [
      1,
      512,
      128,
      128
    ],
    "method": "Both"
  },
  "decoder.up.2.block.1": {
    "l2_value": 0.0004730098007712513,
    "cosine_value": 0.07958745956420898,
    "shape": [
      1,
      512,
      128,
      128
    ],
    "method": "Both"
  },
  "decoder.up.2.block.2": {
    "l2_value": 0.00042800139635801315,
    "cosine_value": 0.09814643859863281,
    "shape": [
      1,
      512,
      128,
      128
    ],
    "method": "Both"
  },
  "decoder.up.2.upsample": {
    "l2_value": 0.0006674656760878861,
    "cosine_value": 0.0845610499382019,
    "shape": [
      1,
      512,
      256,
      256
    ],
    "method": "Both"
  },
  "decoder.up.3.block.0": {
    "l2_value": 0.00026437637279741466,
    "cosine_value": 0.08831501007080078,
    "shape": [
      1,
      512,
      64,
      64
    ],
    "method": "Both"
  },
  "decoder.up.3.block.1": {
    "l2_value": 0.0002764726523309946,
    "cosine_value": 0.08974993228912354,
    "shape": [
      1,
      512,
      64,
      64
    ],
    "method": "Both"
  },
  "decoder.up.3.block.2": {
    "l2_value": 0.00025800024741329253,
    "cosine_value": 0.10092061758041382,
    "shape": [
      1,
      512,
      64,
      64
    ],
    "method": "Both"
  },
  "decoder.up.3.upsample": {
    "l2_value": 0.00044600304681807756,
    "cosine_value": 0.08126252889633179,
    "shape": [
      1,
      512,
      128,
      128
    ],
    "method": "Both"
  },
  "decoder.conv_out": {
    "l2_value": 0.00019429164240136743,
    "cosine_value": 0.057299911975860596,
    "shape": [
      1,
      3,
      512,
      512
    ],
    "method": "Both"
  }
}