{
  "decoder.conv_in": {
    "l2_value": 0.00015195472224149853,
    "cosine_value": 0.07644027471542358,
    "shape": [
      1,
      512,
      64,
      64
    ],
    "method": "Both"
  },
  "decoder.mid.block_1": {
    "l2_value": 0.00017006948473863304,
    "cosine_value": 0.0503619909286499,
    "shape": [
      1,
      512,
      64,
      64
    ],
    "method": "Both"
  },
  "decoder.mid.attn_1": {
    "l2_value": 0.0001691122743068263,
    "cosine_value": 0.04480797052383423,
    "shape": [
      1,
      512,
      64,
      64
    ],
    "method": "Both"
  },
  "decoder.mid.block_2": {
    "l2_value": 0.00018102953617926687,
    "cosine_value": 0.0464743971824646,
    "shape": [
      1,
      512,
      64,
      64
    ],
    "method": "Both"
  },
  "decoder.up.0.block.0": {
    "l2_value": 0.0005890190368518233,
    "cosine_value": 0.008187830448150635,
    "shape": [
      1,
      128,
      512,
      512
    ],
    "method": "Both"
  },
  "decoder.up.0.block.1": {
    "l2_value": 0.0005935894441790879,
    "cosine_value": 0.0060242414474487305,
    "shape": [
      1,
      128,
      512,
      512
    ],
    "method": "Both"
  },
  "decoder.up.0.block.2": {
    "l2_value": 0.0006076015997678041,
    "cosine_value": 0.00450974702835083,
    "shape": [
      1,
      128,
      512,
      512
    ],
    "method": "Both"
  },
  "decoder.up.1.block.0": {
    "l2_value": 0.0004537180648185313,
    "cosine_value": 0.03395664691925049,
    "shape": [
      1,
      256,
      256,
      256
    ],
    "method": "Both"
  },
  "decoder.up.1.block.1": {
    "l2_value": 0.0004583695263136178,
    "cosine_value": 0.03374457359313965,
    "shape": [
      1,
      256,
      256,
      256
    ],
    "method": "Both"
  },
  "decoder.up.1.block.2": {
    "l2_value": 0.0004114783077966422,
    "cosine_value": 0.03633475303649902,
    "shape": [
      1,
      256,
      256,
      256
    ],
    "method": "Both"
  },
  "decoder.up.1.upsample": {
    "l2_value": 0.0004359679005574435,
    "cosine_value": 0.025126934051513672,
    "shape": [
      1,
      256,
      512,
      512
    ],
    "method": "Both"
  },
  "decoder.up.2.block.0": {
    "l2_value": 0.0003604953526519239,
    "cosine_value": 0.0451543927192688,
    "shape": [
      1,
      512,
      128,
      128
    ],
    "method": "Both"
  },
  "decoder.up.2.block.1": {
    "l2_value": 0.000379158096620813,
    "cosine_value": 0.048897743225097656,
    "shape": [
      1,
      512,
      128,
      128
    ],
    "method": "Both"
  },
  "decoder.up.2.block.2": {
    "l2_value": 0.00033941722358576953,
    "cosine_value": 0.05893939733505249,
    "shape": [
      1,
      512,
      128,
      128
    ],
    "method": "Both"
  },
  "decoder.up.2.upsample": {
    "l2_value": 0.0005192242679186165,
    "cosine_value": 0.04879963397979736,
    "shape": [
      1,
      512,
      256,
      256
    ],
    "method": "Both"
  },
  "decoder.up.3.block.0": {
    "l2_value": 0.00021116183779668063,
    "cosine_value": 0.053864121437072754,
    "shape": [
      1,
      512,
      64,
      64
    ],
    "method": "Both"
  },
  "decoder.up.3.block.1": {
    "l2_value": 0.000224458533921279,
    "cosine_value": 0.05671054124832153,
    "shape": [
      1,
      512,
      64,
      64
    ],
    "method": "Both"
  },
  "decoder.up.3.block.2": {
    "l2_value": 0.0002087472239509225,
    "cosine_value": 0.06244075298309326,
    "shape": [
      1,
      512,
      64,
      64
    ],
    "method": "Both"
  },
  "decoder.up.3.upsample": {
    "l2_value": 0.00036131119122728705,
    "cosine_value": 0.050212323665618896,
    "shape": [
      1,
      512,
      128,
      128
    ],
    "method": "Both"
  },
  "decoder.conv_out": {
    "l2_value": 0.00015338838178043565,
    "cosine_value": 0.0368533730506897,
    "shape": [
      1,
      3,
      512,
      512
    ],
    "method": "Both"
  }
}