{
  "decoder.conv_in": {
    "l2_value": 0.0002648209920153022,
    "cosine_value": 0.22730416059494019,
    "shape": [
      1,
      512,
      64,
      64
    ],
    "method": "Both"
  },
  "decoder.mid.block_1": {
    "l2_value": 0.00032136065419763327,
    "cosine_value": 0.17179691791534424,
    "shape": [
      1,
      512,
      64,
      64
    ],
    "method": "Both"
  },
  "decoder.mid.attn_1": {
    "l2_value": 0.000322556181345135,
    "cosine_value": 0.15404653549194336,
    "shape": [
      1,
      512,
      64,
      64
    ],
    "method": "Both"
  },
  "decoder.mid.block_2": {
    "l2_value": 0.00034567355760373175,
    "cosine_value": 0.16010695695877075,
    "shape": [
      1,
      512,
      64,
      64
    ],
    "method": "Both"
  },
  "decoder.up.0.block.0": {
    "l2_value": 0.005105809774249792,
    "cosine_value": 0.6559359133243561,
    "shape": [
      1,
      128,
      512,
      512
    ],
    "method": "Both"
  },
  "decoder.up.0.block.1": {
    "l2_value": 0.006303616799414158,
    "cosine_value": 0.7182525992393494,
    "shape": [
      1,
      128,
      512,
      512
    ],
    "method": "Both"
  },
  "decoder.up.0.block.2": {
    "l2_value": 0.0076592969708144665,
    "cosine_value": 0.7605471312999725,
    "shape": [
      1,
      128,
      512,
      512
    ],
    "method": "Both"
  },
  "decoder.up.1.block.0": {
    "l2_value": 0.0008512208587490022,
    "cosine_value": 0.10768675804138184,
    "shape": [
      1,
      256,
      256,
      256
    ],
    "method": "Both"
  },
  "decoder.up.1.block.1": {
    "l2_value": 0.0008438208024017513,
    "cosine_value": 0.1045389175415039,
    "shape": [
      1,
      256,
      256,
      256
    ],
    "method": "Both"
  },
  "decoder.up.1.block.2": {
    "l2_value": 0.0007845569052733481,
    "cosine_value": 0.12147128582000732,
    "shape": [
      1,
      256,
      256,
      256
    ],
    "method": "Both"
  },
  "decoder.up.1.upsample": {
    "l2_value": 0.0011844468535855412,
    "cosine_value": 0.17419838905334473,
    "shape": [
      1,
      256,
      512,
      512
    ],
    "method": "Both"
  },
  "decoder.up.2.block.0": {
    "l2_value": 0.0006393292569555342,
    "cosine_value": 0.13143879175186157,
    "shape": [
      1,
      512,
      128,
      128
    ],
    "method": "Both"
  },
  "decoder.up.2.block.1": {
    "l2_value": 0.0006715298513881862,
    "cosine_value": 0.14311295747756958,
    "shape": [
      1,
      512,
      128,
      128
    ],
    "method": "Both"
  },
  "decoder.up.2.block.2": {
    "l2_value": 0.0006036405684426427,
    "cosine_value": 0.17013537883758545,
    "shape": [
      1,
      512,
      128,
      128
    ],
    "method": "Both"
  },
  "decoder.up.2.upsample": {
    "l2_value": 0.0009427588083781302,
    "cosine_value": 0.14619213342666626,
    "shape": [
      1,
      512,
      256,
      256
    ],
    "method": "Both"
  },
  "decoder.up.3.block.0": {
    "l2_value": 0.0003814996453002095,
    "cosine_value": 0.16735559701919556,
    "shape": [
      1,
      512,
      64,
      64
    ],
    "method": "Both"
  },
  "decoder.up.3.block.1": {
    "l2_value": 0.00039398492663167417,
    "cosine_value": 0.1657657027244568,
    "shape": [
      1,
      512,
      64,
      64
    ],
    "method": "Both"
  },
  "decoder.up.3.block.2": {
    "l2_value": 0.00036878956598229706,
    "cosine_value": 0.18230938911437988,
    "shape": [
      1,
      512,
      64,
      64
    ],
    "method": "Both"
  },
  "decoder.up.3.upsample": {
    "l2_value": 0.0006390711641870439,
    "cosine_value": 0.1451626420021057,
    "shape": [
      1,
      512,
      128,
      128
    ],
    "method": "Both"
  },
  "decoder.conv_out": {
    "l2_value": 0.0002490816793094079,
    "cosine_value": 0.0649980902671814,
    "shape": [
      1,
      3,
      512,
      512
    ],
    "method": "Both"
  }
}