{
  "decoder.conv_in": {
    "l2_value": 0.00021344113338273019,
    "cosine_value": 0.12127465009689331,
    "shape": [
      1,
      512,
      64,
      64
    ],
    "method": "Both"
  },
  "decoder.mid.block_1": {
    "l2_value": 0.00023658860300201923,
    "cosine_value": 0.0863274335861206,
    "shape": [
      1,
      512,
      64,
      64
    ],
    "method": "Both"
  },
  "decoder.mid.attn_1": {
    "l2_value": 0.00023296676226891577,
    "cosine_value": 0.07851308584213257,
    "shape": [
      1,
      512,
      64,
      64
    ],
    "method": "Both"
  },
  "decoder.mid.block_2": {
    "l2_value": 0.00025062731583602726,
    "cosine_value": 0.08176040649414062,
    "shape": [
      1,
      512,
      64,
      64
    ],
    "method": "Both"
  },
  "decoder.up.0.block.0": {
    "l2_value": 0.0009596315794624388,
    "cosine_value": 0.02113497257232666,
    "shape": [
      1,
      128,
      512,
      512
    ],
    "method": "Both"
  },
  "decoder.up.0.block.1": {
    "l2_value": 0.0009716633358038962,
    "cosine_value": 0.015874147415161133,
    "shape": [
      1,
      128,
      512,
      512
    ],
    "method": "Both"
  },
  "decoder.up.0.block.2": {
    "l2_value": 0.000995771144516766,
    "cosine_value": 0.012002646923065186,
    "shape": [
      1,
      128,
      512,
      512
    ],
    "method": "Both"
  },
  "decoder.up.1.block.0": {
    "l2_value": 0.0006415397510863841,
    "cosine_value": 0.06029278039932251,
    "shape": [
      1,
      256,
      256,
      256
    ],
    "method": "Both"
  },
  "decoder.up.1.block.1": {
    "l2_value": 0.0006540835602208972,
    "cosine_value": 0.06087040901184082,
    "shape": [
      1,
      256,
      256,
      256
    ],
    "method": "Both"
  },
  "decoder.up.1.block.2": {
    "l2_value": 0.000594701268710196,
    "cosine_value": 0.06502658128738403,
    "shape": [
      1,
      256,
      256,
      256
    ],
    "method": "Both"
  },
  "decoder.up.1.upsample": {
    "l2_value": 0.000648432644084096,
    "cosine_value": 0.04854029417037964,
    "shape": [
      1,
      256,
      512,
      512
    ],
    "method": "Both"
  },
  "decoder.up.2.block.0": {
    "l2_value": 0.00048728141700848937,
    "cosine_value": 0.0764041543006897,
    "shape": [
      1,
      512,
      128,
      128
    ],
    "method": "Both"
  },
  "decoder.up.2.block.1": {
    "l2_value": 0.000508716912008822,
    "cosine_value": 0.08105665445327759,
    "shape": [
      1,
      512,
      128,
      128
    ],
    "method": "Both"
  },
  "decoder.up.2.block.2": {
    "l2_value": 0.00046027961070649326,
    "cosine_value": 0.09544360637664795,
    "shape": [
      1,
      512,
      128,
      128
    ],
    "method": "Both"
  },
  "decoder.up.2.upsample": {
    "l2_value": 0.0007257583783939481,
    "cosine_value": 0.08229947090148926,
    "shape": [
      1,
      512,
      256,
      256
    ],
    "method": "Both"
  },
  "decoder.up.3.block.0": {
    "l2_value": 0.00028796499827876687,
    "cosine_value": 0.09264916181564331,
    "shape": [
      1,
      512,
      64,
      64
    ],
    "method": "Both"
  },
  "decoder.up.3.block.1": {
    "l2_value": 0.0003011945227626711,
    "cosine_value": 0.09463214874267578,
    "shape": [
      1,
      512,
      64,
      64
    ],
    "method": "Both"
  },
  "decoder.up.3.block.2": {
    "l2_value": 0.00028032902628183365,
    "cosine_value": 0.10179781913757324,
    "shape": [
      1,
      512,
      64,
      64
    ],
    "method": "Both"
  },
  "decoder.up.3.upsample": {
    "l2_value": 0.00048528899787925184,
    "cosine_value": 0.08418291807174683,
    "shape": [
      1,
      512,
      128,
      128
    ],
    "method": "Both"
  },
  "decoder.conv_out": {
    "l2_value": 0.00025111332070082426,
    "cosine_value": 0.07374697923660278,
    "shape": [
      1,
      3,
      512,
      512
    ],
    "method": "Both"
  }
}