{
  "decoder.conv_in": {
    "l2_value": 0.00022015527065377682,
    "cosine_value": 0.1463642716407776,
    "shape": [
      1,
      512,
      64,
      64
    ],
    "method": "Both"
  },
  "decoder.mid.block_1": {
    "l2_value": 0.0002702339261304587,
    "cosine_value": 0.12045246362686157,
    "shape": [
      1,
      512,
      64,
      64
    ],
    "method": "Both"
  },
  "decoder.mid.attn_1": {
    "l2_value": 0.0002621664316393435,
    "cosine_value": 0.1046181321144104,
    "shape": [
      1,
      512,
      64,
      64
    ],
    "method": "Both"
  },
  "decoder.mid.block_2": {
    "l2_value": 0.0002778799389488995,
    "cosine_value": 0.10616320371627808,
    "shape": [
      1,
      512,
      64,
      64
    ],
    "method": "Both"
  },
  "decoder.up.0.block.0": {
    "l2_value": 0.0037863817997276783,
    "cosine_value": 0.3414444923400879,
    "shape": [
      1,
      128,
      512,
      512
    ],
    "method": "Both"
  },
  "decoder.up.0.block.1": {
    "l2_value": 0.004627024754881859,
    "cosine_value": 0.36925822496414185,
    "shape": [
      1,
      128,
      512,
      512
    ],
    "method": "Both"
  },
  "decoder.up.0.block.2": {
    "l2_value": 0.005619133822619915,
    "cosine_value": 0.3896051049232483,
    "shape": [
      1,
      128,
      512,
      512
    ],
    "method": "Both"
  },
  "decoder.up.1.block.0": {
    "l2_value": 0.0007228306494653225,
    "cosine_value": 0.08063244819641113,
    "shape": [
      1,
      256,
      256,
      256
    ],
    "method": "Both"
  },
  "decoder.up.1.block.1": {
    "l2_value": 0.0007358615403063595,
    "cosine_value": 0.08090615272521973,
    "shape": [
      1,
      256,
      256,
      256
    ],
    "method": "Both"
  },
  "decoder.up.1.block.2": {
    "l2_value": 0.000687446678057313,
    "cosine_value": 0.09229123592376709,
    "shape": [
      1,
      256,
      256,
      256
    ],
    "method": "Both"
  },
  "decoder.up.1.upsample": {
    "l2_value": 0.0009582494385540485,
    "cosine_value": 0.11259239912033081,
    "shape": [
      1,
      256,
      512,
      512
    ],
    "method": "Both"
  },
  "decoder.up.2.block.0": {
    "l2_value": 0.0005371152656152844,
    "cosine_value": 0.09707599878311157,
    "shape": [
      1,
      512,
      128,
      128
    ],
    "method": "Both"
  },
  "decoder.up.2.block.1": {
    "l2_value": 0.0005660222377628088,
    "cosine_value": 0.10453140735626221,
    "shape": [
      1,
      512,
      128,
      128
    ],
    "method": "Both"
  },
  "decoder.up.2.block.2": {
    "l2_value": 0.0005144932656548917,
    "cosine_value": 0.12543588876724243,
    "shape": [
      1,
      512,
      128,
      128
    ],
    "method": "Both"
  },
  "decoder.up.2.upsample": {
    "l2_value": 0.0008042046101763844,
    "cosine_value": 0.10771262645721436,
    "shape": [
      1,
      512,
      256,
      256
    ],
    "method": "Both"
  },
  "decoder.up.3.block.0": {
    "l2_value": 0.00031737893004901707,
    "cosine_value": 0.11755681037902832,
    "shape": [
      1,
      512,
      64,
      64
    ],
    "method": "Both"
  },
  "decoder.up.3.block.1": {
    "l2_value": 0.0003293425834272057,
    "cosine_value": 0.11681675910949707,
    "shape": [
      1,
      512,
      64,
      64
    ],
    "method": "Both"
  },
  "decoder.up.3.block.2": {
    "l2_value": 0.00030754710314795375,
    "cosine_value": 0.12874853610992432,
    "shape": [
      1,
      512,
      64,
      64
    ],
    "method": "Both"
  },
  "decoder.up.3.upsample": {
    "l2_value": 0.00052918546134606,
    "cosine_value": 0.10433608293533325,
    "shape": [
      1,
      512,
      128,
      128
    ],
    "method": "Both"
  },
  "decoder.conv_out": {
    "l2_value": 0.0002474624391955634,
    "cosine_value": 0.06978118419647217,
    "shape": [
      1,
      3,
      512,
      512
    ],
    "method": "Both"
  }
}