{
  "decoder.conv_in": {
    "l2_value": 0.0004694053204730153,
    "cosine_value": 0.18339931964874268,
    "shape": [
      1,
      512,
      64,
      64
    ],
    "method": "Both"
  },
  "decoder.mid.block_1": {
    "l2_value": 0.0005059270188212395,
    "cosine_value": 0.21130120754241943,
    "shape": [
      1,
      512,
      64,
      64
    ],
    "method": "Both"
  },
  "decoder.mid.attn_1": {
    "l2_value": 0.0004951503942720592,
    "cosine_value": 0.2004716396331787,
    "shape": [
      1,
      512,
      64,
      64
    ],
    "method": "Both"
  },
  "decoder.mid.block_2": {
    "l2_value": 0.0005033438792452216,
    "cosine_value": 0.19303655624389648,
    "shape": [
      1,
      512,
      64,
      64
    ],
    "method": "Both"
  },
  "decoder.up.0.block.0": {
    "l2_value": 0.006664573680609465,
    "cosine_value": 0.5437658429145813,
    "shape": [
      1,
      128,
      512,
      512
    ],
    "method": "Both"
  },
  "decoder.up.0.block.1": {
    "l2_value": 0.007699618581682444,
    "cosine_value": 0.5798151791095734,
    "shape": [
      1,
      128,
      512,
      512
    ],
    "method": "Both"
  },
  "decoder.up.0.block.2": {
    "l2_value": 0.008907252922654152,
    "cosine_value": 0.6066779792308807,
    "shape": [
      1,
      128,
      512,
      512
    ],
    "method": "Both"
  },
  "decoder.up.1.block.0": {
    "l2_value": 0.0011633677640929818,
    "cosine_value": 0.136363685131073,
    "shape": [
      1,
      256,
      256,
      256
    ],
    "method": "Both"
  },
  "decoder.up.1.block.1": {
    "l2_value": 0.0011976063251495361,
    "cosine_value": 0.1460149884223938,
    "shape": [
      1,
      256,
      256,
      256
    ],
    "method": "Both"
  },
  "decoder.up.1.block.2": {
    "l2_value": 0.0011505309958010912,
    "cosine_value": 0.16030347347259521,
    "shape": [
      1,
      256,
      256,
      256
    ],
    "method": "Both"
  },
  "decoder.up.1.upsample": {
    "l2_value": 0.0019876144360750914,
    "cosine_value": 0.26140326261520386,
    "shape": [
      1,
      256,
      512,
      512
    ],
    "method": "Both"
  },
  "decoder.up.2.block.0": {
    "l2_value": 0.0008583416347391903,
    "cosine_value": 0.15204519033432007,
    "shape": [
      1,
      512,
      128,
      128
    ],
    "method": "Both"
  },
  "decoder.up.2.block.1": {
    "l2_value": 0.0008841441594995558,
    "cosine_value": 0.15103596448898315,
    "shape": [
      1,
      512,
      128,
      128
    ],
    "method": "Both"
  },
  "decoder.up.2.block.2": {
    "l2_value": 0.0007970565930008888,
    "cosine_value": 0.16148871183395386,
    "shape": [
      1,
      512,
      128,
      128
    ],
    "method": "Both"
  },
  "decoder.up.2.upsample": {
    "l2_value": 0.0012544863857328892,
    "cosine_value": 0.14437007904052734,
    "shape": [
      1,
      512,
      256,
      256
    ],
    "method": "Both"
  },
  "decoder.up.3.block.0": {
    "l2_value": 0.0005402941023930907,
    "cosine_value": 0.1949596405029297,
    "shape": [
      1,
      512,
      64,
      64
    ],
    "method": "Both"
  },
  "decoder.up.3.block.1": {
    "l2_value": 0.0005427217693068087,
    "cosine_value": 0.18921160697937012,
    "shape": [
      1,
      512,
      64,
      64
    ],
    "method": "Both"
  },
  "decoder.up.3.block.2": {
    "l2_value": 0.0004864981456194073,
    "cosine_value": 0.18527531623840332,
    "shape": [
      1,
      512,
      64,
      64
    ],
    "method": "Both"
  },
  "decoder.up.3.upsample": {
    "l2_value": 0.0008658073493279517,
    "cosine_value": 0.16159600019454956,
    "shape": [
      1,
      512,
      128,
      128
    ],
    "method": "Both"
  },
  "decoder.conv_out": {
    "l2_value": 0.0002449302701279521,
    "cosine_value": 0.06586223840713501,
    "shape": [
      1,
      3,
      512,
      512
    ],
    "method": "Both"
  }
}