{
  "decoder.conv_in": {
    "l2_value": 0.000235218190937303,
    "cosine_value": 0.1692599654197693,
    "shape": [
      1,
      512,
      64,
      64
    ],
    "method": "Both"
  },
  "decoder.mid.block_1": {
    "l2_value": 0.00026180321583524346,
    "cosine_value": 0.1240619421005249,
    "shape": [
      1,
      512,
      64,
      64
    ],
    "method": "Both"
  },
  "decoder.mid.attn_1": {
    "l2_value": 0.00026201107539236546,
    "cosine_value": 0.1093146800994873,
    "shape": [
      1,
      512,
      64,
      64
    ],
    "method": "Both"
  },
  "decoder.mid.block_2": {
    "l2_value": 0.0002789688587654382,
    "cosine_value": 0.11198627948760986,
    "shape": [
      1,
      512,
      64,
      64
    ],
    "method": "Both"
  },
  "decoder.up.0.block.0": {
    "l2_value": 0.0009908631909638643,
    "cosine_value": 0.022774577140808105,
    "shape": [
      1,
      128,
      512,
      512
    ],
    "method": "Both"
  },
  "decoder.up.0.block.1": {
    "l2_value": 0.0010368219809606671,
    "cosine_value": 0.018085777759552002,
    "shape": [
      1,
      128,
      512,
      512
    ],
    "method": "Both"
  },
  "decoder.up.0.block.2": {
    "l2_value": 0.0010977918282151222,
    "cosine_value": 0.014475226402282715,
    "shape": [
      1,
      128,
      512,
      512
    ],
    "method": "Both"
  },
  "decoder.up.1.block.0": {
    "l2_value": 0.000713349028956145,
    "cosine_value": 0.08711600303649902,
    "shape": [
      1,
      256,
      256,
      256
    ],
    "method": "Both"
  },
  "decoder.up.1.block.1": {
    "l2_value": 0.0007254266529344022,
    "cosine_value": 0.0877465009689331,
    "shape": [
      1,
      256,
      256,
      256
    ],
    "method": "Both"
  },
  "decoder.up.1.block.2": {
    "l2_value": 0.0006436207913793623,
    "cosine_value": 0.09367591142654419,
    "shape": [
      1,
      256,
      256,
      256
    ],
    "method": "Both"
  },
  "decoder.up.1.upsample": {
    "l2_value": 0.0006921158055774868,
    "cosine_value": 0.06500720977783203,
    "shape": [
      1,
      256,
      512,
      512
    ],
    "method": "Both"
  },
  "decoder.up.2.block.0": {
    "l2_value": 0.0005468796589411795,
    "cosine_value": 0.10621023178100586,
    "shape": [
      1,
      512,
      128,
      128
    ],
    "method": "Both"
  },
  "decoder.up.2.block.1": {
    "l2_value": 0.0005754089797846973,
    "cosine_value": 0.11444121599197388,
    "shape": [
      1,
      512,
      128,
      128
    ],
    "method": "Both"
  },
  "decoder.up.2.block.2": {
    "l2_value": 0.0005161911249160767,
    "cosine_value": 0.13965600728988647,
    "shape": [
      1,
      512,
      128,
      128
    ],
    "method": "Both"
  },
  "decoder.up.2.upsample": {
    "l2_value": 0.0008116233511827886,
    "cosine_value": 0.11967188119888306,
    "shape": [
      1,
      512,
      256,
      256
    ],
    "method": "Both"
  },
  "decoder.up.3.block.0": {
    "l2_value": 0.0003202217922080308,
    "cosine_value": 0.1251152753829956,
    "shape": [
      1,
      512,
      64,
      64
    ],
    "method": "Both"
  },
  "decoder.up.3.block.1": {
    "l2_value": 0.00033642604830674827,
    "cosine_value": 0.12824523448944092,
    "shape": [
      1,
      512,
      64,
      64
    ],
    "method": "Both"
  },
  "decoder.up.3.block.2": {
    "l2_value": 0.00031197708449326456,
    "cosine_value": 0.14250987768173218,
    "shape": [
      1,
      512,
      64,
      64
    ],
    "method": "Both"
  },
  "decoder.up.3.upsample": {
    "l2_value": 0.0005441277753561735,
    "cosine_value": 0.11567050218582153,
    "shape": [
      1,
      512,
      128,
      128
    ],
    "method": "Both"
  },
  "decoder.conv_out": {
    "l2_value": 0.0002122976390334467,
    "cosine_value": 0.10336452722549438,
    "shape": [
      1,
      3,
      512,
      512
    ],
    "method": "Both"
  }
}