{
  "decoder.conv_in": {
    "l2_value": 0.0002695170696824789,
    "cosine_value": 0.24536776542663574,
    "shape": [
      1,
      512,
      64,
      64
    ],
    "method": "Both"
  },
  "decoder.mid.block_1": {
    "l2_value": 0.0003022145538125187,
    "cosine_value": 0.15741074085235596,
    "shape": [
      1,
      512,
      64,
      64
    ],
    "method": "Both"
  },
  "decoder.mid.attn_1": {
    "l2_value": 0.00030203245114535093,
    "cosine_value": 0.1432509422302246,
    "shape": [
      1,
      512,
      64,
      64
    ],
    "method": "Both"
  },
  "decoder.mid.block_2": {
    "l2_value": 0.0003206240653526038,
    "cosine_value": 0.14755797386169434,
    "shape": [
      1,
      512,
      64,
      64
    ],
    "method": "Both"
  },
  "decoder.up.0.block.0": {
    "l2_value": 0.002642103936523199,
    "cosine_value": 0.1686360239982605,
    "shape": [
      1,
      128,
      512,
      512
    ],
    "method": "Both"
  },
  "decoder.up.0.block.1": {
    "l2_value": 0.003150900127366185,
    "cosine_value": 0.17366057634353638,
    "shape": [
      1,
      128,
      512,
      512
    ],
    "method": "Both"
  },
  "decoder.up.0.block.2": {
    "l2_value": 0.0037699632812291384,
    "cosine_value": 0.17738527059555054,
    "shape": [
      1,
      128,
      512,
      512
    ],
    "method": "Both"
  },
  "decoder.up.1.block.0": {
    "l2_value": 0.0008019579108804464,
    "cosine_value": 0.10667669773101807,
    "shape": [
      1,
      256,
      256,
      256
    ],
    "method": "Both"
  },
  "decoder.up.1.block.1": {
    "l2_value": 0.0008083521970547736,
    "cosine_value": 0.10629308223724365,
    "shape": [
      1,
      256,
      256,
      256
    ],
    "method": "Both"
  },
  "decoder.up.1.block.2": {
    "l2_value": 0.0007211871561594307,
    "cosine_value": 0.11256521940231323,
    "shape": [
      1,
      256,
      256,
      256
    ],
    "method": "Both"
  },
  "decoder.up.1.upsample": {
    "l2_value": 0.0008819675422273576,
    "cosine_value": 0.10408854484558105,
    "shape": [
      1,
      256,
      512,
      512
    ],
    "method": "Both"
  },
  "decoder.up.2.block.0": {
    "l2_value": 0.000618854770436883,
    "cosine_value": 0.13248592615127563,
    "shape": [
      1,
      512,
      128,
      128
    ],
    "method": "Both"
  },
  "decoder.up.2.block.1": {
    "l2_value": 0.0006552236154675484,
    "cosine_value": 0.14435017108917236,
    "shape": [
      1,
      512,
      128,
      128
    ],
    "method": "Both"
  },
  "decoder.up.2.block.2": {
    "l2_value": 0.0005862324615009129,
    "cosine_value": 0.17341840267181396,
    "shape": [
      1,
      512,
      128,
      128
    ],
    "method": "Both"
  },
  "decoder.up.2.upsample": {
    "l2_value": 0.0009067138889804482,
    "cosine_value": 0.14679408073425293,
    "shape": [
      1,
      512,
      256,
      256
    ],
    "method": "Both"
  },
  "decoder.up.3.block.0": {
    "l2_value": 0.000367140572052449,
    "cosine_value": 0.16360324621200562,
    "shape": [
      1,
      512,
      64,
      64
    ],
    "method": "Both"
  },
  "decoder.up.3.block.1": {
    "l2_value": 0.0003889989748131484,
    "cosine_value": 0.16917240619659424,
    "shape": [
      1,
      512,
      64,
      64
    ],
    "method": "Both"
  },
  "decoder.up.3.block.2": {
    "l2_value": 0.00036316103069111705,
    "cosine_value": 0.18741297721862793,
    "shape": [
      1,
      512,
      64,
      64
    ],
    "method": "Both"
  },
  "decoder.up.3.upsample": {
    "l2_value": 0.0006225829711183906,
    "cosine_value": 0.14774876832962036,
    "shape": [
      1,
      512,
      128,
      128
    ],
    "method": "Both"
  },
  "decoder.conv_out": {
    "l2_value": 0.00022317026741802692,
    "cosine_value": 0.08056467771530151,
    "shape": [
      1,
      3,
      512,
      512
    ],
    "method": "Both"
  }
}