{
  "decoder.conv_in": {
    "l2_value": 0.0004992947215214372,
    "cosine_value": 0.2447095513343811,
    "shape": [
      1,
      512,
      64,
      64
    ],
    "method": "Both"
  },
  "decoder.mid.block_1": {
    "l2_value": 0.0004681370046455413,
    "cosine_value": 0.20322465896606445,
    "shape": [
      1,
      512,
      64,
      64
    ],
    "method": "Both"
  },
  "decoder.mid.attn_1": {
    "l2_value": 0.0004672532086260617,
    "cosine_value": 0.1920108199119568,
    "shape": [
      1,
      512,
      64,
      64
    ],
    "method": "Both"
  },
  "decoder.mid.block_2": {
    "l2_value": 0.000486315053422004,
    "cosine_value": 0.1930522322654724,
    "shape": [
      1,
      512,
      64,
      64
    ],
    "method": "Both"
  },
  "decoder.up.0.block.0": {
    "l2_value": 0.0028985615354031324,
    "cosine_value": 0.10666155815124512,
    "shape": [
      1,
      128,
      512,
      512
    ],
    "method": "Both"
  },
  "decoder.up.0.block.1": {
    "l2_value": 0.0032556287478655577,
    "cosine_value": 0.1070982813835144,
    "shape": [
      1,
      128,
      512,
      512
    ],
    "method": "Both"
  },
  "decoder.up.0.block.2": {
    "l2_value": 0.00368009926751256,
    "cosine_value": 0.10681027173995972,
    "shape": [
      1,
      128,
      512,
      512
    ],
    "method": "Both"
  },
  "decoder.up.1.block.0": {
    "l2_value": 0.0010085194371640682,
    "cosine_value": 0.11618483066558838,
    "shape": [
      1,
      256,
      256,
      256
    ],
    "method": "Both"
  },
  "decoder.up.1.block.1": {
    "l2_value": 0.0010411370312795043,
    "cosine_value": 0.1260126233100891,
    "shape": [
      1,
      256,
      256,
      256
    ],
    "method": "Both"
  },
  "decoder.up.1.block.2": {
    "l2_value": 0.0009673524764366448,
    "cosine_value": 0.13200998306274414,
    "shape": [
      1,
      256,
      256,
      256
    ],
    "method": "Both"
  },
  "decoder.up.1.upsample": {
    "l2_value": 0.0012466374319046736,
    "cosine_value": 0.11827284097671509,
    "shape": [
      1,
      256,
      512,
      512
    ],
    "method": "Both"
  },
  "decoder.up.2.block.0": {
    "l2_value": 0.0008656828431412578,
    "cosine_value": 0.16508203744888306,
    "shape": [
      1,
      512,
      128,
      128
    ],
    "method": "Both"
  },
  "decoder.up.2.block.1": {
    "l2_value": 0.0009058332070708275,
    "cosine_value": 0.17056620121002197,
    "shape": [
      1,
      512,
      128,
      128
    ],
    "method": "Both"
  },
  "decoder.up.2.block.2": {
    "l2_value": 0.0008044932619668543,
    "cosine_value": 0.18528693914413452,
    "shape": [
      1,
      512,
      128,
      128
    ],
    "method": "Both"
  },
  "decoder.up.2.upsample": {
    "l2_value": 0.0012014689855277538,
    "cosine_value": 0.15201812982559204,
    "shape": [
      1,
      512,
      256,
      256
    ],
    "method": "Both"
  },
  "decoder.up.3.block.0": {
    "l2_value": 0.0005402908427640796,
    "cosine_value": 0.20862090587615967,
    "shape": [
      1,
      512,
      64,
      64
    ],
    "method": "Both"
  },
  "decoder.up.3.block.1": {
    "l2_value": 0.0005687397788278759,
    "cosine_value": 0.22299641370773315,
    "shape": [
      1,
      512,
      64,
      64
    ],
    "method": "Both"
  },
  "decoder.up.3.block.2": {
    "l2_value": 0.0005086904857307673,
    "cosine_value": 0.22071927785873413,
    "shape": [
      1,
      512,
      64,
      64
    ],
    "method": "Both"
  },
  "decoder.up.3.upsample": {
    "l2_value": 0.0008820954244583845,
    "cosine_value": 0.1789722442626953,
    "shape": [
      1,
      512,
      128,
      128
    ],
    "method": "Both"
  },
  "decoder.conv_out": {
    "l2_value": 0.0002192895432623724,
    "cosine_value": 0.0757787823677063,
    "shape": [
      1,
      3,
      512,
      512
    ],
    "method": "Both"
  }
}