{
  "decoder.conv_in": {
    "l2_value": 0.0002621613966766745,
    "cosine_value": 0.21756750345230103,
    "shape": [
      1,
      512,
      64,
      64
    ],
    "method": "Both"
  },
  "decoder.mid.block_1": {
    "l2_value": 0.0003160115738864988,
    "cosine_value": 0.1667344570159912,
    "shape": [
      1,
      512,
      64,
      64
    ],
    "method": "Both"
  },
  "decoder.mid.attn_1": {
    "l2_value": 0.00030437082750722766,
    "cosine_value": 0.14123296737670898,
    "shape": [
      1,
      512,
      64,
      64
    ],
    "method": "Both"
  },
  "decoder.mid.block_2": {
    "l2_value": 0.00032078928779810667,
    "cosine_value": 0.14028936624526978,
    "shape": [
      1,
      512,
      64,
      64
    ],
    "method": "Both"
  },
  "decoder.up.0.block.0": {
    "l2_value": 0.0013897016178816557,
    "cosine_value": 0.04576355218887329,
    "shape": [
      1,
      128,
      512,
      512
    ],
    "method": "Both"
  },
  "decoder.up.0.block.1": {
    "l2_value": 0.0014594789827242494,
    "cosine_value": 0.036706507205963135,
    "shape": [
      1,
      128,
      512,
      512
    ],
    "method": "Both"
  },
  "decoder.up.0.block.2": {
    "l2_value": 0.001557368435896933,
    "cosine_value": 0.030120432376861572,
    "shape": [
      1,
      128,
      512,
      512
    ],
    "method": "Both"
  },
  "decoder.up.1.block.0": {
    "l2_value": 0.0008288954268209636,
    "cosine_value": 0.10293912887573242,
    "shape": [
      1,
      256,
      256,
      256
    ],
    "method": "Both"
  },
  "decoder.up.1.block.1": {
    "l2_value": 0.0008388505084440112,
    "cosine_value": 0.10218244791030884,
    "shape": [
      1,
      256,
      256,
      256
    ],
    "method": "Both"
  },
  "decoder.up.1.block.2": {
    "l2_value": 0.0007632072665728629,
    "cosine_value": 0.11005371809005737,
    "shape": [
      1,
      256,
      256,
      256
    ],
    "method": "Both"
  },
  "decoder.up.1.upsample": {
    "l2_value": 0.0008620800799690187,
    "cosine_value": 0.08773857355117798,
    "shape": [
      1,
      256,
      512,
      512
    ],
    "method": "Both"
  },
  "decoder.up.2.block.0": {
    "l2_value": 0.0006205929676070809,
    "cosine_value": 0.12864536046981812,
    "shape": [
      1,
      512,
      128,
      128
    ],
    "method": "Both"
  },
  "decoder.up.2.block.1": {
    "l2_value": 0.0006497486028820276,
    "cosine_value": 0.13702911138534546,
    "shape": [
      1,
      512,
      128,
      128
    ],
    "method": "Both"
  },
  "decoder.up.2.block.2": {
    "l2_value": 0.0005911357002332807,
    "cosine_value": 0.16457080841064453,
    "shape": [
      1,
      512,
      128,
      128
    ],
    "method": "Both"
  },
  "decoder.up.2.upsample": {
    "l2_value": 0.0009263071115128696,
    "cosine_value": 0.14138031005859375,
    "shape": [
      1,
      512,
      256,
      256
    ],
    "method": "Both"
  },
  "decoder.up.3.block.0": {
    "l2_value": 0.0003635991597548127,
    "cosine_value": 0.15379244089126587,
    "shape": [
      1,
      512,
      64,
      64
    ],
    "method": "Both"
  },
  "decoder.up.3.block.1": {
    "l2_value": 0.0003797366516664624,
    "cosine_value": 0.15637868642807007,
    "shape": [
      1,
      512,
      64,
      64
    ],
    "method": "Both"
  },
  "decoder.up.3.block.2": {
    "l2_value": 0.0003560617915354669,
    "cosine_value": 0.1727336049079895,
    "shape": [
      1,
      512,
      64,
      64
    ],
    "method": "Both"
  },
  "decoder.up.3.upsample": {
    "l2_value": 0.0006163622601889074,
    "cosine_value": 0.14062464237213135,
    "shape": [
      1,
      512,
      128,
      128
    ],
    "method": "Both"
  },
  "decoder.conv_out": {
    "l2_value": 0.00027850000575805706,
    "cosine_value": 0.06813704967498779,
    "shape": [
      1,
      3,
      512,
      512
    ],
    "method": "Both"
  }
}