{
  "decoder.conv_in": {
    "l2_value": 0.0005166163318790495,
    "cosine_value": 0.2175389528274536,
    "shape": [
      1,
      512,
      64,
      64
    ],
    "method": "Both"
  },
  "decoder.mid.block_1": {
    "l2_value": 0.0005115223466418684,
    "cosine_value": 0.21179348230361938,
    "shape": [
      1,
      512,
      64,
      64
    ],
    "method": "Both"
  },
  "decoder.mid.attn_1": {
    "l2_value": 0.0005003618425689638,
    "cosine_value": 0.19793444871902466,
    "shape": [
      1,
      512,
      64,
      64
    ],
    "method": "Both"
  },
  "decoder.mid.block_2": {
    "l2_value": 0.000515674939379096,
    "cosine_value": 0.19486600160598755,
    "shape": [
      1,
      512,
      64,
      64
    ],
    "method": "Both"
  },
  "decoder.up.0.block.0": {
    "l2_value": 0.0023196882102638483,
    "cosine_value": 0.06557279825210571,
    "shape": [
      1,
      128,
      512,
      512
    ],
    "method": "Both"
  },
  "decoder.up.0.block.1": {
    "l2_value": 0.002460637828335166,
    "cosine_value": 0.05971336364746094,
    "shape": [
      1,
      128,
      512,
      512
    ],
    "method": "Both"
  },
  "decoder.up.0.block.2": {
    "l2_value": 0.0026061281096190214,
    "cosine_value": 0.05262899398803711,
    "shape": [
      1,
      128,
      512,
      512
    ],
    "method": "Both"
  },
  "decoder.up.1.block.0": {
    "l2_value": 0.001182738458737731,
    "cosine_value": 0.1293696165084839,
    "shape": [
      1,
      256,
      256,
      256
    ],
    "method": "Both"
  },
  "decoder.up.1.block.1": {
    "l2_value": 0.0012070838129147887,
    "cosine_value": 0.13680005073547363,
    "shape": [
      1,
      256,
      256,
      256
    ],
    "method": "Both"
  },
  "decoder.up.1.block.2": {
    "l2_value": 0.0011344269150868058,
    "cosine_value": 0.1427249312400818,
    "shape": [
      1,
      256,
      256,
      256
    ],
    "method": "Both"
  },
  "decoder.up.1.upsample": {
    "l2_value": 0.001407031319104135,
    "cosine_value": 0.12420815229415894,
    "shape": [
      1,
      256,
      512,
      512
    ],
    "method": "Both"
  },
  "decoder.up.2.block.0": {
    "l2_value": 0.0009324009297415614,
    "cosine_value": 0.17092281579971313,
    "shape": [
      1,
      512,
      128,
      128
    ],
    "method": "Both"
  },
  "decoder.up.2.block.1": {
    "l2_value": 0.0009621450444683433,
    "cosine_value": 0.1713208556175232,
    "shape": [
      1,
      512,
      128,
      128
    ],
    "method": "Both"
  },
  "decoder.up.2.block.2": {
    "l2_value": 0.0008672622498124838,
    "cosine_value": 0.18142497539520264,
    "shape": [
      1,
      512,
      128,
      128
    ],
    "method": "Both"
  },
  "decoder.up.2.upsample": {
    "l2_value": 0.001354534411802888,
    "cosine_value": 0.15885597467422485,
    "shape": [
      1,
      512,
      256,
      256
    ],
    "method": "Both"
  },
  "decoder.up.3.block.0": {
    "l2_value": 0.0005565619212575257,
    "cosine_value": 0.2012341022491455,
    "shape": [
      1,
      512,
      64,
      64
    ],
    "method": "Both"
  },
  "decoder.up.3.block.1": {
    "l2_value": 0.000580254418309778,
    "cosine_value": 0.21072334051132202,
    "shape": [
      1,
      512,
      64,
      64
    ],
    "method": "Both"
  },
  "decoder.up.3.block.2": {
    "l2_value": 0.0005298375617712736,
    "cosine_value": 0.21089643239974976,
    "shape": [
      1,
      512,
      64,
      64
    ],
    "method": "Both"
  },
  "decoder.up.3.upsample": {
    "l2_value": 0.0009482635650783777,
    "cosine_value": 0.183984637260437,
    "shape": [
      1,
      512,
      128,
      128
    ],
    "method": "Both"
  },
  "decoder.conv_out": {
    "l2_value": 0.00027664785739034414,
    "cosine_value": 0.0631101131439209,
    "shape": [
      1,
      3,
      512,
      512
    ],
    "method": "Both"
  }
}