{
  "decoder.conv_in": {
    "l2_value": 0.00025350821670144796,
    "cosine_value": 0.23327124118804932,
    "shape": [
      1,
      512,
      64,
      64
    ],
    "method": "Both"
  },
  "decoder.mid.block_1": {
    "l2_value": 0.00029722548788413405,
    "cosine_value": 0.16340625286102295,
    "shape": [
      1,
      512,
      64,
      64
    ],
    "method": "Both"
  },
  "decoder.mid.attn_1": {
    "l2_value": 0.00029517614166252315,
    "cosine_value": 0.14115768671035767,
    "shape": [
      1,
      512,
      64,
      64
    ],
    "method": "Both"
  },
  "decoder.mid.block_2": {
    "l2_value": 0.00030567325302399695,
    "cosine_value": 0.13934308290481567,
    "shape": [
      1,
      512,
      64,
      64
    ],
    "method": "Both"
  },
  "decoder.up.0.block.0": {
    "l2_value": 0.003852216526865959,
    "cosine_value": 0.3356574773788452,
    "shape": [
      1,
      128,
      512,
      512
    ],
    "method": "Both"
  },
  "decoder.up.0.block.1": {
    "l2_value": 0.004584450740367174,
    "cosine_value": 0.3443639278411865,
    "shape": [
      1,
      128,
      512,
      512
    ],
    "method": "Both"
  },
  "decoder.up.0.block.2": {
    "l2_value": 0.005458554718643427,
    "cosine_value": 0.3485417366027832,
    "shape": [
      1,
      128,
      512,
      512
    ],
    "method": "Both"
  },
  "decoder.up.1.block.0": {
    "l2_value": 0.0007938391645438969,
    "cosine_value": 0.1128840446472168,
    "shape": [
      1,
      256,
      256,
      256
    ],
    "method": "Both"
  },
  "decoder.up.1.block.1": {
    "l2_value": 0.0008058659150265157,
    "cosine_value": 0.11307978630065918,
    "shape": [
      1,
      256,
      256,
      256
    ],
    "method": "Both"
  },
  "decoder.up.1.block.2": {
    "l2_value": 0.0007471442222595215,
    "cosine_value": 0.1336205005645752,
    "shape": [
      1,
      256,
      256,
      256
    ],
    "method": "Both"
  },
  "decoder.up.1.upsample": {
    "l2_value": 0.001067118952050805,
    "cosine_value": 0.16169804334640503,
    "shape": [
      1,
      256,
      512,
      512
    ],
    "method": "Both"
  },
  "decoder.up.2.block.0": {
    "l2_value": 0.0005801751394756138,
    "cosine_value": 0.12293559312820435,
    "shape": [
      1,
      512,
      128,
      128
    ],
    "method": "Both"
  },
  "decoder.up.2.block.1": {
    "l2_value": 0.0006049218354746699,
    "cosine_value": 0.13142836093902588,
    "shape": [
      1,
      512,
      128,
      128
    ],
    "method": "Both"
  },
  "decoder.up.2.block.2": {
    "l2_value": 0.0005470411852002144,
    "cosine_value": 0.16648095846176147,
    "shape": [
      1,
      512,
      128,
      128
    ],
    "method": "Both"
  },
  "decoder.up.2.upsample": {
    "l2_value": 0.0008646866772323847,
    "cosine_value": 0.14744770526885986,
    "shape": [
      1,
      512,
      256,
      256
    ],
    "method": "Both"
  },
  "decoder.up.3.block.0": {
    "l2_value": 0.0003448741917964071,
    "cosine_value": 0.15017056465148926,
    "shape": [
      1,
      512,
      64,
      64
    ],
    "method": "Both"
  },
  "decoder.up.3.block.1": {
    "l2_value": 0.00035630507045425475,
    "cosine_value": 0.14989405870437622,
    "shape": [
      1,
      512,
      64,
      64
    ],
    "method": "Both"
  },
  "decoder.up.3.block.2": {
    "l2_value": 0.0003323879500385374,
    "cosine_value": 0.1679813265800476,
    "shape": [
      1,
      512,
      64,
      64
    ],
    "method": "Both"
  },
  "decoder.up.3.upsample": {
    "l2_value": 0.0005802384112030268,
    "cosine_value": 0.13702303171157837,
    "shape": [
      1,
      512,
      128,
      128
    ],
    "method": "Both"
  },
  "decoder.conv_out": {
    "l2_value": 0.0002874092509349187,
    "cosine_value": 0.2609308958053589,
    "shape": [
      1,
      3,
      512,
      512
    ],
    "method": "Both"
  }
}