{
  "decoder.conv_in": {
    "l2_value": 0.0004999497905373573,
    "cosine_value": 0.2727329134941101,
    "shape": [
      1,
      512,
      64,
      64
    ],
    "method": "Both"
  },
  "decoder.mid.block_1": {
    "l2_value": 0.0005385810509324074,
    "cosine_value": 0.28981250524520874,
    "shape": [
      1,
      512,
      64,
      64
    ],
    "method": "Both"
  },
  "decoder.mid.attn_1": {
    "l2_value": 0.0005343584343791008,
    "cosine_value": 0.2734987139701843,
    "shape": [
      1,
      512,
      64,
      64
    ],
    "method": "Both"
  },
  "decoder.mid.block_2": {
    "l2_value": 0.0005310580017976463,
    "cosine_value": 0.25317782163619995,
    "shape": [
      1,
      512,
      64,
      64
    ],
    "method": "Both"
  },
  "decoder.up.0.block.0": {
    "l2_value": 0.006784297991544008,
    "cosine_value": 0.5339847803115845,
    "shape": [
      1,
      128,
      512,
      512
    ],
    "method": "Both"
  },
  "decoder.up.0.block.1": {
    "l2_value": 0.007690872065722942,
    "cosine_value": 0.5434665679931641,
    "shape": [
      1,
      128,
      512,
      512
    ],
    "method": "Both"
  },
  "decoder.up.0.block.2": {
    "l2_value": 0.00873575545847416,
    "cosine_value": 0.5495775938034058,
    "shape": [
      1,
      128,
      512,
      512
    ],
    "method": "Both"
  },
  "decoder.up.1.block.0": {
    "l2_value": 0.001235014759004116,
    "cosine_value": 0.20165151357650757,
    "shape": [
      1,
      256,
      256,
      256
    ],
    "method": "Both"
  },
  "decoder.up.1.block.1": {
    "l2_value": 0.0012716046767309308,
    "cosine_value": 0.2177477478981018,
    "shape": [
      1,
      256,
      256,
      256
    ],
    "method": "Both"
  },
  "decoder.up.1.block.2": {
    "l2_value": 0.001220517442561686,
    "cosine_value": 0.25107675790786743,
    "shape": [
      1,
      256,
      256,
      256
    ],
    "method": "Both"
  },
  "decoder.up.1.upsample": {
    "l2_value": 0.002139641437679529,
    "cosine_value": 0.36089521646499634,
    "shape": [
      1,
      256,
      512,
      512
    ],
    "method": "Both"
  },
  "decoder.up.2.block.0": {
    "l2_value": 0.0009090611129067838,
    "cosine_value": 0.202289879322052,
    "shape": [
      1,
      512,
      128,
      128
    ],
    "method": "Both"
  },
  "decoder.up.2.block.1": {
    "l2_value": 0.0009320190874859691,
    "cosine_value": 0.20005685091018677,
    "shape": [
      1,
      512,
      128,
      128
    ],
    "method": "Both"
  },
  "decoder.up.2.block.2": {
    "l2_value": 0.0008346075774170458,
    "cosine_value": 0.23005884885787964,
    "shape": [
      1,
      512,
      128,
      128
    ],
    "method": "Both"
  },
  "decoder.up.2.upsample": {
    "l2_value": 0.0013113711029291153,
    "cosine_value": 0.20930856466293335,
    "shape": [
      1,
      512,
      256,
      256
    ],
    "method": "Both"
  },
  "decoder.up.3.block.0": {
    "l2_value": 0.0005716106970794499,
    "cosine_value": 0.25289231538772583,
    "shape": [
      1,
      512,
      64,
      64
    ],
    "method": "Both"
  },
  "decoder.up.3.block.1": {
    "l2_value": 0.0005733163561671972,
    "cosine_value": 0.2488386631011963,
    "shape": [
      1,
      512,
      64,
      64
    ],
    "method": "Both"
  },
  "decoder.up.3.block.2": {
    "l2_value": 0.0005116643733344972,
    "cosine_value": 0.2507140040397644,
    "shape": [
      1,
      512,
      64,
      64
    ],
    "method": "Both"
  },
  "decoder.up.3.upsample": {
    "l2_value": 0.0009169908007606864,
    "cosine_value": 0.21722829341888428,
    "shape": [
      1,
      512,
      128,
      128
    ],
    "method": "Both"
  },
  "decoder.conv_out": {
    "l2_value": 0.0002855612547136843,
    "cosine_value": 0.25372570753097534,
    "shape": [
      1,
      3,
      512,
      512
    ],
    "method": "Both"
  }
}