{
  "decoder.conv_in": {
    "l2_value": 0.0004831387777812779,
    "cosine_value": 0.1934281587600708,
    "shape": [
      1,
      512,
      64,
      64
    ],
    "method": "Both"
  },
  "decoder.mid.block_1": {
    "l2_value": 0.0004603038833010942,
    "cosine_value": 0.17469143867492676,
    "shape": [
      1,
      512,
      64,
      64
    ],
    "method": "Both"
  },
  "decoder.mid.attn_1": {
    "l2_value": 0.00045477543608285487,
    "cosine_value": 0.16639548540115356,
    "shape": [
      1,
      512,
      64,
      64
    ],
    "method": "Both"
  },
  "decoder.mid.block_2": {
    "l2_value": 0.0004719470744021237,
    "cosine_value": 0.1678714156150818,
    "shape": [
      1,
      512,
      64,
      64
    ],
    "method": "Both"
  },
  "decoder.up.0.block.0": {
    "l2_value": 0.0018940526060760021,
    "cosine_value": 0.044542908668518066,
    "shape": [
      1,
      128,
      512,
      512
    ],
    "method": "Both"
  },
  "decoder.up.0.block.1": {
    "l2_value": 0.0019724236335605383,
    "cosine_value": 0.038284897804260254,
    "shape": [
      1,
      128,
      512,
      512
    ],
    "method": "Both"
  },
  "decoder.up.0.block.2": {
    "l2_value": 0.0020610445644706488,
    "cosine_value": 0.032481491565704346,
    "shape": [
      1,
      128,
      512,
      512
    ],
    "method": "Both"
  },
  "decoder.up.1.block.0": {
    "l2_value": 0.0010420359903946519,
    "cosine_value": 0.11156570911407471,
    "shape": [
      1,
      256,
      256,
      256
    ],
    "method": "Both"
  },
  "decoder.up.1.block.1": {
    "l2_value": 0.0010720306308940053,
    "cosine_value": 0.11978018283843994,
    "shape": [
      1,
      256,
      256,
      256
    ],
    "method": "Both"
  },
  "decoder.up.1.block.2": {
    "l2_value": 0.001009655767120421,
    "cosine_value": 0.12729722261428833,
    "shape": [
      1,
      256,
      256,
      256
    ],
    "method": "Both"
  },
  "decoder.up.1.upsample": {
    "l2_value": 0.0012091314420104027,
    "cosine_value": 0.10026085376739502,
    "shape": [
      1,
      256,
      512,
      512
    ],
    "method": "Both"
  },
  "decoder.up.2.block.0": {
    "l2_value": 0.0008497044909745455,
    "cosine_value": 0.1491793990135193,
    "shape": [
      1,
      512,
      128,
      128
    ],
    "method": "Both"
  },
  "decoder.up.2.block.1": {
    "l2_value": 0.0008761843200773001,
    "cosine_value": 0.15027445554733276,
    "shape": [
      1,
      512,
      128,
      128
    ],
    "method": "Both"
  },
  "decoder.up.2.block.2": {
    "l2_value": 0.0007851363625377417,
    "cosine_value": 0.1615336537361145,
    "shape": [
      1,
      512,
      128,
      128
    ],
    "method": "Both"
  },
  "decoder.up.2.upsample": {
    "l2_value": 0.0012144803768023849,
    "cosine_value": 0.13858038187026978,
    "shape": [
      1,
      512,
      256,
      256
    ],
    "method": "Both"
  },
  "decoder.up.3.block.0": {
    "l2_value": 0.000515833031386137,
    "cosine_value": 0.17751222848892212,
    "shape": [
      1,
      512,
      64,
      64
    ],
    "method": "Both"
  },
  "decoder.up.3.block.1": {
    "l2_value": 0.0005380463553592563,
    "cosine_value": 0.18745827674865723,
    "shape": [
      1,
      512,
      64,
      64
    ],
    "method": "Both"
  },
  "decoder.up.3.block.2": {
    "l2_value": 0.00048734742449596524,
    "cosine_value": 0.18783551454544067,
    "shape": [
      1,
      512,
      64,
      64
    ],
    "method": "Both"
  },
  "decoder.up.3.upsample": {
    "l2_value": 0.000866014277562499,
    "cosine_value": 0.16166335344314575,
    "shape": [
      1,
      512,
      128,
      128
    ],
    "method": "Both"
  },
  "decoder.conv_out": {
    "l2_value": 0.00030026258900761604,
    "cosine_value": 0.11155444383621216,
    "shape": [
      1,
      3,
      512,
      512
    ],
    "method": "Both"
  }
}