{
  "decoder.conv_in": {
    "l2_value": 0.0002616599085740745,
    "cosine_value": 0.1773708462715149,
    "shape": [
      1,
      512,
      64,
      64
    ],
    "method": "Both"
  },
  "decoder.mid.block_1": {
    "l2_value": 0.0002991555375047028,
    "cosine_value": 0.13993752002716064,
    "shape": [
      1,
      512,
      64,
      64
    ],
    "method": "Both"
  },
  "decoder.mid.attn_1": {
    "l2_value": 0.00029339114553295076,
    "cosine_value": 0.12356328964233398,
    "shape": [
      1,
      512,
      64,
      64
    ],
    "method": "Both"
  },
  "decoder.mid.block_2": {
    "l2_value": 0.00031108976691029966,
    "cosine_value": 0.1266142725944519,
    "shape": [
      1,
      512,
      64,
      64
    ],
    "method": "Both"
  },
  "decoder.up.0.block.0": {
    "l2_value": 0.0015660094795748591,
    "cosine_value": 0.05606210231781006,
    "shape": [
      1,
      128,
      512,
      512
    ],
    "method": "Both"
  },
  "decoder.up.0.block.1": {
    "l2_value": 0.0017246388597413898,
    "cosine_value": 0.049645304679870605,
    "shape": [
      1,
      128,
      512,
      512
    ],
    "method": "Both"
  },
  "decoder.up.0.block.2": {
    "l2_value": 0.001928142155520618,
    "cosine_value": 0.04450863599777222,
    "shape": [
      1,
      128,
      512,
      512
    ],
    "method": "Both"
  },
  "decoder.up.1.block.0": {
    "l2_value": 0.0008072122000157833,
    "cosine_value": 0.09760284423828125,
    "shape": [
      1,
      256,
      256,
      256
    ],
    "method": "Both"
  },
  "decoder.up.1.block.1": {
    "l2_value": 0.0008200124721042812,
    "cosine_value": 0.09822839498519897,
    "shape": [
      1,
      256,
      256,
      256
    ],
    "method": "Both"
  },
  "decoder.up.1.block.2": {
    "l2_value": 0.0007471819408237934,
    "cosine_value": 0.10658043622970581,
    "shape": [
      1,
      256,
      256,
      256
    ],
    "method": "Both"
  },
  "decoder.up.1.upsample": {
    "l2_value": 0.0008524511358700693,
    "cosine_value": 0.08607339859008789,
    "shape": [
      1,
      256,
      512,
      512
    ],
    "method": "Both"
  },
  "decoder.up.2.block.0": {
    "l2_value": 0.0006001474102959037,
    "cosine_value": 0.11570161581039429,
    "shape": [
      1,
      512,
      128,
      128
    ],
    "method": "Both"
  },
  "decoder.up.2.block.1": {
    "l2_value": 0.0006286539137363434,
    "cosine_value": 0.12402153015136719,
    "shape": [
      1,
      512,
      128,
      128
    ],
    "method": "Both"
  },
  "decoder.up.2.block.2": {
    "l2_value": 0.0005699186585843563,
    "cosine_value": 0.14947080612182617,
    "shape": [
      1,
      512,
      128,
      128
    ],
    "method": "Both"
  },
  "decoder.up.2.upsample": {
    "l2_value": 0.000904567539691925,
    "cosine_value": 0.13016682863235474,
    "shape": [
      1,
      512,
      256,
      256
    ],
    "method": "Both"
  },
  "decoder.up.3.block.0": {
    "l2_value": 0.00035208812914788723,
    "cosine_value": 0.1401180624961853,
    "shape": [
      1,
      512,
      64,
      64
    ],
    "method": "Both"
  },
  "decoder.up.3.block.1": {
    "l2_value": 0.00036815786734223366,
    "cosine_value": 0.1420358419418335,
    "shape": [
      1,
      512,
      64,
      64
    ],
    "method": "Both"
  },
  "decoder.up.3.block.2": {
    "l2_value": 0.0003435727267060429,
    "cosine_value": 0.15516161918640137,
    "shape": [
      1,
      512,
      64,
      64
    ],
    "method": "Both"
  },
  "decoder.up.3.upsample": {
    "l2_value": 0.0005995638784952462,
    "cosine_value": 0.1264629364013672,
    "shape": [
      1,
      512,
      128,
      128
    ],
    "method": "Both"
  },
  "decoder.conv_out": {
    "l2_value": 0.00030128529760986567,
    "cosine_value": 0.11570137739181519,
    "shape": [
      1,
      3,
      512,
      512
    ],
    "method": "Both"
  }
}