{
  "decoder.conv_in": {
    "l2_value": 0.00027476128889247775,
    "cosine_value": 0.0680881142616272,
    "shape": [
      1,
      512,
      64,
      64
    ],
    "method": "Both"
  },
  "decoder.mid.block_1": {
    "l2_value": 0.000255294784437865,
    "cosine_value": 0.05737876892089844,
    "shape": [
      1,
      512,
      64,
      64
    ],
    "method": "Both"
  },
  "decoder.mid.attn_1": {
    "l2_value": 0.0002556291001383215,
    "cosine_value": 0.05621057748794556,
    "shape": [
      1,
      512,
      64,
      64
    ],
    "method": "Both"
  },
  "decoder.mid.block_2": {
    "l2_value": 0.00026719755260273814,
    "cosine_value": 0.05704772472381592,
    "shape": [
      1,
      512,
      64,
      64
    ],
    "method": "Both"
  },
  "decoder.up.0.block.0": {
    "l2_value": 0.0008280249894596636,
    "cosine_value": 0.008082568645477295,
    "shape": [
      1,
      128,
      512,
      512
    ],
    "method": "Both"
  },
  "decoder.up.0.block.1": {
    "l2_value": 0.0008362516527995467,
    "cosine_value": 0.0065926313400268555,
    "shape": [
      1,
      128,
      512,
      512
    ],
    "method": "Both"
  },
  "decoder.up.0.block.2": {
    "l2_value": 0.0008534254156984389,
    "cosine_value": 0.0053771138191223145,
    "shape": [
      1,
      128,
      512,
      512
    ],
    "method": "Both"
  },
  "decoder.up.1.block.0": {
    "l2_value": 0.000562446191906929,
    "cosine_value": 0.03436857461929321,
    "shape": [
      1,
      256,
      256,
      256
    ],
    "method": "Both"
  },
  "decoder.up.1.block.1": {
    "l2_value": 0.0005786241963505745,
    "cosine_value": 0.03673797845840454,
    "shape": [
      1,
      256,
      256,
      256
    ],
    "method": "Both"
  },
  "decoder.up.1.block.2": {
    "l2_value": 0.0005390558508224785,
    "cosine_value": 0.03826403617858887,
    "shape": [
      1,
      256,
      256,
      256
    ],
    "method": "Both"
  },
  "decoder.up.1.upsample": {
    "l2_value": 0.0006193190929479897,
    "cosine_value": 0.026234030723571777,
    "shape": [
      1,
      256,
      512,
      512
    ],
    "method": "Both"
  },
  "decoder.up.2.block.0": {
    "l2_value": 0.0004926721449010074,
    "cosine_value": 0.05302870273590088,
    "shape": [
      1,
      512,
      128,
      128
    ],
    "method": "Both"
  },
  "decoder.up.2.block.1": {
    "l2_value": 0.0005082957213744521,
    "cosine_value": 0.05278974771499634,
    "shape": [
      1,
      512,
      128,
      128
    ],
    "method": "Both"
  },
  "decoder.up.2.block.2": {
    "l2_value": 0.00044826537487097085,
    "cosine_value": 0.055071234703063965,
    "shape": [
      1,
      512,
      128,
      128
    ],
    "method": "Both"
  },
  "decoder.up.2.upsample": {
    "l2_value": 0.0006770523032173514,
    "cosine_value": 0.04542744159698486,
    "shape": [
      1,
      512,
      256,
      256
    ],
    "method": "Both"
  },
  "decoder.up.3.block.0": {
    "l2_value": 0.0002982860605698079,
    "cosine_value": 0.06206047534942627,
    "shape": [
      1,
      512,
      64,
      64
    ],
    "method": "Both"
  },
  "decoder.up.3.block.1": {
    "l2_value": 0.0003135045990347862,
    "cosine_value": 0.06650400161743164,
    "shape": [
      1,
      512,
      64,
      64
    ],
    "method": "Both"
  },
  "decoder.up.3.block.2": {
    "l2_value": 0.00028373854001984,
    "cosine_value": 0.0670815110206604,
    "shape": [
      1,
      512,
      64,
      64
    ],
    "method": "Both"
  },
  "decoder.up.3.upsample": {
    "l2_value": 0.0005034289788454771,
    "cosine_value": 0.05823540687561035,
    "shape": [
      1,
      512,
      128,
      128
    ],
    "method": "Both"
  },
  "decoder.conv_out": {
    "l2_value": 0.00014722248306497931,
    "cosine_value": 0.027814507484436035,
    "shape": [
      1,
      3,
      512,
      512
    ],
    "method": "Both"
  }
}