{
  "decoder.conv_in": {
    "l2_value": 0.00015386237646453083,
    "cosine_value": 0.079071044921875,
    "shape": [
      1,
      512,
      64,
      64
    ],
    "method": "Both"
  },
  "decoder.mid.block_1": {
    "l2_value": 0.00016816153947729617,
    "cosine_value": 0.04959988594055176,
    "shape": [
      1,
      512,
      64,
      64
    ],
    "method": "Both"
  },
  "decoder.mid.attn_1": {
    "l2_value": 0.00016803262406028807,
    "cosine_value": 0.044577956199645996,
    "shape": [
      1,
      512,
      64,
      64
    ],
    "method": "Both"
  },
  "decoder.mid.block_2": {
    "l2_value": 0.00017883063992485404,
    "cosine_value": 0.04557543992996216,
    "shape": [
      1,
      512,
      64,
      64
    ],
    "method": "Both"
  },
  "decoder.up.0.block.0": {
    "l2_value": 0.0006867345655336976,
    "cosine_value": 0.011066973209381104,
    "shape": [
      1,
      128,
      512,
      512
    ],
    "method": "Both"
  },
  "decoder.up.0.block.1": {
    "l2_value": 0.0007265273598022759,
    "cosine_value": 0.008971869945526123,
    "shape": [
      1,
      128,
      512,
      512
    ],
    "method": "Both"
  },
  "decoder.up.0.block.2": {
    "l2_value": 0.0007863101200200617,
    "cosine_value": 0.0075095295906066895,
    "shape": [
      1,
      128,
      512,
      512
    ],
    "method": "Both"
  },
  "decoder.up.1.block.0": {
    "l2_value": 0.00045584439067170024,
    "cosine_value": 0.033151447772979736,
    "shape": [
      1,
      256,
      256,
      256
    ],
    "method": "Both"
  },
  "decoder.up.1.block.1": {
    "l2_value": 0.00045780776417814195,
    "cosine_value": 0.03228861093521118,
    "shape": [
      1,
      256,
      256,
      256
    ],
    "method": "Both"
  },
  "decoder.up.1.block.2": {
    "l2_value": 0.0004073165182489902,
    "cosine_value": 0.03377425670623779,
    "shape": [
      1,
      256,
      256,
      256
    ],
    "method": "Both"
  },
  "decoder.up.1.upsample": {
    "l2_value": 0.0004473858280107379,
    "cosine_value": 0.025229275226593018,
    "shape": [
      1,
      256,
      512,
      512
    ],
    "method": "Both"
  },
  "decoder.up.2.block.0": {
    "l2_value": 0.00035137482336722314,
    "cosine_value": 0.043320417404174805,
    "shape": [
      1,
      512,
      128,
      128
    ],
    "method": "Both"
  },
  "decoder.up.2.block.1": {
    "l2_value": 0.00036696624010801315,
    "cosine_value": 0.04576927423477173,
    "shape": [
      1,
      512,
      128,
      128
    ],
    "method": "Both"
  },
  "decoder.up.2.block.2": {
    "l2_value": 0.0003274351474829018,
    "cosine_value": 0.05324053764343262,
    "shape": [
      1,
      512,
      128,
      128
    ],
    "method": "Both"
  },
  "decoder.up.2.upsample": {
    "l2_value": 0.0005165578913874924,
    "cosine_value": 0.04645061492919922,
    "shape": [
      1,
      512,
      256,
      256
    ],
    "method": "Both"
  },
  "decoder.up.3.block.0": {
    "l2_value": 0.00020421264343895018,
    "cosine_value": 0.05038553476333618,
    "shape": [
      1,
      512,
      64,
      64
    ],
    "method": "Both"
  },
  "decoder.up.3.block.1": {
    "l2_value": 0.0002143599558621645,
    "cosine_value": 0.05144190788269043,
    "shape": [
      1,
      512,
      64,
      64
    ],
    "method": "Both"
  },
  "decoder.up.3.block.2": {
    "l2_value": 0.00020016766211483628,
    "cosine_value": 0.05716460943222046,
    "shape": [
      1,
      512,
      64,
      64
    ],
    "method": "Both"
  },
  "decoder.up.3.upsample": {
    "l2_value": 0.00035224948078393936,
    "cosine_value": 0.04839402437210083,
    "shape": [
      1,
      512,
      128,
      128
    ],
    "method": "Both"
  },
  "decoder.conv_out": {
    "l2_value": 0.00014971215083884695,
    "cosine_value": 0.029821932315826416,
    "shape": [
      1,
      3,
      512,
      512
    ],
    "method": "Both"
  }
}