{
  "decoder.conv_in": {
    "l2_value": 0.00025523328804410994,
    "cosine_value": 0.05693316459655762,
    "shape": [
      1,
      512,
      64,
      64
    ],
    "method": "Both"
  },
  "decoder.mid.block_1": {
    "l2_value": 0.00023627016344107687,
    "cosine_value": 0.04758840799331665,
    "shape": [
      1,
      512,
      64,
      64
    ],
    "method": "Both"
  },
  "decoder.mid.attn_1": {
    "l2_value": 0.00023549112665932626,
    "cosine_value": 0.04615747928619385,
    "shape": [
      1,
      512,
      64,
      64
    ],
    "method": "Both"
  },
  "decoder.mid.block_2": {
    "l2_value": 0.0002473948406986892,
    "cosine_value": 0.04716145992279053,
    "shape": [
      1,
      512,
      64,
      64
    ],
    "method": "Both"
  },
  "decoder.up.0.block.0": {
    "l2_value": 0.0006942591862753034,
    "cosine_value": 0.005789577960968018,
    "shape": [
      1,
      128,
      512,
      512
    ],
    "method": "Both"
  },
  "decoder.up.0.block.1": {
    "l2_value": 0.0007067069527693093,
    "cosine_value": 0.004872918128967285,
    "shape": [
      1,
      128,
      512,
      512
    ],
    "method": "Both"
  },
  "decoder.up.0.block.2": {
    "l2_value": 0.0007271502981893718,
    "cosine_value": 0.004058957099914551,
    "shape": [
      1,
      128,
      512,
      512
    ],
    "method": "Both"
  },
  "decoder.up.1.block.0": {
    "l2_value": 0.0005018810625188053,
    "cosine_value": 0.025775790214538574,
    "shape": [
      1,
      256,
      256,
      256
    ],
    "method": "Both"
  },
  "decoder.up.1.block.1": {
    "l2_value": 0.000527980038896203,
    "cosine_value": 0.028917789459228516,
    "shape": [
      1,
      256,
      256,
      256
    ],
    "method": "Both"
  },
  "decoder.up.1.block.2": {
    "l2_value": 0.0004946112749166787,
    "cosine_value": 0.030188143253326416,
    "shape": [
      1,
      256,
      256,
      256
    ],
    "method": "Both"
  },
  "decoder.up.1.upsample": {
    "l2_value": 0.000559832900762558,
    "cosine_value": 0.020974040031433105,
    "shape": [
      1,
      256,
      512,
      512
    ],
    "method": "Both"
  },
  "decoder.up.2.block.0": {
    "l2_value": 0.0004550886224023998,
    "cosine_value": 0.043262600898742676,
    "shape": [
      1,
      512,
      128,
      128
    ],
    "method": "Both"
  },
  "decoder.up.2.block.1": {
    "l2_value": 0.00047367115621455014,
    "cosine_value": 0.044122159481048584,
    "shape": [
      1,
      512,
      128,
      128
    ],
    "method": "Both"
  },
  "decoder.up.2.block.2": {
    "l2_value": 0.00041818644967861474,
    "cosine_value": 0.04565984010696411,
    "shape": [
      1,
      512,
      128,
      128
    ],
    "method": "Both"
  },
  "decoder.up.2.upsample": {
    "l2_value": 0.0006164742517285049,
    "cosine_value": 0.03575378656387329,
    "shape": [
      1,
      512,
      256,
      256
    ],
    "method": "Both"
  },
  "decoder.up.3.block.0": {
    "l2_value": 0.00027767004212364554,
    "cosine_value": 0.05201995372772217,
    "shape": [
      1,
      512,
      64,
      64
    ],
    "method": "Both"
  },
  "decoder.up.3.block.1": {
    "l2_value": 0.0002946339373011142,
    "cosine_value": 0.056646525859832764,
    "shape": [
      1,
      512,
      64,
      64
    ],
    "method": "Both"
  },
  "decoder.up.3.block.2": {
    "l2_value": 0.00026320890174247324,
    "cosine_value": 0.05534517765045166,
    "shape": [
      1,
      512,
      64,
      64
    ],
    "method": "Both"
  },
  "decoder.up.3.upsample": {
    "l2_value": 0.00046189239947125316,
    "cosine_value": 0.04672086238861084,
    "shape": [
      1,
      512,
      128,
      128
    ],
    "method": "Both"
  },
  "decoder.conv_out": {
    "l2_value": 0.000116435937040175,
    "cosine_value": 0.016463935375213623,
    "shape": [
      1,
      3,
      512,
      512
    ],
    "method": "Both"
  }
}