{
  "decoder.conv_in": {
    "l2_value": 0.0001338672882411629,
    "cosine_value": 0.056387484073638916,
    "shape": [
      1,
      512,
      64,
      64
    ],
    "method": "Both"
  },
  "decoder.mid.block_1": {
    "l2_value": 0.000149742845678702,
    "cosine_value": 0.03697437047958374,
    "shape": [
      1,
      512,
      64,
      64
    ],
    "method": "Both"
  },
  "decoder.mid.attn_1": {
    "l2_value": 0.0001487758127041161,
    "cosine_value": 0.0335659384727478,
    "shape": [
      1,
      512,
      64,
      64
    ],
    "method": "Both"
  },
  "decoder.mid.block_2": {
    "l2_value": 0.00016180542297661304,
    "cosine_value": 0.03574889898300171,
    "shape": [
      1,
      512,
      64,
      64
    ],
    "method": "Both"
  },
  "decoder.up.0.block.0": {
    "l2_value": 0.0005505731678567827,
    "cosine_value": 0.007075190544128418,
    "shape": [
      1,
      128,
      512,
      512
    ],
    "method": "Both"
  },
  "decoder.up.0.block.1": {
    "l2_value": 0.0005823952960781753,
    "cosine_value": 0.005755066871643066,
    "shape": [
      1,
      128,
      512,
      512
    ],
    "method": "Both"
  },
  "decoder.up.0.block.2": {
    "l2_value": 0.0006306825089268386,
    "cosine_value": 0.004838228225708008,
    "shape": [
      1,
      128,
      512,
      512
    ],
    "method": "Both"
  },
  "decoder.up.1.block.0": {
    "l2_value": 0.00041166922892443836,
    "cosine_value": 0.0267295241355896,
    "shape": [
      1,
      256,
      256,
      256
    ],
    "method": "Both"
  },
  "decoder.up.1.block.1": {
    "l2_value": 0.00042078792466782033,
    "cosine_value": 0.02708899974822998,
    "shape": [
      1,
      256,
      256,
      256
    ],
    "method": "Both"
  },
  "decoder.up.1.block.2": {
    "l2_value": 0.00037513364804908633,
    "cosine_value": 0.028247058391571045,
    "shape": [
      1,
      256,
      256,
      256
    ],
    "method": "Both"
  },
  "decoder.up.1.upsample": {
    "l2_value": 0.00039272388676181436,
    "cosine_value": 0.019316434860229492,
    "shape": [
      1,
      256,
      512,
      512
    ],
    "method": "Both"
  },
  "decoder.up.2.block.0": {
    "l2_value": 0.00032589060720056295,
    "cosine_value": 0.035651445388793945,
    "shape": [
      1,
      512,
      128,
      128
    ],
    "method": "Both"
  },
  "decoder.up.2.block.1": {
    "l2_value": 0.00034459534799680114,
    "cosine_value": 0.0389404296875,
    "shape": [
      1,
      512,
      128,
      128
    ],
    "method": "Both"
  },
  "decoder.up.2.block.2": {
    "l2_value": 0.0003086832584813237,
    "cosine_value": 0.045929133892059326,
    "shape": [
      1,
      512,
      128,
      128
    ],
    "method": "Both"
  },
  "decoder.up.2.upsample": {
    "l2_value": 0.0004729615757241845,
    "cosine_value": 0.03816169500350952,
    "shape": [
      1,
      512,
      256,
      256
    ],
    "method": "Both"
  },
  "decoder.up.3.block.0": {
    "l2_value": 0.00019147222337778658,
    "cosine_value": 0.042691588401794434,
    "shape": [
      1,
      512,
      64,
      64
    ],
    "method": "Both"
  },
  "decoder.up.3.block.1": {
    "l2_value": 0.00020365710952319205,
    "cosine_value": 0.04494965076446533,
    "shape": [
      1,
      512,
      64,
      64
    ],
    "method": "Both"
  },
  "decoder.up.3.block.2": {
    "l2_value": 0.00018911247025243938,
    "cosine_value": 0.04880857467651367,
    "shape": [
      1,
      512,
      64,
      64
    ],
    "method": "Both"
  },
  "decoder.up.3.upsample": {
    "l2_value": 0.0003250206937082112,
    "cosine_value": 0.03939086198806763,
    "shape": [
      1,
      512,
      128,
      128
    ],
    "method": "Both"
  },
  "decoder.conv_out": {
    "l2_value": 0.00011805698159150779,
    "cosine_value": 0.017414331436157227,
    "shape": [
      1,
      3,
      512,
      512
    ],
    "method": "Both"
  }
}