{
  "decoder.conv_in": {
    "l2_value": 0.00020206680346745998,
    "cosine_value": 0.14342206716537476,
    "shape": [
      1,
      512,
      64,
      64
    ],
    "method": "Both"
  },
  "decoder.mid.block_1": {
    "l2_value": 0.0002413300098851323,
    "cosine_value": 0.09805983304977417,
    "shape": [
      1,
      512,
      64,
      64
    ],
    "method": "Both"
  },
  "decoder.mid.attn_1": {
    "l2_value": 0.00023479854280594736,
    "cosine_value": 0.08493494987487793,
    "shape": [
      1,
      512,
      64,
      64
    ],
    "method": "Both"
  },
  "decoder.mid.block_2": {
    "l2_value": 0.00024978441069833934,
    "cosine_value": 0.0865933895111084,
    "shape": [
      1,
      512,
      64,
      64
    ],
    "method": "Both"
  },
  "decoder.up.0.block.0": {
    "l2_value": 0.0009890500223264098,
    "cosine_value": 0.02385401725769043,
    "shape": [
      1,
      128,
      512,
      512
    ],
    "method": "Both"
  },
  "decoder.up.0.block.1": {
    "l2_value": 0.0010314813116565347,
    "cosine_value": 0.018761634826660156,
    "shape": [
      1,
      128,
      512,
      512
    ],
    "method": "Both"
  },
  "decoder.up.0.block.2": {
    "l2_value": 0.0010908894473686814,
    "cosine_value": 0.015126943588256836,
    "shape": [
      1,
      128,
      512,
      512
    ],
    "method": "Both"
  },
  "decoder.up.1.block.0": {
    "l2_value": 0.0006393382791429758,
    "cosine_value": 0.062235891819000244,
    "shape": [
      1,
      256,
      256,
      256
    ],
    "method": "Both"
  },
  "decoder.up.1.block.1": {
    "l2_value": 0.0006468828651122749,
    "cosine_value": 0.06208246946334839,
    "shape": [
      1,
      256,
      256,
      256
    ],
    "method": "Both"
  },
  "decoder.up.1.block.2": {
    "l2_value": 0.0005865141865797341,
    "cosine_value": 0.06730538606643677,
    "shape": [
      1,
      256,
      256,
      256
    ],
    "method": "Both"
  },
  "decoder.up.1.upsample": {
    "l2_value": 0.0006474921246990561,
    "cosine_value": 0.0514104962348938,
    "shape": [
      1,
      256,
      512,
      512
    ],
    "method": "Both"
  },
  "decoder.up.2.block.0": {
    "l2_value": 0.0004932463052682579,
    "cosine_value": 0.08142513036727905,
    "shape": [
      1,
      512,
      128,
      128
    ],
    "method": "Both"
  },
  "decoder.up.2.block.1": {
    "l2_value": 0.0005148855852894485,
    "cosine_value": 0.08686274290084839,
    "shape": [
      1,
      512,
      128,
      128
    ],
    "method": "Both"
  },
  "decoder.up.2.block.2": {
    "l2_value": 0.0004648117464967072,
    "cosine_value": 0.10258996486663818,
    "shape": [
      1,
      512,
      128,
      128
    ],
    "method": "Both"
  },
  "decoder.up.2.upsample": {
    "l2_value": 0.0007268415647558868,
    "cosine_value": 0.08885663747787476,
    "shape": [
      1,
      512,
      256,
      256
    ],
    "method": "Both"
  },
  "decoder.up.3.block.0": {
    "l2_value": 0.0002869975578505546,
    "cosine_value": 0.09751254320144653,
    "shape": [
      1,
      512,
      64,
      64
    ],
    "method": "Both"
  },
  "decoder.up.3.block.1": {
    "l2_value": 0.000301795284030959,
    "cosine_value": 0.09983688592910767,
    "shape": [
      1,
      512,
      64,
      64
    ],
    "method": "Both"
  },
  "decoder.up.3.block.2": {
    "l2_value": 0.00028188322903588414,
    "cosine_value": 0.10880595445632935,
    "shape": [
      1,
      512,
      64,
      64
    ],
    "method": "Both"
  },
  "decoder.up.3.upsample": {
    "l2_value": 0.0004872531571891159,
    "cosine_value": 0.08901429176330566,
    "shape": [
      1,
      512,
      128,
      128
    ],
    "method": "Both"
  },
  "decoder.conv_out": {
    "l2_value": 0.00021550573486213884,
    "cosine_value": 0.04731673002243042,
    "shape": [
      1,
      3,
      512,
      512
    ],
    "method": "Both"
  }
}