{
  "decoder.conv_in": {
    "l2_value": 0.00040713234920985997,
    "cosine_value": 0.12651365995407104,
    "shape": [
      1,
      512,
      64,
      64
    ],
    "method": "Both"
  },
  "decoder.mid.block_1": {
    "l2_value": 0.00038005210808478296,
    "cosine_value": 0.11194539070129395,
    "shape": [
      1,
      512,
      64,
      64
    ],
    "method": "Both"
  },
  "decoder.mid.attn_1": {
    "l2_value": 0.0003785214794334024,
    "cosine_value": 0.10936760902404785,
    "shape": [
      1,
      512,
      64,
      64
    ],
    "method": "Both"
  },
  "decoder.mid.block_2": {
    "l2_value": 0.0003957536828238517,
    "cosine_value": 0.11149513721466064,
    "shape": [
      1,
      512,
      64,
      64
    ],
    "method": "Both"
  },
  "decoder.up.0.block.0": {
    "l2_value": 0.0013211200712248683,
    "cosine_value": 0.02113199234008789,
    "shape": [
      1,
      128,
      512,
      512
    ],
    "method": "Both"
  },
  "decoder.up.0.block.1": {
    "l2_value": 0.0013350913068279624,
    "cosine_value": 0.0173567533493042,
    "shape": [
      1,
      128,
      512,
      512
    ],
    "method": "Both"
  },
  "decoder.up.0.block.2": {
    "l2_value": 0.0013616246869787574,
    "cosine_value": 0.014162242412567139,
    "shape": [
      1,
      128,
      512,
      512
    ],
    "method": "Both"
  },
  "decoder.up.1.block.0": {
    "l2_value": 0.0008409334695897996,
    "cosine_value": 0.06518006324768066,
    "shape": [
      1,
      256,
      256,
      256
    ],
    "method": "Both"
  },
  "decoder.up.1.block.1": {
    "l2_value": 0.0008691345574334264,
    "cosine_value": 0.07040059566497803,
    "shape": [
      1,
      256,
      256,
      256
    ],
    "method": "Both"
  },
  "decoder.up.1.block.2": {
    "l2_value": 0.0008168694330379367,
    "cosine_value": 0.07324308156967163,
    "shape": [
      1,
      256,
      256,
      256
    ],
    "method": "Both"
  },
  "decoder.up.1.upsample": {
    "l2_value": 0.0009450545185245574,
    "cosine_value": 0.055223286151885986,
    "shape": [
      1,
      256,
      512,
      512
    ],
    "method": "Both"
  },
  "decoder.up.2.block.0": {
    "l2_value": 0.0007223240681923926,
    "cosine_value": 0.10076749324798584,
    "shape": [
      1,
      512,
      128,
      128
    ],
    "method": "Both"
  },
  "decoder.up.2.block.1": {
    "l2_value": 0.0007462177309207618,
    "cosine_value": 0.10175788402557373,
    "shape": [
      1,
      512,
      128,
      128
    ],
    "method": "Both"
  },
  "decoder.up.2.block.2": {
    "l2_value": 0.0006616324535571039,
    "cosine_value": 0.10391432046890259,
    "shape": [
      1,
      512,
      128,
      128
    ],
    "method": "Both"
  },
  "decoder.up.2.upsample": {
    "l2_value": 0.0010044085793197155,
    "cosine_value": 0.08566713333129883,
    "shape": [
      1,
      512,
      256,
      256
    ],
    "method": "Both"
  },
  "decoder.up.3.block.0": {
    "l2_value": 0.00043869047658517957,
    "cosine_value": 0.12198781967163086,
    "shape": [
      1,
      512,
      64,
      64
    ],
    "method": "Both"
  },
  "decoder.up.3.block.1": {
    "l2_value": 0.00046177118201740086,
    "cosine_value": 0.13050633668899536,
    "shape": [
      1,
      512,
      64,
      64
    ],
    "method": "Both"
  },
  "decoder.up.3.block.2": {
    "l2_value": 0.0004161078541073948,
    "cosine_value": 0.126878023147583,
    "shape": [
      1,
      512,
      64,
      64
    ],
    "method": "Both"
  },
  "decoder.up.3.upsample": {
    "l2_value": 0.0007364051416516304,
    "cosine_value": 0.10892623662948608,
    "shape": [
      1,
      512,
      128,
      128
    ],
    "method": "Both"
  },
  "decoder.conv_out": {
    "l2_value": 0.0002462481885838012,
    "cosine_value": 0.058311283588409424,
    "shape": [
      1,
      3,
      512,
      512
    ],
    "method": "Both"
  }
}