{
  "decoder.conv_in": {
    "l2_value": 0.00035926472628489137,
    "cosine_value": 0.10923498868942261,
    "shape": [
      1,
      512,
      64,
      64
    ],
    "method": "Both"
  },
  "decoder.mid.block_1": {
    "l2_value": 0.0003327717713546008,
    "cosine_value": 0.09396857023239136,
    "shape": [
      1,
      512,
      64,
      64
    ],
    "method": "Both"
  },
  "decoder.mid.attn_1": {
    "l2_value": 0.00033362628892064095,
    "cosine_value": 0.0918235182762146,
    "shape": [
      1,
      512,
      64,
      64
    ],
    "method": "Both"
  },
  "decoder.mid.block_2": {
    "l2_value": 0.00034967251121997833,
    "cosine_value": 0.09364622831344604,
    "shape": [
      1,
      512,
      64,
      64
    ],
    "method": "Both"
  },
  "decoder.up.0.block.0": {
    "l2_value": 0.0009928892832249403,
    "cosine_value": 0.01230686902999878,
    "shape": [
      1,
      128,
      512,
      512
    ],
    "method": "Both"
  },
  "decoder.up.0.block.1": {
    "l2_value": 0.001008512917906046,
    "cosine_value": 0.010082840919494629,
    "shape": [
      1,
      128,
      512,
      512
    ],
    "method": "Both"
  },
  "decoder.up.0.block.2": {
    "l2_value": 0.0010352482786402106,
    "cosine_value": 0.00829082727432251,
    "shape": [
      1,
      128,
      512,
      512
    ],
    "method": "Both"
  },
  "decoder.up.1.block.0": {
    "l2_value": 0.0007109014550223947,
    "cosine_value": 0.053329408168792725,
    "shape": [
      1,
      256,
      256,
      256
    ],
    "method": "Both"
  },
  "decoder.up.1.block.1": {
    "l2_value": 0.0007349173538386822,
    "cosine_value": 0.05800628662109375,
    "shape": [
      1,
      256,
      256,
      256
    ],
    "method": "Both"
  },
  "decoder.up.1.block.2": {
    "l2_value": 0.0006772950873710215,
    "cosine_value": 0.05986642837524414,
    "shape": [
      1,
      256,
      256,
      256
    ],
    "method": "Both"
  },
  "decoder.up.1.upsample": {
    "l2_value": 0.000766959972679615,
    "cosine_value": 0.041326940059661865,
    "shape": [
      1,
      256,
      512,
      512
    ],
    "method": "Both"
  },
  "decoder.up.2.block.0": {
    "l2_value": 0.0006409611087292433,
    "cosine_value": 0.08423382043838501,
    "shape": [
      1,
      512,
      128,
      128
    ],
    "method": "Both"
  },
  "decoder.up.2.block.1": {
    "l2_value": 0.0006594474543817341,
    "cosine_value": 0.08507281541824341,
    "shape": [
      1,
      512,
      128,
      128
    ],
    "method": "Both"
  },
  "decoder.up.2.block.2": {
    "l2_value": 0.0005766773247160017,
    "cosine_value": 0.08880645036697388,
    "shape": [
      1,
      512,
      128,
      128
    ],
    "method": "Both"
  },
  "decoder.up.2.upsample": {
    "l2_value": 0.000863595400005579,
    "cosine_value": 0.07197916507720947,
    "shape": [
      1,
      512,
      256,
      256
    ],
    "method": "Both"
  },
  "decoder.up.3.block.0": {
    "l2_value": 0.0003914888366125524,
    "cosine_value": 0.1031956672668457,
    "shape": [
      1,
      512,
      64,
      64
    ],
    "method": "Both"
  },
  "decoder.up.3.block.1": {
    "l2_value": 0.00041253273957408965,
    "cosine_value": 0.11083763837814331,
    "shape": [
      1,
      512,
      64,
      64
    ],
    "method": "Both"
  },
  "decoder.up.3.block.2": {
    "l2_value": 0.0003715330094564706,
    "cosine_value": 0.1091042160987854,
    "shape": [
      1,
      512,
      64,
      64
    ],
    "method": "Both"
  },
  "decoder.up.3.upsample": {
    "l2_value": 0.0006581238703802228,
    "cosine_value": 0.0919305682182312,
    "shape": [
      1,
      512,
      128,
      128
    ],
    "method": "Both"
  },
  "decoder.conv_out": {
    "l2_value": 0.00016918376786634326,
    "cosine_value": 0.038130998611450195,
    "shape": [
      1,
      3,
      512,
      512
    ],
    "method": "Both"
  }
}