{
  "decoder.conv_in": {
    "l2_value": 0.00019588670693337917,
    "cosine_value": 0.11134994029998779,
    "shape": [
      1,
      512,
      64,
      64
    ],
    "method": "Both"
  },
  "decoder.mid.block_1": {
    "l2_value": 0.00021324849512893707,
    "cosine_value": 0.0786968469619751,
    "shape": [
      1,
      512,
      64,
      64
    ],
    "method": "Both"
  },
  "decoder.mid.attn_1": {
    "l2_value": 0.00021313758043106645,
    "cosine_value": 0.0689324140548706,
    "shape": [
      1,
      512,
      64,
      64
    ],
    "method": "Both"
  },
  "decoder.mid.block_2": {
    "l2_value": 0.00022708224423695356,
    "cosine_value": 0.07033658027648926,
    "shape": [
      1,
      512,
      64,
      64
    ],
    "method": "Both"
  },
  "decoder.up.0.block.0": {
    "l2_value": 0.00225969310849905,
    "cosine_value": 0.12387347221374512,
    "shape": [
      1,
      128,
      512,
      512
    ],
    "method": "Both"
  },
  "decoder.up.0.block.1": {
    "l2_value": 0.0027276829350739717,
    "cosine_value": 0.13138657808303833,
    "shape": [
      1,
      128,
      512,
      512
    ],
    "method": "Both"
  },
  "decoder.up.0.block.2": {
    "l2_value": 0.003285355865955353,
    "cosine_value": 0.13720297813415527,
    "shape": [
      1,
      128,
      512,
      512
    ],
    "method": "Both"
  },
  "decoder.up.1.block.0": {
    "l2_value": 0.0005655252025462687,
    "cosine_value": 0.04802030324935913,
    "shape": [
      1,
      256,
      256,
      256
    ],
    "method": "Both"
  },
  "decoder.up.1.block.1": {
    "l2_value": 0.0005670494283549488,
    "cosine_value": 0.04705822467803955,
    "shape": [
      1,
      256,
      256,
      256
    ],
    "method": "Both"
  },
  "decoder.up.1.block.2": {
    "l2_value": 0.0005182388122193515,
    "cosine_value": 0.05187612771987915,
    "shape": [
      1,
      256,
      256,
      256
    ],
    "method": "Both"
  },
  "decoder.up.1.upsample": {
    "l2_value": 0.0006689499714411795,
    "cosine_value": 0.05399644374847412,
    "shape": [
      1,
      256,
      512,
      512
    ],
    "method": "Both"
  },
  "decoder.up.2.block.0": {
    "l2_value": 0.00042735080933198333,
    "cosine_value": 0.06035405397415161,
    "shape": [
      1,
      512,
      128,
      128
    ],
    "method": "Both"
  },
  "decoder.up.2.block.1": {
    "l2_value": 0.00044337930739857256,
    "cosine_value": 0.06345510482788086,
    "shape": [
      1,
      512,
      128,
      128
    ],
    "method": "Both"
  },
  "decoder.up.2.block.2": {
    "l2_value": 0.00039716341416351497,
    "cosine_value": 0.07453197240829468,
    "shape": [
      1,
      512,
      128,
      128
    ],
    "method": "Both"
  },
  "decoder.up.2.upsample": {
    "l2_value": 0.000634290452580899,
    "cosine_value": 0.06568533182144165,
    "shape": [
      1,
      512,
      256,
      256
    ],
    "method": "Both"
  },
  "decoder.up.3.block.0": {
    "l2_value": 0.00025232761981897056,
    "cosine_value": 0.07438361644744873,
    "shape": [
      1,
      512,
      64,
      64
    ],
    "method": "Both"
  },
  "decoder.up.3.block.1": {
    "l2_value": 0.00026119439280591905,
    "cosine_value": 0.07383477687835693,
    "shape": [
      1,
      512,
      64,
      64
    ],
    "method": "Both"
  },
  "decoder.up.3.block.2": {
    "l2_value": 0.0002437991788610816,
    "cosine_value": 0.08117616176605225,
    "shape": [
      1,
      512,
      64,
      64
    ],
    "method": "Both"
  },
  "decoder.up.3.upsample": {
    "l2_value": 0.000432098051533103,
    "cosine_value": 0.06811976432800293,
    "shape": [
      1,
      512,
      128,
      128
    ],
    "method": "Both"
  },
  "decoder.conv_out": {
    "l2_value": 0.00021066382760182023,
    "cosine_value": 0.05072242021560669,
    "shape": [
      1,
      3,
      512,
      512
    ],
    "method": "Both"
  }
}