{
  "decoder.conv_in": {
    "l2_value": 0.0003361153358127922,
    "cosine_value": 0.09305554628372192,
    "shape": [
      1,
      512,
      64,
      64
    ],
    "method": "Both"
  },
  "decoder.mid.block_1": {
    "l2_value": 0.00031216550269164145,
    "cosine_value": 0.08166152238845825,
    "shape": [
      1,
      512,
      64,
      64
    ],
    "method": "Both"
  },
  "decoder.mid.attn_1": {
    "l2_value": 0.0003111641854047775,
    "cosine_value": 0.07951122522354126,
    "shape": [
      1,
      512,
      64,
      64
    ],
    "method": "Both"
  },
  "decoder.mid.block_2": {
    "l2_value": 0.0003238827339373529,
    "cosine_value": 0.07936668395996094,
    "shape": [
      1,
      512,
      64,
      64
    ],
    "method": "Both"
  },
  "decoder.up.0.block.0": {
    "l2_value": 0.0010907691903412342,
    "cosine_value": 0.014994442462921143,
    "shape": [
      1,
      128,
      512,
      512
    ],
    "method": "Both"
  },
  "decoder.up.0.block.1": {
    "l2_value": 0.0011005448177456856,
    "cosine_value": 0.012221157550811768,
    "shape": [
      1,
      128,
      512,
      512
    ],
    "method": "Both"
  },
  "decoder.up.0.block.2": {
    "l2_value": 0.001121031353250146,
    "cosine_value": 0.009920716285705566,
    "shape": [
      1,
      128,
      512,
      512
    ],
    "method": "Both"
  },
  "decoder.up.1.block.0": {
    "l2_value": 0.0006884575122967362,
    "cosine_value": 0.04797077178955078,
    "shape": [
      1,
      256,
      256,
      256
    ],
    "method": "Both"
  },
  "decoder.up.1.block.1": {
    "l2_value": 0.0007047807448543608,
    "cosine_value": 0.05115288496017456,
    "shape": [
      1,
      256,
      256,
      256
    ],
    "method": "Both"
  },
  "decoder.up.1.block.2": {
    "l2_value": 0.0006581417401321232,
    "cosine_value": 0.05348634719848633,
    "shape": [
      1,
      256,
      256,
      256
    ],
    "method": "Both"
  },
  "decoder.up.1.upsample": {
    "l2_value": 0.0007599935634061694,
    "cosine_value": 0.03898102045059204,
    "shape": [
      1,
      256,
      512,
      512
    ],
    "method": "Both"
  },
  "decoder.up.2.block.0": {
    "l2_value": 0.0005932861240580678,
    "cosine_value": 0.07103824615478516,
    "shape": [
      1,
      512,
      128,
      128
    ],
    "method": "Both"
  },
  "decoder.up.2.block.1": {
    "l2_value": 0.0006071266252547503,
    "cosine_value": 0.07035863399505615,
    "shape": [
      1,
      512,
      128,
      128
    ],
    "method": "Both"
  },
  "decoder.up.2.block.2": {
    "l2_value": 0.0005368558340705931,
    "cosine_value": 0.07360100746154785,
    "shape": [
      1,
      512,
      128,
      128
    ],
    "method": "Both"
  },
  "decoder.up.2.upsample": {
    "l2_value": 0.0008190664229914546,
    "cosine_value": 0.06187939643859863,
    "shape": [
      1,
      512,
      256,
      256
    ],
    "method": "Both"
  },
  "decoder.up.3.block.0": {
    "l2_value": 0.00035589002072811127,
    "cosine_value": 0.0844539999961853,
    "shape": [
      1,
      512,
      64,
      64
    ],
    "method": "Both"
  },
  "decoder.up.3.block.1": {
    "l2_value": 0.00037288983003236353,
    "cosine_value": 0.0890803337097168,
    "shape": [
      1,
      512,
      64,
      64
    ],
    "method": "Both"
  },
  "decoder.up.3.block.2": {
    "l2_value": 0.000340579601470381,
    "cosine_value": 0.08950132131576538,
    "shape": [
      1,
      512,
      64,
      64
    ],
    "method": "Both"
  },
  "decoder.up.3.upsample": {
    "l2_value": 0.0006102718180045485,
    "cosine_value": 0.07808208465576172,
    "shape": [
      1,
      512,
      128,
      128
    ],
    "method": "Both"
  },
  "decoder.conv_out": {
    "l2_value": 0.00020918283068264523,
    "cosine_value": 0.048053622245788574,
    "shape": [
      1,
      3,
      512,
      512
    ],
    "method": "Both"
  }
}