{
  "decoder.conv_in": {
    "l2_value": 0.0002526302123442292,
    "cosine_value": 0.22864562273025513,
    "shape": [
      1,
      512,
      64,
      64
    ],
    "method": "Both"
  },
  "decoder.mid.block_1": {
    "l2_value": 0.00028689063037745655,
    "cosine_value": 0.15027928352355957,
    "shape": [
      1,
      512,
      64,
      64
    ],
    "method": "Both"
  },
  "decoder.mid.attn_1": {
    "l2_value": 0.0002873855992220342,
    "cosine_value": 0.13093143701553345,
    "shape": [
      1,
      512,
      64,
      64
    ],
    "method": "Both"
  },
  "decoder.mid.block_2": {
    "l2_value": 0.0003008368657901883,
    "cosine_value": 0.1296473741531372,
    "shape": [
      1,
      512,
      64,
      64
    ],
    "method": "Both"
  },
  "decoder.up.0.block.0": {
    "l2_value": 0.0022555531468242407,
    "cosine_value": 0.1271541714668274,
    "shape": [
      1,
      128,
      512,
      512
    ],
    "method": "Both"
  },
  "decoder.up.0.block.1": {
    "l2_value": 0.002654141513630748,
    "cosine_value": 0.12601715326309204,
    "shape": [
      1,
      128,
      512,
      512
    ],
    "method": "Both"
  },
  "decoder.up.0.block.2": {
    "l2_value": 0.0031368115451186895,
    "cosine_value": 0.12499701976776123,
    "shape": [
      1,
      128,
      512,
      512
    ],
    "method": "Both"
  },
  "decoder.up.1.block.0": {
    "l2_value": 0.0007777335122227669,
    "cosine_value": 0.09853672981262207,
    "shape": [
      1,
      256,
      256,
      256
    ],
    "method": "Both"
  },
  "decoder.up.1.block.1": {
    "l2_value": 0.0007790971430949867,
    "cosine_value": 0.09731584787368774,
    "shape": [
      1,
      256,
      256,
      256
    ],
    "method": "Both"
  },
  "decoder.up.1.block.2": {
    "l2_value": 0.0007064412930049002,
    "cosine_value": 0.10893499851226807,
    "shape": [
      1,
      256,
      256,
      256
    ],
    "method": "Both"
  },
  "decoder.up.1.upsample": {
    "l2_value": 0.0008494450012221932,
    "cosine_value": 0.09734368324279785,
    "shape": [
      1,
      256,
      512,
      512
    ],
    "method": "Both"
  },
  "decoder.up.2.block.0": {
    "l2_value": 0.0005796095356345177,
    "cosine_value": 0.11552369594573975,
    "shape": [
      1,
      512,
      128,
      128
    ],
    "method": "Both"
  },
  "decoder.up.2.block.1": {
    "l2_value": 0.0006044207839295268,
    "cosine_value": 0.12419366836547852,
    "shape": [
      1,
      512,
      128,
      128
    ],
    "method": "Both"
  },
  "decoder.up.2.block.2": {
    "l2_value": 0.0005449572345241904,
    "cosine_value": 0.15148550271987915,
    "shape": [
      1,
      512,
      128,
      128
    ],
    "method": "Both"
  },
  "decoder.up.2.upsample": {
    "l2_value": 0.0008646504138596356,
    "cosine_value": 0.13509595394134521,
    "shape": [
      1,
      512,
      256,
      256
    ],
    "method": "Both"
  },
  "decoder.up.3.block.0": {
    "l2_value": 0.0003367757599335164,
    "cosine_value": 0.13852447271347046,
    "shape": [
      1,
      512,
      64,
      64
    ],
    "method": "Both"
  },
  "decoder.up.3.block.1": {
    "l2_value": 0.00035150593612343073,
    "cosine_value": 0.1398943066596985,
    "shape": [
      1,
      512,
      64,
      64
    ],
    "method": "Both"
  },
  "decoder.up.3.block.2": {
    "l2_value": 0.0003296156064607203,
    "cosine_value": 0.15677273273468018,
    "shape": [
      1,
      512,
      64,
      64
    ],
    "method": "Both"
  },
  "decoder.up.3.upsample": {
    "l2_value": 0.0005812876624986529,
    "cosine_value": 0.12904441356658936,
    "shape": [
      1,
      512,
      128,
      128
    ],
    "method": "Both"
  },
  "decoder.conv_out": {
    "l2_value": 0.0002867148529427747,
    "cosine_value": 0.13914072513580322,
    "shape": [
      1,
      3,
      512,
      512
    ],
    "method": "Both"
  }
}