{
  "decoder.conv_in": {
    "l2_value": 0.00025240948889404535,
    "cosine_value": 0.1893976330757141,
    "shape": [
      1,
      512,
      64,
      64
    ],
    "method": "Both"
  },
  "decoder.mid.block_1": {
    "l2_value": 0.0002915558870881796,
    "cosine_value": 0.13684684038162231,
    "shape": [
      1,
      512,
      64,
      64
    ],
    "method": "Both"
  },
  "decoder.mid.attn_1": {
    "l2_value": 0.0002837797801475972,
    "cosine_value": 0.11982125043869019,
    "shape": [
      1,
      512,
      64,
      64
    ],
    "method": "Both"
  },
  "decoder.mid.block_2": {
    "l2_value": 0.000299481995170936,
    "cosine_value": 0.12094593048095703,
    "shape": [
      1,
      512,
      64,
      64
    ],
    "method": "Both"
  },
  "decoder.up.0.block.0": {
    "l2_value": 0.0032667082268744707,
    "cosine_value": 0.2489537000656128,
    "shape": [
      1,
      128,
      512,
      512
    ],
    "method": "Both"
  },
  "decoder.up.0.block.1": {
    "l2_value": 0.0039326902478933334,
    "cosine_value": 0.26393336057662964,
    "shape": [
      1,
      128,
      512,
      512
    ],
    "method": "Both"
  },
  "decoder.up.0.block.2": {
    "l2_value": 0.004737124778330326,
    "cosine_value": 0.27590012550354004,
    "shape": [
      1,
      128,
      512,
      512
    ],
    "method": "Both"
  },
  "decoder.up.1.block.0": {
    "l2_value": 0.0007815092103555799,
    "cosine_value": 0.09105801582336426,
    "shape": [
      1,
      256,
      256,
      256
    ],
    "method": "Both"
  },
  "decoder.up.1.block.1": {
    "l2_value": 0.0007928764098323882,
    "cosine_value": 0.0907856822013855,
    "shape": [
      1,
      256,
      256,
      256
    ],
    "method": "Both"
  },
  "decoder.up.1.block.2": {
    "l2_value": 0.0007433842401951551,
    "cosine_value": 0.10364043712615967,
    "shape": [
      1,
      256,
      256,
      256
    ],
    "method": "Both"
  },
  "decoder.up.1.upsample": {
    "l2_value": 0.0009693923639133573,
    "cosine_value": 0.11050248146057129,
    "shape": [
      1,
      256,
      512,
      512
    ],
    "method": "Both"
  },
  "decoder.up.2.block.0": {
    "l2_value": 0.0005675474531017244,
    "cosine_value": 0.10557574033737183,
    "shape": [
      1,
      512,
      128,
      128
    ],
    "method": "Both"
  },
  "decoder.up.2.block.1": {
    "l2_value": 0.0005920445546507835,
    "cosine_value": 0.11192071437835693,
    "shape": [
      1,
      512,
      128,
      128
    ],
    "method": "Both"
  },
  "decoder.up.2.block.2": {
    "l2_value": 0.0005399747169576585,
    "cosine_value": 0.13602930307388306,
    "shape": [
      1,
      512,
      128,
      128
    ],
    "method": "Both"
  },
  "decoder.up.2.upsample": {
    "l2_value": 0.0008645970374345779,
    "cosine_value": 0.12174040079116821,
    "shape": [
      1,
      512,
      256,
      256
    ],
    "method": "Both"
  },
  "decoder.up.3.block.0": {
    "l2_value": 0.0003359678667038679,
    "cosine_value": 0.1306014060974121,
    "shape": [
      1,
      512,
      64,
      64
    ],
    "method": "Both"
  },
  "decoder.up.3.block.1": {
    "l2_value": 0.0003477612335700542,
    "cosine_value": 0.12967920303344727,
    "shape": [
      1,
      512,
      64,
      64
    ],
    "method": "Both"
  },
  "decoder.up.3.block.2": {
    "l2_value": 0.00032552823540754616,
    "cosine_value": 0.14219516515731812,
    "shape": [
      1,
      512,
      64,
      64
    ],
    "method": "Both"
  },
  "decoder.up.3.upsample": {
    "l2_value": 0.0005670988466590643,
    "cosine_value": 0.11625242233276367,
    "shape": [
      1,
      512,
      128,
      128
    ],
    "method": "Both"
  },
  "decoder.conv_out": {
    "l2_value": 0.00032813722888628644,
    "cosine_value": 0.10854792594909668,
    "shape": [
      1,
      3,
      512,
      512
    ],
    "method": "Both"
  }
}