{
  "decoder.conv_in": {
    "l2_value": 0.0004869573749601841,
    "cosine_value": 0.1910756230354309,
    "shape": [
      1,
      512,
      64,
      64
    ],
    "method": "Both"
  },
  "decoder.mid.block_1": {
    "l2_value": 0.000497044064104557,
    "cosine_value": 0.19931620359420776,
    "shape": [
      1,
      512,
      64,
      64
    ],
    "method": "Both"
  },
  "decoder.mid.attn_1": {
    "l2_value": 0.0004898992483504117,
    "cosine_value": 0.19013214111328125,
    "shape": [
      1,
      512,
      64,
      64
    ],
    "method": "Both"
  },
  "decoder.mid.block_2": {
    "l2_value": 0.0005012549227103591,
    "cosine_value": 0.1858128309249878,
    "shape": [
      1,
      512,
      64,
      64
    ],
    "method": "Both"
  },
  "decoder.up.0.block.0": {
    "l2_value": 0.0056191375479102135,
    "cosine_value": 0.37710487842559814,
    "shape": [
      1,
      128,
      512,
      512
    ],
    "method": "Both"
  },
  "decoder.up.0.block.1": {
    "l2_value": 0.00645354762673378,
    "cosine_value": 0.39935302734375,
    "shape": [
      1,
      128,
      512,
      512
    ],
    "method": "Both"
  },
  "decoder.up.0.block.2": {
    "l2_value": 0.007441347930580378,
    "cosine_value": 0.41613560914993286,
    "shape": [
      1,
      128,
      512,
      512
    ],
    "method": "Both"
  },
  "decoder.up.1.block.0": {
    "l2_value": 0.0011599481804296374,
    "cosine_value": 0.13000571727752686,
    "shape": [
      1,
      256,
      256,
      256
    ],
    "method": "Both"
  },
  "decoder.up.1.block.1": {
    "l2_value": 0.0011928079184144735,
    "cosine_value": 0.13879352807998657,
    "shape": [
      1,
      256,
      256,
      256
    ],
    "method": "Both"
  },
  "decoder.up.1.block.2": {
    "l2_value": 0.0011473697377368808,
    "cosine_value": 0.15156221389770508,
    "shape": [
      1,
      256,
      256,
      256
    ],
    "method": "Both"
  },
  "decoder.up.1.upsample": {
    "l2_value": 0.0018007589969784021,
    "cosine_value": 0.20749491453170776,
    "shape": [
      1,
      256,
      512,
      512
    ],
    "method": "Both"
  },
  "decoder.up.2.block.0": {
    "l2_value": 0.0008669617236591876,
    "cosine_value": 0.15118765830993652,
    "shape": [
      1,
      512,
      128,
      128
    ],
    "method": "Both"
  },
  "decoder.up.2.block.1": {
    "l2_value": 0.000888666370883584,
    "cosine_value": 0.1501483917236328,
    "shape": [
      1,
      512,
      128,
      128
    ],
    "method": "Both"
  },
  "decoder.up.2.block.2": {
    "l2_value": 0.0008068832685239613,
    "cosine_value": 0.16229099035263062,
    "shape": [
      1,
      512,
      128,
      128
    ],
    "method": "Both"
  },
  "decoder.up.2.upsample": {
    "l2_value": 0.0012731727911159396,
    "cosine_value": 0.1449267864227295,
    "shape": [
      1,
      512,
      256,
      256
    ],
    "method": "Both"
  },
  "decoder.up.3.block.0": {
    "l2_value": 0.0005386464763432741,
    "cosine_value": 0.19068294763565063,
    "shape": [
      1,
      512,
      64,
      64
    ],
    "method": "Both"
  },
  "decoder.up.3.block.1": {
    "l2_value": 0.0005461320397444069,
    "cosine_value": 0.18983924388885498,
    "shape": [
      1,
      512,
      64,
      64
    ],
    "method": "Both"
  },
  "decoder.up.3.block.2": {
    "l2_value": 0.000493428495246917,
    "cosine_value": 0.18684488534927368,
    "shape": [
      1,
      512,
      64,
      64
    ],
    "method": "Both"
  },
  "decoder.up.3.upsample": {
    "l2_value": 0.0008768382831476629,
    "cosine_value": 0.16127485036849976,
    "shape": [
      1,
      512,
      128,
      128
    ],
    "method": "Both"
  },
  "decoder.conv_out": {
    "l2_value": 0.00032589367280403775,
    "cosine_value": 0.10234206914901733,
    "shape": [
      1,
      3,
      512,
      512
    ],
    "method": "Both"
  }
}