{
  "decoder.conv_in": {
    "l2_value": 0.00020597208640538156,
    "cosine_value": 0.15194731950759888,
    "shape": [
      1,
      512,
      64,
      64
    ],
    "method": "Both"
  },
  "decoder.mid.block_1": {
    "l2_value": 0.00023947509180288762,
    "cosine_value": 0.10478007793426514,
    "shape": [
      1,
      512,
      64,
      64
    ],
    "method": "Both"
  },
  "decoder.mid.attn_1": {
    "l2_value": 0.00023182069708127528,
    "cosine_value": 0.08760964870452881,
    "shape": [
      1,
      512,
      64,
      64
    ],
    "method": "Both"
  },
  "decoder.mid.block_2": {
    "l2_value": 0.0002480250841472298,
    "cosine_value": 0.08866757154464722,
    "shape": [
      1,
      512,
      64,
      64
    ],
    "method": "Both"
  },
  "decoder.up.0.block.0": {
    "l2_value": 0.0010187843581661582,
    "cosine_value": 0.024566948413848877,
    "shape": [
      1,
      128,
      512,
      512
    ],
    "method": "Both"
  },
  "decoder.up.0.block.1": {
    "l2_value": 0.0010593003826215863,
    "cosine_value": 0.019245922565460205,
    "shape": [
      1,
      128,
      512,
      512
    ],
    "method": "Both"
  },
  "decoder.up.0.block.2": {
    "l2_value": 0.0011136409593746066,
    "cosine_value": 0.015210330486297607,
    "shape": [
      1,
      128,
      512,
      512
    ],
    "method": "Both"
  },
  "decoder.up.1.block.0": {
    "l2_value": 0.000636166543699801,
    "cosine_value": 0.06610190868377686,
    "shape": [
      1,
      256,
      256,
      256
    ],
    "method": "Both"
  },
  "decoder.up.1.block.1": {
    "l2_value": 0.0006494713597930968,
    "cosine_value": 0.06650495529174805,
    "shape": [
      1,
      256,
      256,
      256
    ],
    "method": "Both"
  },
  "decoder.up.1.block.2": {
    "l2_value": 0.0005902574630454183,
    "cosine_value": 0.07279807329177856,
    "shape": [
      1,
      256,
      256,
      256
    ],
    "method": "Both"
  },
  "decoder.up.1.upsample": {
    "l2_value": 0.0006554730935022235,
    "cosine_value": 0.055287301540374756,
    "shape": [
      1,
      256,
      512,
      512
    ],
    "method": "Both"
  },
  "decoder.up.2.block.0": {
    "l2_value": 0.00047606902080588043,
    "cosine_value": 0.08129674196243286,
    "shape": [
      1,
      512,
      128,
      128
    ],
    "method": "Both"
  },
  "decoder.up.2.block.1": {
    "l2_value": 0.0004996274365112185,
    "cosine_value": 0.08671402931213379,
    "shape": [
      1,
      512,
      128,
      128
    ],
    "method": "Both"
  },
  "decoder.up.2.block.2": {
    "l2_value": 0.00045402318937703967,
    "cosine_value": 0.10580867528915405,
    "shape": [
      1,
      512,
      128,
      128
    ],
    "method": "Both"
  },
  "decoder.up.2.upsample": {
    "l2_value": 0.0007134044426493347,
    "cosine_value": 0.09156620502471924,
    "shape": [
      1,
      512,
      256,
      256
    ],
    "method": "Both"
  },
  "decoder.up.3.block.0": {
    "l2_value": 0.0002807251294143498,
    "cosine_value": 0.09638100862503052,
    "shape": [
      1,
      512,
      64,
      64
    ],
    "method": "Both"
  },
  "decoder.up.3.block.1": {
    "l2_value": 0.0002928840694949031,
    "cosine_value": 0.09837591648101807,
    "shape": [
      1,
      512,
      64,
      64
    ],
    "method": "Both"
  },
  "decoder.up.3.block.2": {
    "l2_value": 0.0002746485697571188,
    "cosine_value": 0.11003482341766357,
    "shape": [
      1,
      512,
      64,
      64
    ],
    "method": "Both"
  },
  "decoder.up.3.upsample": {
    "l2_value": 0.00047141493996605277,
    "cosine_value": 0.08898746967315674,
    "shape": [
      1,
      512,
      128,
      128
    ],
    "method": "Both"
  },
  "decoder.conv_out": {
    "l2_value": 0.00023216028542568287,
    "cosine_value": 0.06923460960388184,
    "shape": [
      1,
      3,
      512,
      512
    ],
    "method": "Both"
  }
}