{
  "decoder.conv_in": {
    "l2_value": 0.0003906143829226494,
    "cosine_value": 0.1452491283416748,
    "shape": [
      1,
      512,
      64,
      64
    ],
    "method": "Both"
  },
  "decoder.mid.block_1": {
    "l2_value": 0.00037741041160188615,
    "cosine_value": 0.1318809986114502,
    "shape": [
      1,
      512,
      64,
      64
    ],
    "method": "Both"
  },
  "decoder.mid.attn_1": {
    "l2_value": 0.00036986402119509876,
    "cosine_value": 0.12254607677459717,
    "shape": [
      1,
      512,
      64,
      64
    ],
    "method": "Both"
  },
  "decoder.mid.block_2": {
    "l2_value": 0.0003830779460258782,
    "cosine_value": 0.1204904317855835,
    "shape": [
      1,
      512,
      64,
      64
    ],
    "method": "Both"
  },
  "decoder.up.0.block.0": {
    "l2_value": 0.0015718127833679318,
    "cosine_value": 0.029599010944366455,
    "shape": [
      1,
      128,
      512,
      512
    ],
    "method": "Both"
  },
  "decoder.up.0.block.1": {
    "l2_value": 0.0016456595622003078,
    "cosine_value": 0.026149392127990723,
    "shape": [
      1,
      128,
      512,
      512
    ],
    "method": "Both"
  },
  "decoder.up.0.block.2": {
    "l2_value": 0.0017256264109164476,
    "cosine_value": 0.022555530071258545,
    "shape": [
      1,
      128,
      512,
      512
    ],
    "method": "Both"
  },
  "decoder.up.1.block.0": {
    "l2_value": 0.0008504706784151495,
    "cosine_value": 0.07834470272064209,
    "shape": [
      1,
      256,
      256,
      256
    ],
    "method": "Both"
  },
  "decoder.up.1.block.1": {
    "l2_value": 0.0008785458630882204,
    "cosine_value": 0.08478230237960815,
    "shape": [
      1,
      256,
      256,
      256
    ],
    "method": "Both"
  },
  "decoder.up.1.block.2": {
    "l2_value": 0.0008308853721246123,
    "cosine_value": 0.09090584516525269,
    "shape": [
      1,
      256,
      256,
      256
    ],
    "method": "Both"
  },
  "decoder.up.1.upsample": {
    "l2_value": 0.0009997313609346747,
    "cosine_value": 0.06958186626434326,
    "shape": [
      1,
      256,
      512,
      512
    ],
    "method": "Both"
  },
  "decoder.up.2.block.0": {
    "l2_value": 0.0006918550352565944,
    "cosine_value": 0.10539811849594116,
    "shape": [
      1,
      512,
      128,
      128
    ],
    "method": "Both"
  },
  "decoder.up.2.block.1": {
    "l2_value": 0.000713443208951503,
    "cosine_value": 0.10475504398345947,
    "shape": [
      1,
      512,
      128,
      128
    ],
    "method": "Both"
  },
  "decoder.up.2.block.2": {
    "l2_value": 0.0006427604821510613,
    "cosine_value": 0.11435991525650024,
    "shape": [
      1,
      512,
      128,
      128
    ],
    "method": "Both"
  },
  "decoder.up.2.upsample": {
    "l2_value": 0.0009889592183753848,
    "cosine_value": 0.09852248430252075,
    "shape": [
      1,
      512,
      256,
      256
    ],
    "method": "Both"
  },
  "decoder.up.3.block.0": {
    "l2_value": 0.00041738912113942206,
    "cosine_value": 0.12492966651916504,
    "shape": [
      1,
      512,
      64,
      64
    ],
    "method": "Both"
  },
  "decoder.up.3.block.1": {
    "l2_value": 0.00043780263513326645,
    "cosine_value": 0.13272583484649658,
    "shape": [
      1,
      512,
      64,
      64
    ],
    "method": "Both"
  },
  "decoder.up.3.block.2": {
    "l2_value": 0.00039792858297005296,
    "cosine_value": 0.13403606414794922,
    "shape": [
      1,
      512,
      64,
      64
    ],
    "method": "Both"
  },
  "decoder.up.3.upsample": {
    "l2_value": 0.0007031753193587065,
    "cosine_value": 0.11454075574874878,
    "shape": [
      1,
      512,
      128,
      128
    ],
    "method": "Both"
  },
  "decoder.conv_out": {
    "l2_value": 0.00023128136914844313,
    "cosine_value": 0.06470441818237305,
    "shape": [
      1,
      3,
      512,
      512
    ],
    "method": "Both"
  }
}