{
  "decoder.conv_in": {
    "l2_value": 0.00025452597765251994,
    "cosine_value": 0.06789594888687134,
    "shape": [
      1,
      512,
      64,
      64
    ],
    "method": "Both"
  },
  "decoder.mid.block_1": {
    "l2_value": 0.0003022664168383926,
    "cosine_value": 0.08815497159957886,
    "shape": [
      1,
      512,
      64,
      64
    ],
    "method": "Both"
  },
  "decoder.mid.attn_1": {
    "l2_value": 0.00030325845000334084,
    "cosine_value": 0.08486133813858032,
    "shape": [
      1,
      512,
      64,
      64
    ],
    "method": "Both"
  },
  "decoder.mid.block_2": {
    "l2_value": 0.00029609978082589805,
    "cosine_value": 0.07482469081878662,
    "shape": [
      1,
      512,
      64,
      64
    ],
    "method": "Both"
  },
  "decoder.up.0.block.0": {
    "l2_value": 0.004594861064106226,
    "cosine_value": 0.22747820615768433,
    "shape": [
      1,
      128,
      512,
      512
    ],
    "method": "Both"
  },
  "decoder.up.0.block.1": {
    "l2_value": 0.005207020323723555,
    "cosine_value": 0.23369181156158447,
    "shape": [
      1,
      128,
      512,
      512
    ],
    "method": "Both"
  },
  "decoder.up.0.block.2": {
    "l2_value": 0.0059030307456851006,
    "cosine_value": 0.2379474639892578,
    "shape": [
      1,
      128,
      512,
      512
    ],
    "method": "Both"
  },
  "decoder.up.1.block.0": {
    "l2_value": 0.0006976958829909563,
    "cosine_value": 0.05735963582992554,
    "shape": [
      1,
      256,
      256,
      256
    ],
    "method": "Both"
  },
  "decoder.up.1.block.1": {
    "l2_value": 0.0007164499838836491,
    "cosine_value": 0.06113916635513306,
    "shape": [
      1,
      256,
      256,
      256
    ],
    "method": "Both"
  },
  "decoder.up.1.block.2": {
    "l2_value": 0.0006852643564343452,
    "cosine_value": 0.06831008195877075,
    "shape": [
      1,
      256,
      256,
      256
    ],
    "method": "Both"
  },
  "decoder.up.1.upsample": {
    "l2_value": 0.0013782248133793473,
    "cosine_value": 0.13336127996444702,
    "shape": [
      1,
      256,
      512,
      512
    ],
    "method": "Both"
  },
  "decoder.up.2.block.0": {
    "l2_value": 0.0004795223940163851,
    "cosine_value": 0.053246378898620605,
    "shape": [
      1,
      512,
      128,
      128
    ],
    "method": "Both"
  },
  "decoder.up.2.block.1": {
    "l2_value": 0.0004945327527821064,
    "cosine_value": 0.0535508394241333,
    "shape": [
      1,
      512,
      128,
      128
    ],
    "method": "Both"
  },
  "decoder.up.2.block.2": {
    "l2_value": 0.00044047716073691845,
    "cosine_value": 0.059325993061065674,
    "shape": [
      1,
      512,
      128,
      128
    ],
    "method": "Both"
  },
  "decoder.up.2.upsample": {
    "l2_value": 0.0006992227863520384,
    "cosine_value": 0.05469965934753418,
    "shape": [
      1,
      512,
      256,
      256
    ],
    "method": "Both"
  },
  "decoder.up.3.block.0": {
    "l2_value": 0.00031214160844683647,
    "cosine_value": 0.072651207447052,
    "shape": [
      1,
      512,
      64,
      64
    ],
    "method": "Both"
  },
  "decoder.up.3.block.1": {
    "l2_value": 0.0003041810996364802,
    "cosine_value": 0.06756150722503662,
    "shape": [
      1,
      512,
      64,
      64
    ],
    "method": "Both"
  },
  "decoder.up.3.block.2": {
    "l2_value": 0.0002692537091206759,
    "cosine_value": 0.06549453735351562,
    "shape": [
      1,
      512,
      64,
      64
    ],
    "method": "Both"
  },
  "decoder.up.3.upsample": {
    "l2_value": 0.00047722176532261074,
    "cosine_value": 0.055509746074676514,
    "shape": [
      1,
      512,
      128,
      128
    ],
    "method": "Both"
  },
  "decoder.conv_out": {
    "l2_value": 8.071362390182912e-05,
    "cosine_value": 0.010695576667785645,
    "shape": [
      1,
      3,
      512,
      512
    ],
    "method": "Both"
  }
}