{
  "decoder.conv_in": {
    "l2_value": 0.00010888327960856259,
    "cosine_value": 0.05759453773498535,
    "shape": [
      1,
      512,
      64,
      64
    ],
    "method": "Both"
  },
  "decoder.mid.block_1": {
    "l2_value": 0.00012517443974502385,
    "cosine_value": 0.03017956018447876,
    "shape": [
      1,
      512,
      64,
      64
    ],
    "method": "Both"
  },
  "decoder.mid.attn_1": {
    "l2_value": 0.0001248850312549621,
    "cosine_value": 0.026066899299621582,
    "shape": [
      1,
      512,
      64,
      64
    ],
    "method": "Both"
  },
  "decoder.mid.block_2": {
    "l2_value": 0.00013242985005490482,
    "cosine_value": 0.02653402090072632,
    "shape": [
      1,
      512,
      64,
      64
    ],
    "method": "Both"
  },
  "decoder.up.0.block.0": {
    "l2_value": 0.0011988969054073095,
    "cosine_value": 0.03362119197845459,
    "shape": [
      1,
      128,
      512,
      512
    ],
    "method": "Both"
  },
  "decoder.up.0.block.1": {
    "l2_value": 0.0014121473068371415,
    "cosine_value": 0.03373056650161743,
    "shape": [
      1,
      128,
      512,
      512
    ],
    "method": "Both"
  },
  "decoder.up.0.block.2": {
    "l2_value": 0.0016726688481867313,
    "cosine_value": 0.03399658203125,
    "shape": [
      1,
      128,
      512,
      512
    ],
    "method": "Both"
  },
  "decoder.up.1.block.0": {
    "l2_value": 0.00033559135044924915,
    "cosine_value": 0.0194852352142334,
    "shape": [
      1,
      256,
      256,
      256
    ],
    "method": "Both"
  },
  "decoder.up.1.block.1": {
    "l2_value": 0.00033939044806174934,
    "cosine_value": 0.01938951015472412,
    "shape": [
      1,
      256,
      256,
      256
    ],
    "method": "Both"
  },
  "decoder.up.1.block.2": {
    "l2_value": 0.00030174487619660795,
    "cosine_value": 0.02097374200820923,
    "shape": [
      1,
      256,
      256,
      256
    ],
    "method": "Both"
  },
  "decoder.up.1.upsample": {
    "l2_value": 0.0003818697005044669,
    "cosine_value": 0.020243525505065918,
    "shape": [
      1,
      256,
      512,
      512
    ],
    "method": "Both"
  },
  "decoder.up.2.block.0": {
    "l2_value": 0.0002567586489021778,
    "cosine_value": 0.024430155754089355,
    "shape": [
      1,
      512,
      128,
      128
    ],
    "method": "Both"
  },
  "decoder.up.2.block.1": {
    "l2_value": 0.0002682610647752881,
    "cosine_value": 0.026259124279022217,
    "shape": [
      1,
      512,
      128,
      128
    ],
    "method": "Both"
  },
  "decoder.up.2.block.2": {
    "l2_value": 0.00024002576537895948,
    "cosine_value": 0.032140254974365234,
    "shape": [
      1,
      512,
      128,
      128
    ],
    "method": "Both"
  },
  "decoder.up.2.upsample": {
    "l2_value": 0.0003721728571690619,
    "cosine_value": 0.027706384658813477,
    "shape": [
      1,
      512,
      256,
      256
    ],
    "method": "Both"
  },
  "decoder.up.3.block.0": {
    "l2_value": 0.0001502056111348793,
    "cosine_value": 0.028981924057006836,
    "shape": [
      1,
      512,
      64,
      64
    ],
    "method": "Both"
  },
  "decoder.up.3.block.1": {
    "l2_value": 0.00015748196165077388,
    "cosine_value": 0.029896199703216553,
    "shape": [
      1,
      512,
      64,
      64
    ],
    "method": "Both"
  },
  "decoder.up.3.block.2": {
    "l2_value": 0.0001479972415836528,
    "cosine_value": 0.03375917673110962,
    "shape": [
      1,
      512,
      64,
      64
    ],
    "method": "Both"
  },
  "decoder.up.3.upsample": {
    "l2_value": 0.00025824419572018087,
    "cosine_value": 0.027701497077941895,
    "shape": [
      1,
      512,
      128,
      128
    ],
    "method": "Both"
  },
  "decoder.conv_out": {
    "l2_value": 8.262276727085312e-05,
    "cosine_value": 0.011735260486602783,
    "shape": [
      1,
      3,
      512,
      512
    ],
    "method": "Both"
  }
}