{
  "decoder.conv_in": {
    "l2_value": 0.00011517348320921883,
    "cosine_value": 0.04346156120300293,
    "shape": [
      1,
      512,
      64,
      64
    ],
    "method": "Both"
  },
  "decoder.mid.block_1": {
    "l2_value": 0.00013586494605988264,
    "cosine_value": 0.031013965606689453,
    "shape": [
      1,
      512,
      64,
      64
    ],
    "method": "Both"
  },
  "decoder.mid.attn_1": {
    "l2_value": 0.00013443166972137988,
    "cosine_value": 0.026974976062774658,
    "shape": [
      1,
      512,
      64,
      64
    ],
    "method": "Both"
  },
  "decoder.mid.block_2": {
    "l2_value": 0.00014290121907833964,
    "cosine_value": 0.027467548847198486,
    "shape": [
      1,
      512,
      64,
      64
    ],
    "method": "Both"
  },
  "decoder.up.0.block.0": {
    "l2_value": 0.000536279461812228,
    "cosine_value": 0.007202267646789551,
    "shape": [
      1,
      128,
      512,
      512
    ],
    "method": "Both"
  },
  "decoder.up.0.block.1": {
    "l2_value": 0.0005599199794232845,
    "cosine_value": 0.0056424736976623535,
    "shape": [
      1,
      128,
      512,
      512
    ],
    "method": "Both"
  },
  "decoder.up.0.block.2": {
    "l2_value": 0.000591858581174165,
    "cosine_value": 0.004528224468231201,
    "shape": [
      1,
      128,
      512,
      512
    ],
    "method": "Both"
  },
  "decoder.up.1.block.0": {
    "l2_value": 0.00036920796264894307,
    "cosine_value": 0.020451903343200684,
    "shape": [
      1,
      256,
      256,
      256
    ],
    "method": "Both"
  },
  "decoder.up.1.block.1": {
    "l2_value": 0.0003753098426386714,
    "cosine_value": 0.020830214023590088,
    "shape": [
      1,
      256,
      256,
      256
    ],
    "method": "Both"
  },
  "decoder.up.1.block.2": {
    "l2_value": 0.00033900642301887274,
    "cosine_value": 0.022746562957763672,
    "shape": [
      1,
      256,
      256,
      256
    ],
    "method": "Both"
  },
  "decoder.up.1.upsample": {
    "l2_value": 0.0003661532246042043,
    "cosine_value": 0.016689062118530273,
    "shape": [
      1,
      256,
      512,
      512
    ],
    "method": "Both"
  },
  "decoder.up.2.block.0": {
    "l2_value": 0.0002931550843641162,
    "cosine_value": 0.02767765522003174,
    "shape": [
      1,
      512,
      128,
      128
    ],
    "method": "Both"
  },
  "decoder.up.2.block.1": {
    "l2_value": 0.0003078157315030694,
    "cosine_value": 0.030026018619537354,
    "shape": [
      1,
      512,
      128,
      128
    ],
    "method": "Both"
  },
  "decoder.up.2.block.2": {
    "l2_value": 0.0002770319115370512,
    "cosine_value": 0.03541833162307739,
    "shape": [
      1,
      512,
      128,
      128
    ],
    "method": "Both"
  },
  "decoder.up.2.upsample": {
    "l2_value": 0.00042503769509494305,
    "cosine_value": 0.029620051383972168,
    "shape": [
      1,
      512,
      256,
      256
    ],
    "method": "Both"
  },
  "decoder.up.3.block.0": {
    "l2_value": 0.00016758308629505336,
    "cosine_value": 0.03234457969665527,
    "shape": [
      1,
      512,
      64,
      64
    ],
    "method": "Both"
  },
  "decoder.up.3.block.1": {
    "l2_value": 0.00017879570077639073,
    "cosine_value": 0.03391355276107788,
    "shape": [
      1,
      512,
      64,
      64
    ],
    "method": "Both"
  },
  "decoder.up.3.block.2": {
    "l2_value": 0.0001669382763793692,
    "cosine_value": 0.036965906620025635,
    "shape": [
      1,
      512,
      64,
      64
    ],
    "method": "Both"
  },
  "decoder.up.3.upsample": {
    "l2_value": 0.0002894483332056552,
    "cosine_value": 0.02996879816055298,
    "shape": [
      1,
      512,
      128,
      128
    ],
    "method": "Both"
  },
  "decoder.conv_out": {
    "l2_value": 0.00011954828126666446,
    "cosine_value": 0.015567362308502197,
    "shape": [
      1,
      3,
      512,
      512
    ],
    "method": "Both"
  }
}