{
  "decoder.conv_in": {
    "l2_value": 0.00023250974481925368,
    "cosine_value": 0.05682814121246338,
    "shape": [
      1,
      512,
      64,
      64
    ],
    "method": "Both"
  },
  "decoder.mid.block_1": {
    "l2_value": 0.0002157428243663162,
    "cosine_value": 0.04631853103637695,
    "shape": [
      1,
      512,
      64,
      64
    ],
    "method": "Both"
  },
  "decoder.mid.attn_1": {
    "l2_value": 0.00021539606677833945,
    "cosine_value": 0.04367101192474365,
    "shape": [
      1,
      512,
      64,
      64
    ],
    "method": "Both"
  },
  "decoder.mid.block_2": {
    "l2_value": 0.0002226347423857078,
    "cosine_value": 0.04346805810928345,
    "shape": [
      1,
      512,
      64,
      64
    ],
    "method": "Both"
  },
  "decoder.up.0.block.0": {
    "l2_value": 0.0007692350773140788,
    "cosine_value": 0.007328510284423828,
    "shape": [
      1,
      128,
      512,
      512
    ],
    "method": "Both"
  },
  "decoder.up.0.block.1": {
    "l2_value": 0.0007804142078384757,
    "cosine_value": 0.005948364734649658,
    "shape": [
      1,
      128,
      512,
      512
    ],
    "method": "Both"
  },
  "decoder.up.0.block.2": {
    "l2_value": 0.0007934507448226213,
    "cosine_value": 0.004786789417266846,
    "shape": [
      1,
      128,
      512,
      512
    ],
    "method": "Both"
  },
  "decoder.up.1.block.0": {
    "l2_value": 0.0004746220074594021,
    "cosine_value": 0.029256701469421387,
    "shape": [
      1,
      256,
      256,
      256
    ],
    "method": "Both"
  },
  "decoder.up.1.block.1": {
    "l2_value": 0.0004918344784528017,
    "cosine_value": 0.03199005126953125,
    "shape": [
      1,
      256,
      256,
      256
    ],
    "method": "Both"
  },
  "decoder.up.1.block.2": {
    "l2_value": 0.0004628280585166067,
    "cosine_value": 0.03529995679855347,
    "shape": [
      1,
      256,
      256,
      256
    ],
    "method": "Both"
  },
  "decoder.up.1.upsample": {
    "l2_value": 0.0005381842493079603,
    "cosine_value": 0.023522377014160156,
    "shape": [
      1,
      256,
      512,
      512
    ],
    "method": "Both"
  },
  "decoder.up.2.block.0": {
    "l2_value": 0.0004055569297634065,
    "cosine_value": 0.039406001567840576,
    "shape": [
      1,
      512,
      128,
      128
    ],
    "method": "Both"
  },
  "decoder.up.2.block.1": {
    "l2_value": 0.00041759564192034304,
    "cosine_value": 0.039446473121643066,
    "shape": [
      1,
      512,
      128,
      128
    ],
    "method": "Both"
  },
  "decoder.up.2.block.2": {
    "l2_value": 0.00037044286727905273,
    "cosine_value": 0.04411965608596802,
    "shape": [
      1,
      512,
      128,
      128
    ],
    "method": "Both"
  },
  "decoder.up.2.upsample": {
    "l2_value": 0.0005626705242320895,
    "cosine_value": 0.03758150339126587,
    "shape": [
      1,
      512,
      256,
      256
    ],
    "method": "Both"
  },
  "decoder.up.3.block.0": {
    "l2_value": 0.00024506793124601245,
    "cosine_value": 0.045697569847106934,
    "shape": [
      1,
      512,
      64,
      64
    ],
    "method": "Both"
  },
  "decoder.up.3.block.1": {
    "l2_value": 0.000256889674346894,
    "cosine_value": 0.049056410789489746,
    "shape": [
      1,
      512,
      64,
      64
    ],
    "method": "Both"
  },
  "decoder.up.3.block.2": {
    "l2_value": 0.00023289822274819016,
    "cosine_value": 0.05055034160614014,
    "shape": [
      1,
      512,
      64,
      64
    ],
    "method": "Both"
  },
  "decoder.up.3.upsample": {
    "l2_value": 0.000414754991652444,
    "cosine_value": 0.04330176115036011,
    "shape": [
      1,
      512,
      128,
      128
    ],
    "method": "Both"
  },
  "decoder.conv_out": {
    "l2_value": 0.0001325146780194094,
    "cosine_value": 0.041377127170562744,
    "shape": [
      1,
      3,
      512,
      512
    ],
    "method": "Both"
  }
}