{
  "decoder.conv_in": {
    "l2_value": 0.00013195259089116007,
    "cosine_value": 0.06256312131881714,
    "shape": [
      1,
      512,
      64,
      64
    ],
    "method": "Both"
  },
  "decoder.mid.block_1": {
    "l2_value": 0.00014658494910690933,
    "cosine_value": 0.04027235507965088,
    "shape": [
      1,
      512,
      64,
      64
    ],
    "method": "Both"
  },
  "decoder.mid.attn_1": {
    "l2_value": 0.00014656325220130384,
    "cosine_value": 0.03481030464172363,
    "shape": [
      1,
      512,
      64,
      64
    ],
    "method": "Both"
  },
  "decoder.mid.block_2": {
    "l2_value": 0.00015394545334856957,
    "cosine_value": 0.03512096405029297,
    "shape": [
      1,
      512,
      64,
      64
    ],
    "method": "Both"
  },
  "decoder.up.0.block.0": {
    "l2_value": 0.0006651067524217069,
    "cosine_value": 0.010600864887237549,
    "shape": [
      1,
      128,
      512,
      512
    ],
    "method": "Both"
  },
  "decoder.up.0.block.1": {
    "l2_value": 0.0007187555311247706,
    "cosine_value": 0.008903205394744873,
    "shape": [
      1,
      128,
      512,
      512
    ],
    "method": "Both"
  },
  "decoder.up.0.block.2": {
    "l2_value": 0.0007847472443245351,
    "cosine_value": 0.007524311542510986,
    "shape": [
      1,
      128,
      512,
      512
    ],
    "method": "Both"
  },
  "decoder.up.1.block.0": {
    "l2_value": 0.00038722463068552315,
    "cosine_value": 0.026569485664367676,
    "shape": [
      1,
      256,
      256,
      256
    ],
    "method": "Both"
  },
  "decoder.up.1.block.1": {
    "l2_value": 0.0003909270162694156,
    "cosine_value": 0.02635669708251953,
    "shape": [
      1,
      256,
      256,
      256
    ],
    "method": "Both"
  },
  "decoder.up.1.block.2": {
    "l2_value": 0.0003537953889463097,
    "cosine_value": 0.029635727405548096,
    "shape": [
      1,
      256,
      256,
      256
    ],
    "method": "Both"
  },
  "decoder.up.1.upsample": {
    "l2_value": 0.00039393227780237794,
    "cosine_value": 0.02232515811920166,
    "shape": [
      1,
      256,
      512,
      512
    ],
    "method": "Both"
  },
  "decoder.up.2.block.0": {
    "l2_value": 0.00029610650381073356,
    "cosine_value": 0.03168904781341553,
    "shape": [
      1,
      512,
      128,
      128
    ],
    "method": "Both"
  },
  "decoder.up.2.block.1": {
    "l2_value": 0.00031049991957843304,
    "cosine_value": 0.03421914577484131,
    "shape": [
      1,
      512,
      128,
      128
    ],
    "method": "Both"
  },
  "decoder.up.2.block.2": {
    "l2_value": 0.0002787940320558846,
    "cosine_value": 0.04237663745880127,
    "shape": [
      1,
      512,
      128,
      128
    ],
    "method": "Both"
  },
  "decoder.up.2.upsample": {
    "l2_value": 0.00043687320430763066,
    "cosine_value": 0.036961138248443604,
    "shape": [
      1,
      512,
      256,
      256
    ],
    "method": "Both"
  },
  "decoder.up.3.block.0": {
    "l2_value": 0.00017406180268153548,
    "cosine_value": 0.037978291511535645,
    "shape": [
      1,
      512,
      64,
      64
    ],
    "method": "Both"
  },
  "decoder.up.3.block.1": {
    "l2_value": 0.00018258040654473007,
    "cosine_value": 0.03881257772445679,
    "shape": [
      1,
      512,
      64,
      64
    ],
    "method": "Both"
  },
  "decoder.up.3.block.2": {
    "l2_value": 0.00017027639842126518,
    "cosine_value": 0.04352366924285889,
    "shape": [
      1,
      512,
      64,
      64
    ],
    "method": "Both"
  },
  "decoder.up.3.upsample": {
    "l2_value": 0.00029777101008221507,
    "cosine_value": 0.03549396991729736,
    "shape": [
      1,
      512,
      128,
      128
    ],
    "method": "Both"
  },
  "decoder.conv_out": {
    "l2_value": 0.00013414914913785955,
    "cosine_value": 0.04324883222579956,
    "shape": [
      1,
      3,
      512,
      512
    ],
    "method": "Both"
  }
}