{
  "decoder.conv_in": {
    "l2_value": 0.00025782897137105465,
    "cosine_value": 0.042999267578125,
    "shape": [
      1,
      512,
      64,
      64
    ],
    "method": "Both"
  },
  "decoder.mid.block_1": {
    "l2_value": 0.0002460723917465657,
    "cosine_value": 0.0382227897644043,
    "shape": [
      1,
      512,
      64,
      64
    ],
    "method": "Both"
  },
  "decoder.mid.attn_1": {
    "l2_value": 0.00024637297610752285,
    "cosine_value": 0.03873318433761597,
    "shape": [
      1,
      512,
      64,
      64
    ],
    "method": "Both"
  },
  "decoder.mid.block_2": {
    "l2_value": 0.0002628409129101783,
    "cosine_value": 0.041892290115356445,
    "shape": [
      1,
      512,
      64,
      64
    ],
    "method": "Both"
  },
  "decoder.up.0.block.0": {
    "l2_value": 0.001279299845919013,
    "cosine_value": 0.017698824405670166,
    "shape": [
      1,
      128,
      512,
      512
    ],
    "method": "Both"
  },
  "decoder.up.0.block.1": {
    "l2_value": 0.0014470536261796951,
    "cosine_value": 0.01867377758026123,
    "shape": [
      1,
      128,
      512,
      512
    ],
    "method": "Both"
  },
  "decoder.up.0.block.2": {
    "l2_value": 0.001647133962251246,
    "cosine_value": 0.019420266151428223,
    "shape": [
      1,
      128,
      512,
      512
    ],
    "method": "Both"
  },
  "decoder.up.1.block.0": {
    "l2_value": 0.0005169078358449042,
    "cosine_value": 0.01923346519470215,
    "shape": [
      1,
      256,
      256,
      256
    ],
    "method": "Both"
  },
  "decoder.up.1.block.1": {
    "l2_value": 0.0005424118135124445,
    "cosine_value": 0.021380186080932617,
    "shape": [
      1,
      256,
      256,
      256
    ],
    "method": "Both"
  },
  "decoder.up.1.block.2": {
    "l2_value": 0.0005082071875222027,
    "cosine_value": 0.021526753902435303,
    "shape": [
      1,
      256,
      256,
      256
    ],
    "method": "Both"
  },
  "decoder.up.1.upsample": {
    "l2_value": 0.0006205952959135175,
    "cosine_value": 0.018486440181732178,
    "shape": [
      1,
      256,
      512,
      512
    ],
    "method": "Both"
  },
  "decoder.up.2.block.0": {
    "l2_value": 0.0004769920778926462,
    "cosine_value": 0.03674525022506714,
    "shape": [
      1,
      512,
      128,
      128
    ],
    "method": "Both"
  },
  "decoder.up.2.block.1": {
    "l2_value": 0.0004979980876669288,
    "cosine_value": 0.038448870182037354,
    "shape": [
      1,
      512,
      128,
      128
    ],
    "method": "Both"
  },
  "decoder.up.2.block.2": {
    "l2_value": 0.0004387468798086047,
    "cosine_value": 0.036858975887298584,
    "shape": [
      1,
      512,
      128,
      128
    ],
    "method": "Both"
  },
  "decoder.up.2.upsample": {
    "l2_value": 0.0006406851462088525,
    "cosine_value": 0.027770519256591797,
    "shape": [
      1,
      512,
      256,
      256
    ],
    "method": "Both"
  },
  "decoder.up.3.block.0": {
    "l2_value": 0.0002965260937344283,
    "cosine_value": 0.048499882221221924,
    "shape": [
      1,
      512,
      64,
      64
    ],
    "method": "Both"
  },
  "decoder.up.3.block.1": {
    "l2_value": 0.00031412686803378165,
    "cosine_value": 0.05246001482009888,
    "shape": [
      1,
      512,
      64,
      64
    ],
    "method": "Both"
  },
  "decoder.up.3.block.2": {
    "l2_value": 0.00027741160010918975,
    "cosine_value": 0.04668194055557251,
    "shape": [
      1,
      512,
      64,
      64
    ],
    "method": "Both"
  },
  "decoder.up.3.upsample": {
    "l2_value": 0.0004786319623235613,
    "cosine_value": 0.03830903768539429,
    "shape": [
      1,
      512,
      128,
      128
    ],
    "method": "Both"
  },
  "decoder.conv_out": {
    "l2_value": 8.892804423036675e-05,
    "cosine_value": 0.005679428577423096,
    "shape": [
      1,
      3,
      512,
      512
    ],
    "method": "Both"
  }
}