{
  "decoder.conv_in": {
    "l2_value": 0.0001208016910823062,
    "cosine_value": 0.0445898175239563,
    "shape": [
      1,
      512,
      64,
      64
    ],
    "method": "Both"
  },
  "decoder.mid.block_1": {
    "l2_value": 0.00014493819617200643,
    "cosine_value": 0.02959805727005005,
    "shape": [
      1,
      512,
      64,
      64
    ],
    "method": "Both"
  },
  "decoder.mid.attn_1": {
    "l2_value": 0.00014416467456612736,
    "cosine_value": 0.027904927730560303,
    "shape": [
      1,
      512,
      64,
      64
    ],
    "method": "Both"
  },
  "decoder.mid.block_2": {
    "l2_value": 0.00016673185746185482,
    "cosine_value": 0.034154415130615234,
    "shape": [
      1,
      512,
      64,
      64
    ],
    "method": "Both"
  },
  "decoder.up.0.block.0": {
    "l2_value": 0.001686312723904848,
    "cosine_value": 0.06477338075637817,
    "shape": [
      1,
      128,
      512,
      512
    ],
    "method": "Both"
  },
  "decoder.up.0.block.1": {
    "l2_value": 0.002105147112160921,
    "cosine_value": 0.07438623905181885,
    "shape": [
      1,
      128,
      512,
      512
    ],
    "method": "Both"
  },
  "decoder.up.0.block.2": {
    "l2_value": 0.002573789097368717,
    "cosine_value": 0.08163577318191528,
    "shape": [
      1,
      128,
      512,
      512
    ],
    "method": "Both"
  },
  "decoder.up.1.block.0": {
    "l2_value": 0.0004003936192020774,
    "cosine_value": 0.020895183086395264,
    "shape": [
      1,
      256,
      256,
      256
    ],
    "method": "Both"
  },
  "decoder.up.1.block.1": {
    "l2_value": 0.0004098578938283026,
    "cosine_value": 0.02150702476501465,
    "shape": [
      1,
      256,
      256,
      256
    ],
    "method": "Both"
  },
  "decoder.up.1.block.2": {
    "l2_value": 0.00037298741517588496,
    "cosine_value": 0.022880375385284424,
    "shape": [
      1,
      256,
      256,
      256
    ],
    "method": "Both"
  },
  "decoder.up.1.upsample": {
    "l2_value": 0.0004542256356216967,
    "cosine_value": 0.021505415439605713,
    "shape": [
      1,
      256,
      512,
      512
    ],
    "method": "Both"
  },
  "decoder.up.2.block.0": {
    "l2_value": 0.0003416147665120661,
    "cosine_value": 0.03473341464996338,
    "shape": [
      1,
      512,
      128,
      128
    ],
    "method": "Both"
  },
  "decoder.up.2.block.1": {
    "l2_value": 0.0003627871337812394,
    "cosine_value": 0.038403451442718506,
    "shape": [
      1,
      512,
      128,
      128
    ],
    "method": "Both"
  },
  "decoder.up.2.block.2": {
    "l2_value": 0.0003248989232815802,
    "cosine_value": 0.04354429244995117,
    "shape": [
      1,
      512,
      128,
      128
    ],
    "method": "Both"
  },
  "decoder.up.2.upsample": {
    "l2_value": 0.00047774502309039235,
    "cosine_value": 0.03334391117095947,
    "shape": [
      1,
      512,
      256,
      256
    ],
    "method": "Both"
  },
  "decoder.up.3.block.0": {
    "l2_value": 0.00020263231999706477,
    "cosine_value": 0.04383784532546997,
    "shape": [
      1,
      512,
      64,
      64
    ],
    "method": "Both"
  },
  "decoder.up.3.block.1": {
    "l2_value": 0.0002178675786126405,
    "cosine_value": 0.047635018825531006,
    "shape": [
      1,
      512,
      64,
      64
    ],
    "method": "Both"
  },
  "decoder.up.3.block.2": {
    "l2_value": 0.00020193177624605596,
    "cosine_value": 0.04921698570251465,
    "shape": [
      1,
      512,
      64,
      64
    ],
    "method": "Both"
  },
  "decoder.up.3.upsample": {
    "l2_value": 0.0003411536745261401,
    "cosine_value": 0.03836953639984131,
    "shape": [
      1,
      512,
      128,
      128
    ],
    "method": "Both"
  },
  "decoder.conv_out": {
    "l2_value": 8.961648563854396e-05,
    "cosine_value": 0.005999922752380371,
    "shape": [
      1,
      3,
      512,
      512
    ],
    "method": "Both"
  }
}