{
  "decoder.conv_in": {
    "l2_value": 0.00022587344574276358,
    "cosine_value": 0.1637202501296997,
    "shape": [
      1,
      512,
      64,
      64
    ],
    "method": "Both"
  },
  "decoder.mid.block_1": {
    "l2_value": 0.000263343594269827,
    "cosine_value": 0.11478829383850098,
    "shape": [
      1,
      512,
      64,
      64
    ],
    "method": "Both"
  },
  "decoder.mid.attn_1": {
    "l2_value": 0.00026451898156665266,
    "cosine_value": 0.10689455270767212,
    "shape": [
      1,
      512,
      64,
      64
    ],
    "method": "Both"
  },
  "decoder.mid.block_2": {
    "l2_value": 0.0002819318906404078,
    "cosine_value": 0.10967975854873657,
    "shape": [
      1,
      512,
      64,
      64
    ],
    "method": "Both"
  },
  "decoder.up.0.block.0": {
    "l2_value": 0.004722457844763994,
    "cosine_value": 0.5474305748939514,
    "shape": [
      1,
      128,
      512,
      512
    ],
    "method": "Both"
  },
  "decoder.up.0.block.1": {
    "l2_value": 0.00581687455996871,
    "cosine_value": 0.5971589684486389,
    "shape": [
      1,
      128,
      512,
      512
    ],
    "method": "Both"
  },
  "decoder.up.0.block.2": {
    "l2_value": 0.007091150619089603,
    "cosine_value": 0.6335956454277039,
    "shape": [
      1,
      128,
      512,
      512
    ],
    "method": "Both"
  },
  "decoder.up.1.block.0": {
    "l2_value": 0.0006888444186188281,
    "cosine_value": 0.07474625110626221,
    "shape": [
      1,
      256,
      256,
      256
    ],
    "method": "Both"
  },
  "decoder.up.1.block.1": {
    "l2_value": 0.0006968000088818371,
    "cosine_value": 0.0742722749710083,
    "shape": [
      1,
      256,
      256,
      256
    ],
    "method": "Both"
  },
  "decoder.up.1.block.2": {
    "l2_value": 0.0006431875517591834,
    "cosine_value": 0.08368861675262451,
    "shape": [
      1,
      256,
      256,
      256
    ],
    "method": "Both"
  },
  "decoder.up.1.upsample": {
    "l2_value": 0.0010253196815028787,
    "cosine_value": 0.1333470344543457,
    "shape": [
      1,
      256,
      512,
      512
    ],
    "method": "Both"
  },
  "decoder.up.2.block.0": {
    "l2_value": 0.0005238668527454138,
    "cosine_value": 0.09277230501174927,
    "shape": [
      1,
      512,
      128,
      128
    ],
    "method": "Both"
  },
  "decoder.up.2.block.1": {
    "l2_value": 0.0005448872107081115,
    "cosine_value": 0.09810382127761841,
    "shape": [
      1,
      512,
      128,
      128
    ],
    "method": "Both"
  },
  "decoder.up.2.block.2": {
    "l2_value": 0.000486327480757609,
    "cosine_value": 0.11434376239776611,
    "shape": [
      1,
      512,
      128,
      128
    ],
    "method": "Both"
  },
  "decoder.up.2.upsample": {
    "l2_value": 0.0007641207776032388,
    "cosine_value": 0.09955716133117676,
    "shape": [
      1,
      512,
      256,
      256
    ],
    "method": "Both"
  },
  "decoder.up.3.block.0": {
    "l2_value": 0.0003170841373503208,
    "cosine_value": 0.11816507577896118,
    "shape": [
      1,
      512,
      64,
      64
    ],
    "method": "Both"
  },
  "decoder.up.3.block.1": {
    "l2_value": 0.00032651901710778475,
    "cosine_value": 0.11639612913131714,
    "shape": [
      1,
      512,
      64,
      64
    ],
    "method": "Both"
  },
  "decoder.up.3.block.2": {
    "l2_value": 0.0003026880440302193,
    "cosine_value": 0.1262924075126648,
    "shape": [
      1,
      512,
      64,
      64
    ],
    "method": "Both"
  },
  "decoder.up.3.upsample": {
    "l2_value": 0.0005297715542837977,
    "cosine_value": 0.10557109117507935,
    "shape": [
      1,
      512,
      128,
      128
    ],
    "method": "Both"
  },
  "decoder.conv_out": {
    "l2_value": 0.00018417645090570053,
    "cosine_value": 0.0477985143661499,
    "shape": [
      1,
      3,
      512,
      512
    ],
    "method": "Both"
  }
}