{
  "decoder.conv_in": {
    "l2_value": 0.0002329502021893859,
    "cosine_value": 0.04898655414581299,
    "shape": [
      1,
      512,
      64,
      64
    ],
    "method": "Both"
  },
  "decoder.mid.block_1": {
    "l2_value": 0.00021790085884276778,
    "cosine_value": 0.042170941829681396,
    "shape": [
      1,
      512,
      64,
      64
    ],
    "method": "Both"
  },
  "decoder.mid.attn_1": {
    "l2_value": 0.00021878656116314232,
    "cosine_value": 0.04111975431442261,
    "shape": [
      1,
      512,
      64,
      64
    ],
    "method": "Both"
  },
  "decoder.mid.block_2": {
    "l2_value": 0.0002260852634208277,
    "cosine_value": 0.041032373905181885,
    "shape": [
      1,
      512,
      64,
      64
    ],
    "method": "Both"
  },
  "decoder.up.0.block.0": {
    "l2_value": 0.0013864499051123857,
    "cosine_value": 0.023892223834991455,
    "shape": [
      1,
      128,
      512,
      512
    ],
    "method": "Both"
  },
  "decoder.up.0.block.1": {
    "l2_value": 0.0015594406286254525,
    "cosine_value": 0.02389657497406006,
    "shape": [
      1,
      128,
      512,
      512
    ],
    "method": "Both"
  },
  "decoder.up.0.block.2": {
    "l2_value": 0.0017607685877010226,
    "cosine_value": 0.023678958415985107,
    "shape": [
      1,
      128,
      512,
      512
    ],
    "method": "Both"
  },
  "decoder.up.1.block.0": {
    "l2_value": 0.000496045162435621,
    "cosine_value": 0.02755969762802124,
    "shape": [
      1,
      256,
      256,
      256
    ],
    "method": "Both"
  },
  "decoder.up.1.block.1": {
    "l2_value": 0.0005089538171887398,
    "cosine_value": 0.029467105865478516,
    "shape": [
      1,
      256,
      256,
      256
    ],
    "method": "Both"
  },
  "decoder.up.1.block.2": {
    "l2_value": 0.0004754230612888932,
    "cosine_value": 0.031178593635559082,
    "shape": [
      1,
      256,
      256,
      256
    ],
    "method": "Both"
  },
  "decoder.up.1.upsample": {
    "l2_value": 0.0006164349615573883,
    "cosine_value": 0.02795696258544922,
    "shape": [
      1,
      256,
      512,
      512
    ],
    "method": "Both"
  },
  "decoder.up.2.block.0": {
    "l2_value": 0.00041533756302669644,
    "cosine_value": 0.03762179613113403,
    "shape": [
      1,
      512,
      128,
      128
    ],
    "method": "Both"
  },
  "decoder.up.2.block.1": {
    "l2_value": 0.0004293088859412819,
    "cosine_value": 0.03801405429840088,
    "shape": [
      1,
      512,
      128,
      128
    ],
    "method": "Both"
  },
  "decoder.up.2.block.2": {
    "l2_value": 0.0003788351023104042,
    "cosine_value": 0.04056286811828613,
    "shape": [
      1,
      512,
      128,
      128
    ],
    "method": "Both"
  },
  "decoder.up.2.upsample": {
    "l2_value": 0.0005768381524831057,
    "cosine_value": 0.034158527851104736,
    "shape": [
      1,
      512,
      256,
      256
    ],
    "method": "Both"
  },
  "decoder.up.3.block.0": {
    "l2_value": 0.00024977378780022264,
    "cosine_value": 0.043886423110961914,
    "shape": [
      1,
      512,
      64,
      64
    ],
    "method": "Both"
  },
  "decoder.up.3.block.1": {
    "l2_value": 0.00026015759794972837,
    "cosine_value": 0.046135783195495605,
    "shape": [
      1,
      512,
      64,
      64
    ],
    "method": "Both"
  },
  "decoder.up.3.block.2": {
    "l2_value": 0.0002357993507757783,
    "cosine_value": 0.04676717519760132,
    "shape": [
      1,
      512,
      64,
      64
    ],
    "method": "Both"
  },
  "decoder.up.3.upsample": {
    "l2_value": 0.0004233810177538544,
    "cosine_value": 0.040655553340911865,
    "shape": [
      1,
      512,
      128,
      128
    ],
    "method": "Both"
  },
  "decoder.conv_out": {
    "l2_value": 0.00011102468124590814,
    "cosine_value": 0.01793837547302246,
    "shape": [
      1,
      3,
      512,
      512
    ],
    "method": "Both"
  }
}