{
  "decoder.conv_in": {
    "l2_value": 0.00013256499369163066,
    "cosine_value": 0.05370223522186279,
    "shape": [
      1,
      512,
      64,
      64
    ],
    "method": "Both"
  },
  "decoder.mid.block_1": {
    "l2_value": 0.00014646779163740575,
    "cosine_value": 0.03642946481704712,
    "shape": [
      1,
      512,
      64,
      64
    ],
    "method": "Both"
  },
  "decoder.mid.attn_1": {
    "l2_value": 0.00014590509817935526,
    "cosine_value": 0.03234368562698364,
    "shape": [
      1,
      512,
      64,
      64
    ],
    "method": "Both"
  },
  "decoder.mid.block_2": {
    "l2_value": 0.00015292961325030774,
    "cosine_value": 0.0324215292930603,
    "shape": [
      1,
      512,
      64,
      64
    ],
    "method": "Both"
  },
  "decoder.up.0.block.0": {
    "l2_value": 0.001350285136140883,
    "cosine_value": 0.04294353723526001,
    "shape": [
      1,
      128,
      512,
      512
    ],
    "method": "Both"
  },
  "decoder.up.0.block.1": {
    "l2_value": 0.0016167970607057214,
    "cosine_value": 0.0446053147315979,
    "shape": [
      1,
      128,
      512,
      512
    ],
    "method": "Both"
  },
  "decoder.up.0.block.2": {
    "l2_value": 0.0019365382613614202,
    "cosine_value": 0.04567885398864746,
    "shape": [
      1,
      128,
      512,
      512
    ],
    "method": "Both"
  },
  "decoder.up.1.block.0": {
    "l2_value": 0.0003916876157745719,
    "cosine_value": 0.024758577346801758,
    "shape": [
      1,
      256,
      256,
      256
    ],
    "method": "Both"
  },
  "decoder.up.1.block.1": {
    "l2_value": 0.00039094153908081353,
    "cosine_value": 0.02404719591140747,
    "shape": [
      1,
      256,
      256,
      256
    ],
    "method": "Both"
  },
  "decoder.up.1.block.2": {
    "l2_value": 0.00035277329152449965,
    "cosine_value": 0.026036977767944336,
    "shape": [
      1,
      256,
      256,
      256
    ],
    "method": "Both"
  },
  "decoder.up.1.upsample": {
    "l2_value": 0.0004505878605414182,
    "cosine_value": 0.026224732398986816,
    "shape": [
      1,
      256,
      512,
      512
    ],
    "method": "Both"
  },
  "decoder.up.2.block.0": {
    "l2_value": 0.00029532454209402204,
    "cosine_value": 0.029481112957000732,
    "shape": [
      1,
      512,
      128,
      128
    ],
    "method": "Both"
  },
  "decoder.up.2.block.1": {
    "l2_value": 0.0003077620349358767,
    "cosine_value": 0.03141742944717407,
    "shape": [
      1,
      512,
      128,
      128
    ],
    "method": "Both"
  },
  "decoder.up.2.block.2": {
    "l2_value": 0.0002750398707576096,
    "cosine_value": 0.03760707378387451,
    "shape": [
      1,
      512,
      128,
      128
    ],
    "method": "Both"
  },
  "decoder.up.2.upsample": {
    "l2_value": 0.00043508835369721055,
    "cosine_value": 0.03305846452713013,
    "shape": [
      1,
      512,
      256,
      256
    ],
    "method": "Both"
  },
  "decoder.up.3.block.0": {
    "l2_value": 0.00017030896560754627,
    "cosine_value": 0.034524619579315186,
    "shape": [
      1,
      512,
      64,
      64
    ],
    "method": "Both"
  },
  "decoder.up.3.block.1": {
    "l2_value": 0.00017782134818844497,
    "cosine_value": 0.034813880920410156,
    "shape": [
      1,
      512,
      64,
      64
    ],
    "method": "Both"
  },
  "decoder.up.3.block.2": {
    "l2_value": 0.000167614605743438,
    "cosine_value": 0.03917849063873291,
    "shape": [
      1,
      512,
      64,
      64
    ],
    "method": "Both"
  },
  "decoder.up.3.upsample": {
    "l2_value": 0.00029798687319271266,
    "cosine_value": 0.03291141986846924,
    "shape": [
      1,
      512,
      128,
      128
    ],
    "method": "Both"
  },
  "decoder.conv_out": {
    "l2_value": 0.00011149068207790454,
    "cosine_value": 0.01868647336959839,
    "shape": [
      1,
      3,
      512,
      512
    ],
    "method": "Both"
  }
}