{
  "decoder.conv_in": {
    "l2_value": 0.0005286308587528765,
    "cosine_value": 0.2501797676086426,
    "shape": [
      1,
      512,
      64,
      64
    ],
    "method": "Both"
  },
  "decoder.mid.block_1": {
    "l2_value": 0.0005186630296520889,
    "cosine_value": 0.2326449155807495,
    "shape": [
      1,
      512,
      64,
      64
    ],
    "method": "Both"
  },
  "decoder.mid.attn_1": {
    "l2_value": 0.0005038148956373334,
    "cosine_value": 0.21516400575637817,
    "shape": [
      1,
      512,
      64,
      64
    ],
    "method": "Both"
  },
  "decoder.mid.block_2": {
    "l2_value": 0.0005162004963494837,
    "cosine_value": 0.2094670534133911,
    "shape": [
      1,
      512,
      64,
      64
    ],
    "method": "Both"
  },
  "decoder.up.0.block.0": {
    "l2_value": 0.0024759492371231318,
    "cosine_value": 0.07677167654037476,
    "shape": [
      1,
      128,
      512,
      512
    ],
    "method": "Both"
  },
  "decoder.up.0.block.1": {
    "l2_value": 0.0026289797388017178,
    "cosine_value": 0.06897228956222534,
    "shape": [
      1,
      128,
      512,
      512
    ],
    "method": "Both"
  },
  "decoder.up.0.block.2": {
    "l2_value": 0.0027684865053743124,
    "cosine_value": 0.05965161323547363,
    "shape": [
      1,
      128,
      512,
      512
    ],
    "method": "Both"
  },
  "decoder.up.1.block.0": {
    "l2_value": 0.001215208787471056,
    "cosine_value": 0.158563494682312,
    "shape": [
      1,
      256,
      256,
      256
    ],
    "method": "Both"
  },
  "decoder.up.1.block.1": {
    "l2_value": 0.001239641453139484,
    "cosine_value": 0.16822278499603271,
    "shape": [
      1,
      256,
      256,
      256
    ],
    "method": "Both"
  },
  "decoder.up.1.block.2": {
    "l2_value": 0.001172535354271531,
    "cosine_value": 0.18135088682174683,
    "shape": [
      1,
      256,
      256,
      256
    ],
    "method": "Both"
  },
  "decoder.up.1.upsample": {
    "l2_value": 0.0014623278984799981,
    "cosine_value": 0.1513316035270691,
    "shape": [
      1,
      256,
      512,
      512
    ],
    "method": "Both"
  },
  "decoder.up.2.block.0": {
    "l2_value": 0.0009350282489322126,
    "cosine_value": 0.18500477075576782,
    "shape": [
      1,
      512,
      128,
      128
    ],
    "method": "Both"
  },
  "decoder.up.2.block.1": {
    "l2_value": 0.000958555203396827,
    "cosine_value": 0.18392634391784668,
    "shape": [
      1,
      512,
      128,
      128
    ],
    "method": "Both"
  },
  "decoder.up.2.block.2": {
    "l2_value": 0.0008679218590259552,
    "cosine_value": 0.20507079362869263,
    "shape": [
      1,
      512,
      128,
      128
    ],
    "method": "Both"
  },
  "decoder.up.2.upsample": {
    "l2_value": 0.0013765284093096852,
    "cosine_value": 0.18725639581680298,
    "shape": [
      1,
      512,
      256,
      256
    ],
    "method": "Both"
  },
  "decoder.up.3.block.0": {
    "l2_value": 0.0005541243590414524,
    "cosine_value": 0.21183228492736816,
    "shape": [
      1,
      512,
      64,
      64
    ],
    "method": "Both"
  },
  "decoder.up.3.block.1": {
    "l2_value": 0.0005742399371229112,
    "cosine_value": 0.21981394290924072,
    "shape": [
      1,
      512,
      64,
      64
    ],
    "method": "Both"
  },
  "decoder.up.3.block.2": {
    "l2_value": 0.0005300780758261681,
    "cosine_value": 0.2278900146484375,
    "shape": [
      1,
      512,
      64,
      64
    ],
    "method": "Both"
  },
  "decoder.up.3.upsample": {
    "l2_value": 0.0009572012349963188,
    "cosine_value": 0.20249921083450317,
    "shape": [
      1,
      512,
      128,
      128
    ],
    "method": "Both"
  },
  "decoder.conv_out": {
    "l2_value": 0.0003218893931868176,
    "cosine_value": 0.14119583368301392,
    "shape": [
      1,
      3,
      512,
      512
    ],
    "method": "Both"
  }
}