{
  "decoder.conv_in": {
    "l2_value": 0.00027547383797354996,
    "cosine_value": 0.23214960098266602,
    "shape": [
      1,
      512,
      64,
      64
    ],
    "method": "Both"
  },
  "decoder.mid.block_1": {
    "l2_value": 0.0003277412324678153,
    "cosine_value": 0.18224114179611206,
    "shape": [
      1,
      512,
      64,
      64
    ],
    "method": "Both"
  },
  "decoder.mid.attn_1": {
    "l2_value": 0.00031652356847189367,
    "cosine_value": 0.1533070206642151,
    "shape": [
      1,
      512,
      64,
      64
    ],
    "method": "Both"
  },
  "decoder.mid.block_2": {
    "l2_value": 0.0003281091048847884,
    "cosine_value": 0.14932161569595337,
    "shape": [
      1,
      512,
      64,
      64
    ],
    "method": "Both"
  },
  "decoder.up.0.block.0": {
    "l2_value": 0.0015451896470040083,
    "cosine_value": 0.057077646255493164,
    "shape": [
      1,
      128,
      512,
      512
    ],
    "method": "Both"
  },
  "decoder.up.0.block.1": {
    "l2_value": 0.0016207637963816524,
    "cosine_value": 0.04539215564727783,
    "shape": [
      1,
      128,
      512,
      512
    ],
    "method": "Both"
  },
  "decoder.up.0.block.2": {
    "l2_value": 0.001708448864519596,
    "cosine_value": 0.03594326972961426,
    "shape": [
      1,
      128,
      512,
      512
    ],
    "method": "Both"
  },
  "decoder.up.1.block.0": {
    "l2_value": 0.0008730400586500764,
    "cosine_value": 0.12111294269561768,
    "shape": [
      1,
      256,
      256,
      256
    ],
    "method": "Both"
  },
  "decoder.up.1.block.1": {
    "l2_value": 0.0008874369668774307,
    "cosine_value": 0.12181377410888672,
    "shape": [
      1,
      256,
      256,
      256
    ],
    "method": "Both"
  },
  "decoder.up.1.block.2": {
    "l2_value": 0.0008152213995344937,
    "cosine_value": 0.13647007942199707,
    "shape": [
      1,
      256,
      256,
      256
    ],
    "method": "Both"
  },
  "decoder.up.1.upsample": {
    "l2_value": 0.0009318091906607151,
    "cosine_value": 0.11084818840026855,
    "shape": [
      1,
      256,
      512,
      512
    ],
    "method": "Both"
  },
  "decoder.up.2.block.0": {
    "l2_value": 0.0006355278310365975,
    "cosine_value": 0.13661789894104004,
    "shape": [
      1,
      512,
      128,
      128
    ],
    "method": "Both"
  },
  "decoder.up.2.block.1": {
    "l2_value": 0.0006638469058088958,
    "cosine_value": 0.14601629972457886,
    "shape": [
      1,
      512,
      128,
      128
    ],
    "method": "Both"
  },
  "decoder.up.2.block.2": {
    "l2_value": 0.0006085691857151687,
    "cosine_value": 0.18220531940460205,
    "shape": [
      1,
      512,
      128,
      128
    ],
    "method": "Both"
  },
  "decoder.up.2.upsample": {
    "l2_value": 0.0009670400177128613,
    "cosine_value": 0.16071665287017822,
    "shape": [
      1,
      512,
      256,
      256
    ],
    "method": "Both"
  },
  "decoder.up.3.block.0": {
    "l2_value": 0.0003686942218337208,
    "cosine_value": 0.16061466932296753,
    "shape": [
      1,
      512,
      64,
      64
    ],
    "method": "Both"
  },
  "decoder.up.3.block.1": {
    "l2_value": 0.0003822629223577678,
    "cosine_value": 0.1608864665031433,
    "shape": [
      1,
      512,
      64,
      64
    ],
    "method": "Both"
  },
  "decoder.up.3.block.2": {
    "l2_value": 0.00036038632970303297,
    "cosine_value": 0.18061822652816772,
    "shape": [
      1,
      512,
      64,
      64
    ],
    "method": "Both"
  },
  "decoder.up.3.upsample": {
    "l2_value": 0.0006288673030212522,
    "cosine_value": 0.14833742380142212,
    "shape": [
      1,
      512,
      128,
      128
    ],
    "method": "Both"
  },
  "decoder.conv_out": {
    "l2_value": 0.0003250108566135168,
    "cosine_value": 0.1496010422706604,
    "shape": [
      1,
      3,
      512,
      512
    ],
    "method": "Both"
  }
}