{
  "decoder.conv_in": {
    "l2_value": 0.000545230635907501,
    "cosine_value": 0.2683653235435486,
    "shape": [
      1,
      512,
      64,
      64
    ],
    "method": "Both"
  },
  "decoder.mid.block_1": {
    "l2_value": 0.0005707528907805681,
    "cosine_value": 0.28132057189941406,
    "shape": [
      1,
      512,
      64,
      64
    ],
    "method": "Both"
  },
  "decoder.mid.attn_1": {
    "l2_value": 0.0005542029393836856,
    "cosine_value": 0.26245272159576416,
    "shape": [
      1,
      512,
      64,
      64
    ],
    "method": "Both"
  },
  "decoder.mid.block_2": {
    "l2_value": 0.0005640342715196311,
    "cosine_value": 0.2536212205886841,
    "shape": [
      1,
      512,
      64,
      64
    ],
    "method": "Both"
  },
  "decoder.up.0.block.0": {
    "l2_value": 0.005001051817089319,
    "cosine_value": 0.2994880676269531,
    "shape": [
      1,
      128,
      512,
      512
    ],
    "method": "Both"
  },
  "decoder.up.0.block.1": {
    "l2_value": 0.005643209908157587,
    "cosine_value": 0.3044241666793823,
    "shape": [
      1,
      128,
      512,
      512
    ],
    "method": "Both"
  },
  "decoder.up.0.block.2": {
    "l2_value": 0.006379599217325449,
    "cosine_value": 0.30504757165908813,
    "shape": [
      1,
      128,
      512,
      512
    ],
    "method": "Both"
  },
  "decoder.up.1.block.0": {
    "l2_value": 0.0013260106788948178,
    "cosine_value": 0.19030195474624634,
    "shape": [
      1,
      256,
      256,
      256
    ],
    "method": "Both"
  },
  "decoder.up.1.block.1": {
    "l2_value": 0.001351863145828247,
    "cosine_value": 0.2002161145210266,
    "shape": [
      1,
      256,
      256,
      256
    ],
    "method": "Both"
  },
  "decoder.up.1.block.2": {
    "l2_value": 0.0012879539281129837,
    "cosine_value": 0.21850746870040894,
    "shape": [
      1,
      256,
      256,
      256
    ],
    "method": "Both"
  },
  "decoder.up.1.upsample": {
    "l2_value": 0.0018848497420549393,
    "cosine_value": 0.24459165334701538,
    "shape": [
      1,
      256,
      512,
      512
    ],
    "method": "Both"
  },
  "decoder.up.2.block.0": {
    "l2_value": 0.001004703575745225,
    "cosine_value": 0.21825271844863892,
    "shape": [
      1,
      512,
      128,
      128
    ],
    "method": "Both"
  },
  "decoder.up.2.block.1": {
    "l2_value": 0.001032526488415897,
    "cosine_value": 0.21539431810379028,
    "shape": [
      1,
      512,
      128,
      128
    ],
    "method": "Both"
  },
  "decoder.up.2.block.2": {
    "l2_value": 0.0009327742736786604,
    "cosine_value": 0.23582887649536133,
    "shape": [
      1,
      512,
      128,
      128
    ],
    "method": "Both"
  },
  "decoder.up.2.upsample": {
    "l2_value": 0.0014771712012588978,
    "cosine_value": 0.21434038877487183,
    "shape": [
      1,
      512,
      256,
      256
    ],
    "method": "Both"
  },
  "decoder.up.3.block.0": {
    "l2_value": 0.000604050699621439,
    "cosine_value": 0.25370097160339355,
    "shape": [
      1,
      512,
      64,
      64
    ],
    "method": "Both"
  },
  "decoder.up.3.block.1": {
    "l2_value": 0.0006178638432174921,
    "cosine_value": 0.2562503218650818,
    "shape": [
      1,
      512,
      64,
      64
    ],
    "method": "Both"
  },
  "decoder.up.3.block.2": {
    "l2_value": 0.000564072746783495,
    "cosine_value": 0.2626796364784241,
    "shape": [
      1,
      512,
      64,
      64
    ],
    "method": "Both"
  },
  "decoder.up.3.upsample": {
    "l2_value": 0.001011116080917418,
    "cosine_value": 0.23259371519088745,
    "shape": [
      1,
      512,
      128,
      128
    ],
    "method": "Both"
  },
  "decoder.conv_out": {
    "l2_value": 0.00030940646926561993,
    "cosine_value": 0.12527573108673096,
    "shape": [
      1,
      3,
      512,
      512
    ],
    "method": "Both"
  }
}