{
  "decoder.conv_in": {
    "l2_value": 0.00026820451603271067,
    "cosine_value": 0.2411908507347107,
    "shape": [
      1,
      512,
      64,
      64
    ],
    "method": "Both"
  },
  "decoder.mid.block_1": {
    "l2_value": 0.0003331923217047006,
    "cosine_value": 0.19009917974472046,
    "shape": [
      1,
      512,
      64,
      64
    ],
    "method": "Both"
  },
  "decoder.mid.attn_1": {
    "l2_value": 0.00032042438397184014,
    "cosine_value": 0.16177815198898315,
    "shape": [
      1,
      512,
      64,
      64
    ],
    "method": "Both"
  },
  "decoder.mid.block_2": {
    "l2_value": 0.0003358068352099508,
    "cosine_value": 0.1607457995414734,
    "shape": [
      1,
      512,
      64,
      64
    ],
    "method": "Both"
  },
  "decoder.up.0.block.0": {
    "l2_value": 0.003200009698048234,
    "cosine_value": 0.24542301893234253,
    "shape": [
      1,
      128,
      512,
      512
    ],
    "method": "Both"
  },
  "decoder.up.0.block.1": {
    "l2_value": 0.003796570934355259,
    "cosine_value": 0.24916237592697144,
    "shape": [
      1,
      128,
      512,
      512
    ],
    "method": "Both"
  },
  "decoder.up.0.block.2": {
    "l2_value": 0.004516944754868746,
    "cosine_value": 0.2516229748725891,
    "shape": [
      1,
      128,
      512,
      512
    ],
    "method": "Both"
  },
  "decoder.up.1.block.0": {
    "l2_value": 0.0008793677552603185,
    "cosine_value": 0.12674731016159058,
    "shape": [
      1,
      256,
      256,
      256
    ],
    "method": "Both"
  },
  "decoder.up.1.block.1": {
    "l2_value": 0.0008930308395065367,
    "cosine_value": 0.1266334056854248,
    "shape": [
      1,
      256,
      256,
      256
    ],
    "method": "Both"
  },
  "decoder.up.1.block.2": {
    "l2_value": 0.0008304311195388436,
    "cosine_value": 0.14506053924560547,
    "shape": [
      1,
      256,
      256,
      256
    ],
    "method": "Both"
  },
  "decoder.up.1.upsample": {
    "l2_value": 0.0010562923271209002,
    "cosine_value": 0.14592862129211426,
    "shape": [
      1,
      256,
      512,
      512
    ],
    "method": "Both"
  },
  "decoder.up.2.block.0": {
    "l2_value": 0.0006502016913145781,
    "cosine_value": 0.14758038520812988,
    "shape": [
      1,
      512,
      128,
      128
    ],
    "method": "Both"
  },
  "decoder.up.2.block.1": {
    "l2_value": 0.0006816342938691378,
    "cosine_value": 0.15754187107086182,
    "shape": [
      1,
      512,
      128,
      128
    ],
    "method": "Both"
  },
  "decoder.up.2.block.2": {
    "l2_value": 0.0006224539247341454,
    "cosine_value": 0.1933743953704834,
    "shape": [
      1,
      512,
      128,
      128
    ],
    "method": "Both"
  },
  "decoder.up.2.upsample": {
    "l2_value": 0.0009768821764737368,
    "cosine_value": 0.1696045994758606,
    "shape": [
      1,
      512,
      256,
      256
    ],
    "method": "Both"
  },
  "decoder.up.3.block.0": {
    "l2_value": 0.00038000522181391716,
    "cosine_value": 0.17378973960876465,
    "shape": [
      1,
      512,
      64,
      64
    ],
    "method": "Both"
  },
  "decoder.up.3.block.1": {
    "l2_value": 0.00039450169424526393,
    "cosine_value": 0.17258542776107788,
    "shape": [
      1,
      512,
      64,
      64
    ],
    "method": "Both"
  },
  "decoder.up.3.block.2": {
    "l2_value": 0.00037035273271612823,
    "cosine_value": 0.19358813762664795,
    "shape": [
      1,
      512,
      64,
      64
    ],
    "method": "Both"
  },
  "decoder.up.3.upsample": {
    "l2_value": 0.000637799734249711,
    "cosine_value": 0.1583549976348877,
    "shape": [
      1,
      512,
      128,
      128
    ],
    "method": "Both"
  },
  "decoder.conv_out": {
    "l2_value": 0.00031324881517017883,
    "cosine_value": 0.13255149126052856,
    "shape": [
      1,
      3,
      512,
      512
    ],
    "method": "Both"
  }
}