{
  "decoder.conv_in": {
    "l2_value": 0.0004719494900200516,
    "cosine_value": 0.19186216592788696,
    "shape": [
      1,
      512,
      64,
      64
    ],
    "method": "Both"
  },
  "decoder.mid.block_1": {
    "l2_value": 0.00047318177530542016,
    "cosine_value": 0.18359780311584473,
    "shape": [
      1,
      512,
      64,
      64
    ],
    "method": "Both"
  },
  "decoder.mid.attn_1": {
    "l2_value": 0.0004543833201751113,
    "cosine_value": 0.16908109188079834,
    "shape": [
      1,
      512,
      64,
      64
    ],
    "method": "Both"
  },
  "decoder.mid.block_2": {
    "l2_value": 0.00046263192780315876,
    "cosine_value": 0.16278988122940063,
    "shape": [
      1,
      512,
      64,
      64
    ],
    "method": "Both"
  },
  "decoder.up.0.block.0": {
    "l2_value": 0.002517424989491701,
    "cosine_value": 0.07335716485977173,
    "shape": [
      1,
      128,
      512,
      512
    ],
    "method": "Both"
  },
  "decoder.up.0.block.1": {
    "l2_value": 0.002675859024748206,
    "cosine_value": 0.0658806562423706,
    "shape": [
      1,
      128,
      512,
      512
    ],
    "method": "Both"
  },
  "decoder.up.0.block.2": {
    "l2_value": 0.0028141955845057964,
    "cosine_value": 0.05731242895126343,
    "shape": [
      1,
      128,
      512,
      512
    ],
    "method": "Both"
  },
  "decoder.up.1.block.0": {
    "l2_value": 0.0011633849935606122,
    "cosine_value": 0.14242446422576904,
    "shape": [
      1,
      256,
      256,
      256
    ],
    "method": "Both"
  },
  "decoder.up.1.block.1": {
    "l2_value": 0.0011705680517479777,
    "cosine_value": 0.14658290147781372,
    "shape": [
      1,
      256,
      256,
      256
    ],
    "method": "Both"
  },
  "decoder.up.1.block.2": {
    "l2_value": 0.0011187080526724458,
    "cosine_value": 0.16212308406829834,
    "shape": [
      1,
      256,
      256,
      256
    ],
    "method": "Both"
  },
  "decoder.up.1.upsample": {
    "l2_value": 0.0014260630123317242,
    "cosine_value": 0.1354030966758728,
    "shape": [
      1,
      256,
      512,
      512
    ],
    "method": "Both"
  },
  "decoder.up.2.block.0": {
    "l2_value": 0.0008444350678473711,
    "cosine_value": 0.1449601650238037,
    "shape": [
      1,
      512,
      128,
      128
    ],
    "method": "Both"
  },
  "decoder.up.2.block.1": {
    "l2_value": 0.0008600298897363245,
    "cosine_value": 0.14355003833770752,
    "shape": [
      1,
      512,
      128,
      128
    ],
    "method": "Both"
  },
  "decoder.up.2.block.2": {
    "l2_value": 0.0007935254252515733,
    "cosine_value": 0.1672128438949585,
    "shape": [
      1,
      512,
      128,
      128
    ],
    "method": "Both"
  },
  "decoder.up.2.upsample": {
    "l2_value": 0.001294340007007122,
    "cosine_value": 0.1611722707748413,
    "shape": [
      1,
      512,
      256,
      256
    ],
    "method": "Both"
  },
  "decoder.up.3.block.0": {
    "l2_value": 0.0004871135752182454,
    "cosine_value": 0.15881502628326416,
    "shape": [
      1,
      512,
      64,
      64
    ],
    "method": "Both"
  },
  "decoder.up.3.block.1": {
    "l2_value": 0.0005007797153666615,
    "cosine_value": 0.16289597749710083,
    "shape": [
      1,
      512,
      64,
      64
    ],
    "method": "Both"
  },
  "decoder.up.3.block.2": {
    "l2_value": 0.00047168871969915926,
    "cosine_value": 0.17417418956756592,
    "shape": [
      1,
      512,
      64,
      64
    ],
    "method": "Both"
  },
  "decoder.up.3.upsample": {
    "l2_value": 0.0008603021269664168,
    "cosine_value": 0.15746116638183594,
    "shape": [
      1,
      512,
      128,
      128
    ],
    "method": "Both"
  },
  "decoder.conv_out": {
    "l2_value": 0.00032391234223420423,
    "cosine_value": 0.17496782541275024,
    "shape": [
      1,
      3,
      512,
      512
    ],
    "method": "Both"
  }
}