{
  "decoder.conv_in": {
    "l2_value": 0.00044800376053899527,
    "cosine_value": 0.21737158298492432,
    "shape": [
      1,
      512,
      64,
      64
    ],
    "method": "Both"
  },
  "decoder.mid.block_1": {
    "l2_value": 0.000429244915721938,
    "cosine_value": 0.1829434037208557,
    "shape": [
      1,
      512,
      64,
      64
    ],
    "method": "Both"
  },
  "decoder.mid.attn_1": {
    "l2_value": 0.0004215603112243116,
    "cosine_value": 0.16934704780578613,
    "shape": [
      1,
      512,
      64,
      64
    ],
    "method": "Both"
  },
  "decoder.mid.block_2": {
    "l2_value": 0.0004329414514359087,
    "cosine_value": 0.166065514087677,
    "shape": [
      1,
      512,
      64,
      64
    ],
    "method": "Both"
  },
  "decoder.up.0.block.0": {
    "l2_value": 0.0021964514162391424,
    "cosine_value": 0.056151509284973145,
    "shape": [
      1,
      128,
      512,
      512
    ],
    "method": "Both"
  },
  "decoder.up.0.block.1": {
    "l2_value": 0.0022937264293432236,
    "cosine_value": 0.049038052558898926,
    "shape": [
      1,
      128,
      512,
      512
    ],
    "method": "Both"
  },
  "decoder.up.0.block.2": {
    "l2_value": 0.002415630966424942,
    "cosine_value": 0.042738378047943115,
    "shape": [
      1,
      128,
      512,
      512
    ],
    "method": "Both"
  },
  "decoder.up.1.block.0": {
    "l2_value": 0.001021277392283082,
    "cosine_value": 0.13109499216079712,
    "shape": [
      1,
      256,
      256,
      256
    ],
    "method": "Both"
  },
  "decoder.up.1.block.1": {
    "l2_value": 0.001042827032506466,
    "cosine_value": 0.13897109031677246,
    "shape": [
      1,
      256,
      256,
      256
    ],
    "method": "Both"
  },
  "decoder.up.1.block.2": {
    "l2_value": 0.0009971801191568375,
    "cosine_value": 0.15652072429656982,
    "shape": [
      1,
      256,
      256,
      256
    ],
    "method": "Both"
  },
  "decoder.up.1.upsample": {
    "l2_value": 0.0012306709541007876,
    "cosine_value": 0.11557906866073608,
    "shape": [
      1,
      256,
      512,
      512
    ],
    "method": "Both"
  },
  "decoder.up.2.block.0": {
    "l2_value": 0.0007926859543658793,
    "cosine_value": 0.14998215436935425,
    "shape": [
      1,
      512,
      128,
      128
    ],
    "method": "Both"
  },
  "decoder.up.2.block.1": {
    "l2_value": 0.0008119285339489579,
    "cosine_value": 0.14816927909851074,
    "shape": [
      1,
      512,
      128,
      128
    ],
    "method": "Both"
  },
  "decoder.up.2.block.2": {
    "l2_value": 0.0007391225663013756,
    "cosine_value": 0.17309892177581787,
    "shape": [
      1,
      512,
      128,
      128
    ],
    "method": "Both"
  },
  "decoder.up.2.upsample": {
    "l2_value": 0.0011653739493340254,
    "cosine_value": 0.15864038467407227,
    "shape": [
      1,
      512,
      256,
      256
    ],
    "method": "Both"
  },
  "decoder.up.3.block.0": {
    "l2_value": 0.0004680633719544858,
    "cosine_value": 0.1682993769645691,
    "shape": [
      1,
      512,
      64,
      64
    ],
    "method": "Both"
  },
  "decoder.up.3.block.1": {
    "l2_value": 0.0004880899505224079,
    "cosine_value": 0.17790061235427856,
    "shape": [
      1,
      512,
      64,
      64
    ],
    "method": "Both"
  },
  "decoder.up.3.block.2": {
    "l2_value": 0.00044868033728562295,
    "cosine_value": 0.18861430883407593,
    "shape": [
      1,
      512,
      64,
      64
    ],
    "method": "Both"
  },
  "decoder.up.3.upsample": {
    "l2_value": 0.0008038279484026134,
    "cosine_value": 0.16255706548690796,
    "shape": [
      1,
      512,
      128,
      128
    ],
    "method": "Both"
  },
  "decoder.conv_out": {
    "l2_value": 0.00033598408723870915,
    "cosine_value": 0.23387587070465088,
    "shape": [
      1,
      3,
      512,
      512
    ],
    "method": "Both"
  }
}