{
  "decoder.conv_in": {
    "l2_value": 0.00024510681396350265,
    "cosine_value": 0.24195021390914917,
    "shape": [
      1,
      512,
      64,
      64
    ],
    "method": "Both"
  },
  "decoder.mid.block_1": {
    "l2_value": 0.00027671147836372256,
    "cosine_value": 0.14500445127487183,
    "shape": [
      1,
      512,
      64,
      64
    ],
    "method": "Both"
  },
  "decoder.mid.attn_1": {
    "l2_value": 0.00027041969588026404,
    "cosine_value": 0.12158513069152832,
    "shape": [
      1,
      512,
      64,
      64
    ],
    "method": "Both"
  },
  "decoder.mid.block_2": {
    "l2_value": 0.00028197583742439747,
    "cosine_value": 0.1202666163444519,
    "shape": [
      1,
      512,
      64,
      64
    ],
    "method": "Both"
  },
  "decoder.up.0.block.0": {
    "l2_value": 0.001533868140541017,
    "cosine_value": 0.05562424659729004,
    "shape": [
      1,
      128,
      512,
      512
    ],
    "method": "Both"
  },
  "decoder.up.0.block.1": {
    "l2_value": 0.001638313988223672,
    "cosine_value": 0.04581904411315918,
    "shape": [
      1,
      128,
      512,
      512
    ],
    "method": "Both"
  },
  "decoder.up.0.block.2": {
    "l2_value": 0.0017804410308599472,
    "cosine_value": 0.03854525089263916,
    "shape": [
      1,
      128,
      512,
      512
    ],
    "method": "Both"
  },
  "decoder.up.1.block.0": {
    "l2_value": 0.0007545867701992393,
    "cosine_value": 0.10133445262908936,
    "shape": [
      1,
      256,
      256,
      256
    ],
    "method": "Both"
  },
  "decoder.up.1.block.1": {
    "l2_value": 0.0007614289643242955,
    "cosine_value": 0.10007327795028687,
    "shape": [
      1,
      256,
      256,
      256
    ],
    "method": "Both"
  },
  "decoder.up.1.block.2": {
    "l2_value": 0.000707993283867836,
    "cosine_value": 0.11844676733016968,
    "shape": [
      1,
      256,
      256,
      256
    ],
    "method": "Both"
  },
  "decoder.up.1.upsample": {
    "l2_value": 0.0008299338514916599,
    "cosine_value": 0.09831702709197998,
    "shape": [
      1,
      256,
      512,
      512
    ],
    "method": "Both"
  },
  "decoder.up.2.block.0": {
    "l2_value": 0.0005367992562241852,
    "cosine_value": 0.10642170906066895,
    "shape": [
      1,
      512,
      128,
      128
    ],
    "method": "Both"
  },
  "decoder.up.2.block.1": {
    "l2_value": 0.0005579273565672338,
    "cosine_value": 0.11286646127700806,
    "shape": [
      1,
      512,
      128,
      128
    ],
    "method": "Both"
  },
  "decoder.up.2.block.2": {
    "l2_value": 0.0005131506477482617,
    "cosine_value": 0.1463335156440735,
    "shape": [
      1,
      512,
      128,
      128
    ],
    "method": "Both"
  },
  "decoder.up.2.upsample": {
    "l2_value": 0.0008273418643511832,
    "cosine_value": 0.13584375381469727,
    "shape": [
      1,
      512,
      256,
      256
    ],
    "method": "Both"
  },
  "decoder.up.3.block.0": {
    "l2_value": 0.0003134376311209053,
    "cosine_value": 0.12531256675720215,
    "shape": [
      1,
      512,
      64,
      64
    ],
    "method": "Both"
  },
  "decoder.up.3.block.1": {
    "l2_value": 0.00032523248228244483,
    "cosine_value": 0.12572914361953735,
    "shape": [
      1,
      512,
      64,
      64
    ],
    "method": "Both"
  },
  "decoder.up.3.block.2": {
    "l2_value": 0.0003070379898417741,
    "cosine_value": 0.144223153591156,
    "shape": [
      1,
      512,
      64,
      64
    ],
    "method": "Both"
  },
  "decoder.up.3.upsample": {
    "l2_value": 0.0005356213659979403,
    "cosine_value": 0.118461012840271,
    "shape": [
      1,
      512,
      128,
      128
    ],
    "method": "Both"
  },
  "decoder.conv_out": {
    "l2_value": 0.00033852186364432174,
    "cosine_value": 0.24606943130493164,
    "shape": [
      1,
      3,
      512,
      512
    ],
    "method": "Both"
  }
}