{
  "decoder.conv_in": {
    "l2_value": 0.00012051751400576904,
    "cosine_value": 0.04318171739578247,
    "shape": [
      1,
      512,
      64,
      64
    ],
    "method": "Both"
  },
  "decoder.mid.block_1": {
    "l2_value": 0.00013307816698215902,
    "cosine_value": 0.03161102533340454,
    "shape": [
      1,
      512,
      64,
      64
    ],
    "method": "Both"
  },
  "decoder.mid.attn_1": {
    "l2_value": 0.0001331548992311582,
    "cosine_value": 0.027573108673095703,
    "shape": [
      1,
      512,
      64,
      64
    ],
    "method": "Both"
  },
  "decoder.mid.block_2": {
    "l2_value": 0.00013877110905013978,
    "cosine_value": 0.027180373668670654,
    "shape": [
      1,
      512,
      64,
      64
    ],
    "method": "Both"
  },
  "decoder.up.0.block.0": {
    "l2_value": 0.00045204893103800714,
    "cosine_value": 0.004762828350067139,
    "shape": [
      1,
      128,
      512,
      512
    ],
    "method": "Both"
  },
  "decoder.up.0.block.1": {
    "l2_value": 0.0004598205559886992,
    "cosine_value": 0.003577888011932373,
    "shape": [
      1,
      128,
      512,
      512
    ],
    "method": "Both"
  },
  "decoder.up.0.block.2": {
    "l2_value": 0.00047177946544252336,
    "cosine_value": 0.002689182758331299,
    "shape": [
      1,
      128,
      512,
      512
    ],
    "method": "Both"
  },
  "decoder.up.1.block.0": {
    "l2_value": 0.00035051433951593935,
    "cosine_value": 0.020322978496551514,
    "shape": [
      1,
      256,
      256,
      256
    ],
    "method": "Both"
  },
  "decoder.up.1.block.1": {
    "l2_value": 0.000351261580362916,
    "cosine_value": 0.019986093044281006,
    "shape": [
      1,
      256,
      256,
      256
    ],
    "method": "Both"
  },
  "decoder.up.1.block.2": {
    "l2_value": 0.00031150539871305227,
    "cosine_value": 0.021353304386138916,
    "shape": [
      1,
      256,
      256,
      256
    ],
    "method": "Both"
  },
  "decoder.up.1.upsample": {
    "l2_value": 0.00033654324943199754,
    "cosine_value": 0.015108585357666016,
    "shape": [
      1,
      256,
      512,
      512
    ],
    "method": "Both"
  },
  "decoder.up.2.block.0": {
    "l2_value": 0.00027056506951339543,
    "cosine_value": 0.0254439115524292,
    "shape": [
      1,
      512,
      128,
      128
    ],
    "method": "Both"
  },
  "decoder.up.2.block.1": {
    "l2_value": 0.0002818989451043308,
    "cosine_value": 0.02709639072418213,
    "shape": [
      1,
      512,
      128,
      128
    ],
    "method": "Both"
  },
  "decoder.up.2.block.2": {
    "l2_value": 0.0002517229877412319,
    "cosine_value": 0.03273928165435791,
    "shape": [
      1,
      512,
      128,
      128
    ],
    "method": "Both"
  },
  "decoder.up.2.upsample": {
    "l2_value": 0.0003945187490899116,
    "cosine_value": 0.02772963047027588,
    "shape": [
      1,
      512,
      256,
      256
    ],
    "method": "Both"
  },
  "decoder.up.3.block.0": {
    "l2_value": 0.00015598520985804498,
    "cosine_value": 0.029322803020477295,
    "shape": [
      1,
      512,
      64,
      64
    ],
    "method": "Both"
  },
  "decoder.up.3.block.1": {
    "l2_value": 0.0001640020200284198,
    "cosine_value": 0.03023219108581543,
    "shape": [
      1,
      512,
      64,
      64
    ],
    "method": "Both"
  },
  "decoder.up.3.block.2": {
    "l2_value": 0.00015288617578335106,
    "cosine_value": 0.0336155891418457,
    "shape": [
      1,
      512,
      64,
      64
    ],
    "method": "Both"
  },
  "decoder.up.3.upsample": {
    "l2_value": 0.00027214366127736866,
    "cosine_value": 0.02833998203277588,
    "shape": [
      1,
      512,
      128,
      128
    ],
    "method": "Both"
  },
  "decoder.conv_out": {
    "l2_value": 0.00010389563976787031,
    "cosine_value": 0.02433258295059204,
    "shape": [
      1,
      3,
      512,
      512
    ],
    "method": "Both"
  }
}