{
  "decoder.conv_in": {
    "l2_value": 0.00021176293375901878,
    "cosine_value": 0.043815433979034424,
    "shape": [
      1,
      512,
      64,
      64
    ],
    "method": "Both"
  },
  "decoder.mid.block_1": {
    "l2_value": 0.00019568257266655564,
    "cosine_value": 0.0361790657043457,
    "shape": [
      1,
      512,
      64,
      64
    ],
    "method": "Both"
  },
  "decoder.mid.attn_1": {
    "l2_value": 0.00019499866175465286,
    "cosine_value": 0.034568846225738525,
    "shape": [
      1,
      512,
      64,
      64
    ],
    "method": "Both"
  },
  "decoder.mid.block_2": {
    "l2_value": 0.0002034257195191458,
    "cosine_value": 0.034906744956970215,
    "shape": [
      1,
      512,
      64,
      64
    ],
    "method": "Both"
  },
  "decoder.up.0.block.0": {
    "l2_value": 0.0005963065195828676,
    "cosine_value": 0.004332363605499268,
    "shape": [
      1,
      128,
      512,
      512
    ],
    "method": "Both"
  },
  "decoder.up.0.block.1": {
    "l2_value": 0.0006017411942593753,
    "cosine_value": 0.0035108327865600586,
    "shape": [
      1,
      128,
      512,
      512
    ],
    "method": "Both"
  },
  "decoder.up.0.block.2": {
    "l2_value": 0.000611158728133887,
    "cosine_value": 0.0028371810913085938,
    "shape": [
      1,
      128,
      512,
      512
    ],
    "method": "Both"
  },
  "decoder.up.1.block.0": {
    "l2_value": 0.0004230864578858018,
    "cosine_value": 0.022081494331359863,
    "shape": [
      1,
      256,
      256,
      256
    ],
    "method": "Both"
  },
  "decoder.up.1.block.1": {
    "l2_value": 0.0004366473585832864,
    "cosine_value": 0.024048030376434326,
    "shape": [
      1,
      256,
      256,
      256
    ],
    "method": "Both"
  },
  "decoder.up.1.block.2": {
    "l2_value": 0.0004044882080052048,
    "cosine_value": 0.025696158409118652,
    "shape": [
      1,
      256,
      256,
      256
    ],
    "method": "Both"
  },
  "decoder.up.1.upsample": {
    "l2_value": 0.00045960606075823307,
    "cosine_value": 0.016522705554962158,
    "shape": [
      1,
      256,
      512,
      512
    ],
    "method": "Both"
  },
  "decoder.up.2.block.0": {
    "l2_value": 0.00037560032797046006,
    "cosine_value": 0.032302916049957275,
    "shape": [
      1,
      512,
      128,
      128
    ],
    "method": "Both"
  },
  "decoder.up.2.block.1": {
    "l2_value": 0.0003853472589980811,
    "cosine_value": 0.03219360113143921,
    "shape": [
      1,
      512,
      128,
      128
    ],
    "method": "Both"
  },
  "decoder.up.2.block.2": {
    "l2_value": 0.00033744811662472785,
    "cosine_value": 0.03505784273147583,
    "shape": [
      1,
      512,
      128,
      128
    ],
    "method": "Both"
  },
  "decoder.up.2.upsample": {
    "l2_value": 0.0005069288308732212,
    "cosine_value": 0.028912484645843506,
    "shape": [
      1,
      512,
      256,
      256
    ],
    "method": "Both"
  },
  "decoder.up.3.block.0": {
    "l2_value": 0.00022684111900161952,
    "cosine_value": 0.03771716356277466,
    "shape": [
      1,
      512,
      64,
      64
    ],
    "method": "Both"
  },
  "decoder.up.3.block.1": {
    "l2_value": 0.00023841681831981987,
    "cosine_value": 0.04048752784729004,
    "shape": [
      1,
      512,
      64,
      64
    ],
    "method": "Both"
  },
  "decoder.up.3.block.2": {
    "l2_value": 0.00021486511104740202,
    "cosine_value": 0.041086792945861816,
    "shape": [
      1,
      512,
      64,
      64
    ],
    "method": "Both"
  },
  "decoder.up.3.upsample": {
    "l2_value": 0.00038647811743430793,
    "cosine_value": 0.03588581085205078,
    "shape": [
      1,
      512,
      128,
      128
    ],
    "method": "Both"
  },
  "decoder.conv_out": {
    "l2_value": 0.00010182689099262159,
    "cosine_value": 0.023206651210784912,
    "shape": [
      1,
      3,
      512,
      512
    ],
    "method": "Both"
  }
}