{
  "decoder.conv_in": {
    "l2_value": 0.00016026789671741426,
    "cosine_value": 0.08673632144927979,
    "shape": [
      1,
      512,
      64,
      64
    ],
    "method": "Both"
  },
  "decoder.mid.block_1": {
    "l2_value": 0.00018269038992002606,
    "cosine_value": 0.05092507600784302,
    "shape": [
      1,
      512,
      64,
      64
    ],
    "method": "Both"
  },
  "decoder.mid.attn_1": {
    "l2_value": 0.00018221924256067723,
    "cosine_value": 0.04763728380203247,
    "shape": [
      1,
      512,
      64,
      64
    ],
    "method": "Both"
  },
  "decoder.mid.block_2": {
    "l2_value": 0.00019870676624123007,
    "cosine_value": 0.051878511905670166,
    "shape": [
      1,
      512,
      64,
      64
    ],
    "method": "Both"
  },
  "decoder.up.0.block.0": {
    "l2_value": 0.000784742645919323,
    "cosine_value": 0.01343071460723877,
    "shape": [
      1,
      128,
      512,
      512
    ],
    "method": "Both"
  },
  "decoder.up.0.block.1": {
    "l2_value": 0.0008357817423529923,
    "cosine_value": 0.011199653148651123,
    "shape": [
      1,
      128,
      512,
      512
    ],
    "method": "Both"
  },
  "decoder.up.0.block.2": {
    "l2_value": 0.0009136627777479589,
    "cosine_value": 0.009749352931976318,
    "shape": [
      1,
      128,
      512,
      512
    ],
    "method": "Both"
  },
  "decoder.up.1.block.0": {
    "l2_value": 0.0005020711687393486,
    "cosine_value": 0.03618729114532471,
    "shape": [
      1,
      256,
      256,
      256
    ],
    "method": "Both"
  },
  "decoder.up.1.block.1": {
    "l2_value": 0.0005103462608531117,
    "cosine_value": 0.036199867725372314,
    "shape": [
      1,
      256,
      256,
      256
    ],
    "method": "Both"
  },
  "decoder.up.1.block.2": {
    "l2_value": 0.0004595021018758416,
    "cosine_value": 0.03791254758834839,
    "shape": [
      1,
      256,
      256,
      256
    ],
    "method": "Both"
  },
  "decoder.up.1.upsample": {
    "l2_value": 0.0004942550440318882,
    "cosine_value": 0.027366936206817627,
    "shape": [
      1,
      256,
      512,
      512
    ],
    "method": "Both"
  },
  "decoder.up.2.block.0": {
    "l2_value": 0.00040098390309140086,
    "cosine_value": 0.051638901233673096,
    "shape": [
      1,
      512,
      128,
      128
    ],
    "method": "Both"
  },
  "decoder.up.2.block.1": {
    "l2_value": 0.0004193258355371654,
    "cosine_value": 0.05512446165084839,
    "shape": [
      1,
      512,
      128,
      128
    ],
    "method": "Both"
  },
  "decoder.up.2.block.2": {
    "l2_value": 0.00037402010639198124,
    "cosine_value": 0.06302511692047119,
    "shape": [
      1,
      512,
      128,
      128
    ],
    "method": "Both"
  },
  "decoder.up.2.upsample": {
    "l2_value": 0.000577544909901917,
    "cosine_value": 0.0535433292388916,
    "shape": [
      1,
      512,
      256,
      256
    ],
    "method": "Both"
  },
  "decoder.up.3.block.0": {
    "l2_value": 0.00023270897509064525,
    "cosine_value": 0.06111103296279907,
    "shape": [
      1,
      512,
      64,
      64
    ],
    "method": "Both"
  },
  "decoder.up.3.block.1": {
    "l2_value": 0.0002461056865286082,
    "cosine_value": 0.06378954648971558,
    "shape": [
      1,
      512,
      64,
      64
    ],
    "method": "Both"
  },
  "decoder.up.3.block.2": {
    "l2_value": 0.0002288801915710792,
    "cosine_value": 0.06788128614425659,
    "shape": [
      1,
      512,
      64,
      64
    ],
    "method": "Both"
  },
  "decoder.up.3.upsample": {
    "l2_value": 0.00039926895988173783,
    "cosine_value": 0.05677926540374756,
    "shape": [
      1,
      512,
      128,
      128
    ],
    "method": "Both"
  },
  "decoder.conv_out": {
    "l2_value": 0.00016958509028578797,
    "cosine_value": 0.025218605995178223,
    "shape": [
      1,
      3,
      512,
      512
    ],
    "method": "Both"
  }
}