{
  "decoder.conv_in": {
    "l2_value": 0.00035245378967374563,
    "cosine_value": 0.3817422389984131,
    "shape": [
      1,
      512,
      64,
      64
    ],
    "method": "Both"
  },
  "decoder.mid.block_1": {
    "l2_value": 0.00041734115802682936,
    "cosine_value": 0.3002115488052368,
    "shape": [
      1,
      512,
      64,
      64
    ],
    "method": "Both"
  },
  "decoder.mid.attn_1": {
    "l2_value": 0.0004082096565980464,
    "cosine_value": 0.25643813610076904,
    "shape": [
      1,
      512,
      64,
      64
    ],
    "method": "Both"
  },
  "decoder.mid.block_2": {
    "l2_value": 0.00041957441135309637,
    "cosine_value": 0.24573194980621338,
    "shape": [
      1,
      512,
      64,
      64
    ],
    "method": "Both"
  },
  "decoder.up.0.block.0": {
    "l2_value": 0.00576739851385355,
    "cosine_value": 0.7518406510353088,
    "shape": [
      1,
      128,
      512,
      512
    ],
    "method": "Both"
  },
  "decoder.up.0.block.1": {
    "l2_value": 0.006887221708893776,
    "cosine_value": 0.7813847213983536,
    "shape": [
      1,
      128,
      512,
      512
    ],
    "method": "Both"
  },
  "decoder.up.0.block.2": {
    "l2_value": 0.008234895765781403,
    "cosine_value": 0.8001440018415451,
    "shape": [
      1,
      128,
      512,
      512
    ],
    "method": "Both"
  },
  "decoder.up.1.block.0": {
    "l2_value": 0.0011234121629968286,
    "cosine_value": 0.2029578685760498,
    "shape": [
      1,
      256,
      256,
      256
    ],
    "method": "Both"
  },
  "decoder.up.1.block.1": {
    "l2_value": 0.0011404090328142047,
    "cosine_value": 0.20370221138000488,
    "shape": [
      1,
      256,
      256,
      256
    ],
    "method": "Both"
  },
  "decoder.up.1.block.2": {
    "l2_value": 0.001089215511456132,
    "cosine_value": 0.2479037642478943,
    "shape": [
      1,
      256,
      256,
      256
    ],
    "method": "Both"
  },
  "decoder.up.1.upsample": {
    "l2_value": 0.0015791332116350532,
    "cosine_value": 0.31735295057296753,
    "shape": [
      1,
      256,
      512,
      512
    ],
    "method": "Both"
  },
  "decoder.up.2.block.0": {
    "l2_value": 0.0007720713620074093,
    "cosine_value": 0.20427125692367554,
    "shape": [
      1,
      512,
      128,
      128
    ],
    "method": "Both"
  },
  "decoder.up.2.block.1": {
    "l2_value": 0.00079581409227103,
    "cosine_value": 0.21285372972488403,
    "shape": [
      1,
      512,
      128,
      128
    ],
    "method": "Both"
  },
  "decoder.up.2.block.2": {
    "l2_value": 0.0007356590358540416,
    "cosine_value": 0.2720869779586792,
    "shape": [
      1,
      512,
      128,
      128
    ],
    "method": "Both"
  },
  "decoder.up.2.upsample": {
    "l2_value": 0.0011994958622381091,
    "cosine_value": 0.25225400924682617,
    "shape": [
      1,
      512,
      256,
      256
    ],
    "method": "Both"
  },
  "decoder.up.3.block.0": {
    "l2_value": 0.00045522977598011494,
    "cosine_value": 0.24735450744628906,
    "shape": [
      1,
      512,
      64,
      64
    ],
    "method": "Both"
  },
  "decoder.up.3.block.1": {
    "l2_value": 0.00046249350998550653,
    "cosine_value": 0.23807579278945923,
    "shape": [
      1,
      512,
      64,
      64
    ],
    "method": "Both"
  },
  "decoder.up.3.block.2": {
    "l2_value": 0.00043606883264146745,
    "cosine_value": 0.26814377307891846,
    "shape": [
      1,
      512,
      64,
      64
    ],
    "method": "Both"
  },
  "decoder.up.3.upsample": {
    "l2_value": 0.0007718902197666466,
    "cosine_value": 0.22631114721298218,
    "shape": [
      1,
      512,
      128,
      128
    ],
    "method": "Both"
  },
  "decoder.conv_out": {
    "l2_value": 0.0004961229472731551,
    "cosine_value": 0.398306667804718,
    "shape": [
      1,
      3,
      512,
      512
    ],
    "method": "Both"
  }
}