{
  "decoder.conv_in": {
    "l2_value": 0.0006671468145214021,
    "cosine_value": 0.41615551710128784,
    "shape": [
      1,
      512,
      64,
      64
    ],
    "method": "Both"
  },
  "decoder.mid.block_1": {
    "l2_value": 0.000702038814779371,
    "cosine_value": 0.44202524423599243,
    "shape": [
      1,
      512,
      64,
      64
    ],
    "method": "Both"
  },
  "decoder.mid.attn_1": {
    "l2_value": 0.0006932198302820325,
    "cosine_value": 0.4165785312652588,
    "shape": [
      1,
      512,
      64,
      64
    ],
    "method": "Both"
  },
  "decoder.mid.block_2": {
    "l2_value": 0.0006941761821508408,
    "cosine_value": 0.3884694576263428,
    "shape": [
      1,
      512,
      64,
      64
    ],
    "method": "Both"
  },
  "decoder.up.0.block.0": {
    "l2_value": 0.008352773264050484,
    "cosine_value": 0.8199663460254669,
    "shape": [
      1,
      128,
      512,
      512
    ],
    "method": "Both"
  },
  "decoder.up.0.block.1": {
    "l2_value": 0.009489422664046288,
    "cosine_value": 0.8404766470193863,
    "shape": [
      1,
      128,
      512,
      512
    ],
    "method": "Both"
  },
  "decoder.up.0.block.2": {
    "l2_value": 0.010813973844051361,
    "cosine_value": 0.8522652983665466,
    "shape": [
      1,
      128,
      512,
      512
    ],
    "method": "Both"
  },
  "decoder.up.1.block.0": {
    "l2_value": 0.0017124069854617119,
    "cosine_value": 0.32973170280456543,
    "shape": [
      1,
      256,
      256,
      256
    ],
    "method": "Both"
  },
  "decoder.up.1.block.1": {
    "l2_value": 0.0017465041019022465,
    "cosine_value": 0.34924787282943726,
    "shape": [
      1,
      256,
      256,
      256
    ],
    "method": "Both"
  },
  "decoder.up.1.block.2": {
    "l2_value": 0.0016827489016577601,
    "cosine_value": 0.39436525106430054,
    "shape": [
      1,
      256,
      256,
      256
    ],
    "method": "Both"
  },
  "decoder.up.1.upsample": {
    "l2_value": 0.0027355386409908533,
    "cosine_value": 0.5331153571605682,
    "shape": [
      1,
      256,
      512,
      512
    ],
    "method": "Both"
  },
  "decoder.up.2.block.0": {
    "l2_value": 0.0012011388316750526,
    "cosine_value": 0.31621474027633667,
    "shape": [
      1,
      512,
      128,
      128
    ],
    "method": "Both"
  },
  "decoder.up.2.block.1": {
    "l2_value": 0.0012248823186382651,
    "cosine_value": 0.3109551668167114,
    "shape": [
      1,
      512,
      128,
      128
    ],
    "method": "Both"
  },
  "decoder.up.2.block.2": {
    "l2_value": 0.0011201332090422511,
    "cosine_value": 0.35793018341064453,
    "shape": [
      1,
      512,
      128,
      128
    ],
    "method": "Both"
  },
  "decoder.up.2.upsample": {
    "l2_value": 0.0018119791056960821,
    "cosine_value": 0.3405454158782959,
    "shape": [
      1,
      512,
      256,
      256
    ],
    "method": "Both"
  },
  "decoder.up.3.block.0": {
    "l2_value": 0.0007335198461078107,
    "cosine_value": 0.3798789381980896,
    "shape": [
      1,
      512,
      64,
      64
    ],
    "method": "Both"
  },
  "decoder.up.3.block.1": {
    "l2_value": 0.00073766935383901,
    "cosine_value": 0.372763454914093,
    "shape": [
      1,
      512,
      64,
      64
    ],
    "method": "Both"
  },
  "decoder.up.3.block.2": {
    "l2_value": 0.0006732580368407071,
    "cosine_value": 0.3826388120651245,
    "shape": [
      1,
      512,
      64,
      64
    ],
    "method": "Both"
  },
  "decoder.up.3.upsample": {
    "l2_value": 0.0012149172835052013,
    "cosine_value": 0.3396611213684082,
    "shape": [
      1,
      512,
      128,
      128
    ],
    "method": "Both"
  },
  "decoder.conv_out": {
    "l2_value": 0.0004980405404542884,
    "cosine_value": 0.38654929399490356,
    "shape": [
      1,
      3,
      512,
      512
    ],
    "method": "Both"
  }
}