{
  "decoder.conv_in": {
    "l2_value": 0.0002498915127944201,
    "cosine_value": 0.1942034363746643,
    "shape": [
      1,
      512,
      64,
      64
    ],
    "method": "Both"
  },
  "decoder.mid.block_1": {
    "l2_value": 0.00028941212804056704,
    "cosine_value": 0.13751274347305298,
    "shape": [
      1,
      512,
      64,
      64
    ],
    "method": "Both"
  },
  "decoder.mid.attn_1": {
    "l2_value": 0.00028061485500074923,
    "cosine_value": 0.11967557668685913,
    "shape": [
      1,
      512,
      64,
      64
    ],
    "method": "Both"
  },
  "decoder.mid.block_2": {
    "l2_value": 0.00029633959638886154,
    "cosine_value": 0.1206701397895813,
    "shape": [
      1,
      512,
      64,
      64
    ],
    "method": "Both"
  },
  "decoder.up.0.block.0": {
    "l2_value": 0.0013173194602131844,
    "cosine_value": 0.040190160274505615,
    "shape": [
      1,
      128,
      512,
      512
    ],
    "method": "Both"
  },
  "decoder.up.0.block.1": {
    "l2_value": 0.0013631258625537157,
    "cosine_value": 0.03134864568710327,
    "shape": [
      1,
      128,
      512,
      512
    ],
    "method": "Both"
  },
  "decoder.up.0.block.2": {
    "l2_value": 0.0014276998117566109,
    "cosine_value": 0.024739980697631836,
    "shape": [
      1,
      128,
      512,
      512
    ],
    "method": "Both"
  },
  "decoder.up.1.block.0": {
    "l2_value": 0.0007756604463793337,
    "cosine_value": 0.09359622001647949,
    "shape": [
      1,
      256,
      256,
      256
    ],
    "method": "Both"
  },
  "decoder.up.1.block.1": {
    "l2_value": 0.0007914648158475757,
    "cosine_value": 0.09432113170623779,
    "shape": [
      1,
      256,
      256,
      256
    ],
    "method": "Both"
  },
  "decoder.up.1.block.2": {
    "l2_value": 0.0007280371501110494,
    "cosine_value": 0.10470843315124512,
    "shape": [
      1,
      256,
      256,
      256
    ],
    "method": "Both"
  },
  "decoder.up.1.upsample": {
    "l2_value": 0.000821721157990396,
    "cosine_value": 0.08248060941696167,
    "shape": [
      1,
      256,
      512,
      512
    ],
    "method": "Both"
  },
  "decoder.up.2.block.0": {
    "l2_value": 0.0005759142804890871,
    "cosine_value": 0.1110684871673584,
    "shape": [
      1,
      512,
      128,
      128
    ],
    "method": "Both"
  },
  "decoder.up.2.block.1": {
    "l2_value": 0.000602043466642499,
    "cosine_value": 0.11822950839996338,
    "shape": [
      1,
      512,
      128,
      128
    ],
    "method": "Both"
  },
  "decoder.up.2.block.2": {
    "l2_value": 0.0005490586045198143,
    "cosine_value": 0.14490652084350586,
    "shape": [
      1,
      512,
      128,
      128
    ],
    "method": "Both"
  },
  "decoder.up.2.upsample": {
    "l2_value": 0.000868539500515908,
    "cosine_value": 0.12778407335281372,
    "shape": [
      1,
      512,
      256,
      256
    ],
    "method": "Both"
  },
  "decoder.up.3.block.0": {
    "l2_value": 0.0003377038810867816,
    "cosine_value": 0.1332787275314331,
    "shape": [
      1,
      512,
      64,
      64
    ],
    "method": "Both"
  },
  "decoder.up.3.block.1": {
    "l2_value": 0.00035267381463199854,
    "cosine_value": 0.13529938459396362,
    "shape": [
      1,
      512,
      64,
      64
    ],
    "method": "Both"
  },
  "decoder.up.3.block.2": {
    "l2_value": 0.00032978481613099575,
    "cosine_value": 0.14902442693710327,
    "shape": [
      1,
      512,
      64,
      64
    ],
    "method": "Both"
  },
  "decoder.up.3.upsample": {
    "l2_value": 0.0005723102367483079,
    "cosine_value": 0.12155306339263916,
    "shape": [
      1,
      512,
      128,
      128
    ],
    "method": "Both"
  },
  "decoder.conv_out": {
    "l2_value": 0.0003082001154931883,
    "cosine_value": 0.11589521169662476,
    "shape": [
      1,
      3,
      512,
      512
    ],
    "method": "Both"
  }
}