{
  "decoder.conv_in": {
    "l2_value": 0.000183820680831559,
    "cosine_value": 0.11755526065826416,
    "shape": [
      1,
      512,
      64,
      64
    ],
    "method": "Both"
  },
  "decoder.mid.block_1": {
    "l2_value": 0.00021040394494775683,
    "cosine_value": 0.07386642694473267,
    "shape": [
      1,
      512,
      64,
      64
    ],
    "method": "Both"
  },
  "decoder.mid.attn_1": {
    "l2_value": 0.00020652030070777982,
    "cosine_value": 0.06567150354385376,
    "shape": [
      1,
      512,
      64,
      64
    ],
    "method": "Both"
  },
  "decoder.mid.block_2": {
    "l2_value": 0.00021853065118193626,
    "cosine_value": 0.067105233669281,
    "shape": [
      1,
      512,
      64,
      64
    ],
    "method": "Both"
  },
  "decoder.up.0.block.0": {
    "l2_value": 0.0033655399456620216,
    "cosine_value": 0.2584593892097473,
    "shape": [
      1,
      128,
      512,
      512
    ],
    "method": "Both"
  },
  "decoder.up.0.block.1": {
    "l2_value": 0.004096685443073511,
    "cosine_value": 0.2795097827911377,
    "shape": [
      1,
      128,
      512,
      512
    ],
    "method": "Both"
  },
  "decoder.up.0.block.2": {
    "l2_value": 0.004957790952175856,
    "cosine_value": 0.294383704662323,
    "shape": [
      1,
      128,
      512,
      512
    ],
    "method": "Both"
  },
  "decoder.up.1.block.0": {
    "l2_value": 0.0005574270617216825,
    "cosine_value": 0.0480266809463501,
    "shape": [
      1,
      256,
      256,
      256
    ],
    "method": "Both"
  },
  "decoder.up.1.block.1": {
    "l2_value": 0.000564848305657506,
    "cosine_value": 0.047705769538879395,
    "shape": [
      1,
      256,
      256,
      256
    ],
    "method": "Both"
  },
  "decoder.up.1.block.2": {
    "l2_value": 0.0005315518355928361,
    "cosine_value": 0.05518215894699097,
    "shape": [
      1,
      256,
      256,
      256
    ],
    "method": "Both"
  },
  "decoder.up.1.upsample": {
    "l2_value": 0.0008049660827964544,
    "cosine_value": 0.07885384559631348,
    "shape": [
      1,
      256,
      512,
      512
    ],
    "method": "Both"
  },
  "decoder.up.2.block.0": {
    "l2_value": 0.00040787371108308434,
    "cosine_value": 0.05703037977218628,
    "shape": [
      1,
      512,
      128,
      128
    ],
    "method": "Both"
  },
  "decoder.up.2.block.1": {
    "l2_value": 0.0004241365531925112,
    "cosine_value": 0.060079097747802734,
    "shape": [
      1,
      512,
      128,
      128
    ],
    "method": "Both"
  },
  "decoder.up.2.block.2": {
    "l2_value": 0.00038349637179635465,
    "cosine_value": 0.07169485092163086,
    "shape": [
      1,
      512,
      128,
      128
    ],
    "method": "Both"
  },
  "decoder.up.2.upsample": {
    "l2_value": 0.0006089202361181378,
    "cosine_value": 0.06379616260528564,
    "shape": [
      1,
      512,
      256,
      256
    ],
    "method": "Both"
  },
  "decoder.up.3.block.0": {
    "l2_value": 0.00024518335703760386,
    "cosine_value": 0.07200449705123901,
    "shape": [
      1,
      512,
      64,
      64
    ],
    "method": "Both"
  },
  "decoder.up.3.block.1": {
    "l2_value": 0.0002504199219401926,
    "cosine_value": 0.06968832015991211,
    "shape": [
      1,
      512,
      64,
      64
    ],
    "method": "Both"
  },
  "decoder.up.3.block.2": {
    "l2_value": 0.00023369668633677065,
    "cosine_value": 0.07606381177902222,
    "shape": [
      1,
      512,
      64,
      64
    ],
    "method": "Both"
  },
  "decoder.up.3.upsample": {
    "l2_value": 0.0004098209028597921,
    "cosine_value": 0.0641067624092102,
    "shape": [
      1,
      512,
      128,
      128
    ],
    "method": "Both"
  },
  "decoder.conv_out": {
    "l2_value": 0.0002045133151113987,
    "cosine_value": 0.04843372106552124,
    "shape": [
      1,
      3,
      512,
      512
    ],
    "method": "Both"
  }
}