{
  "decoder.conv_in": {
    "l2_value": 0.0003649227146524936,
    "cosine_value": 0.1144905686378479,
    "shape": [
      1,
      512,
      64,
      64
    ],
    "method": "Both"
  },
  "decoder.mid.block_1": {
    "l2_value": 0.00040052630356512964,
    "cosine_value": 0.1347355842590332,
    "shape": [
      1,
      512,
      64,
      64
    ],
    "method": "Both"
  },
  "decoder.mid.attn_1": {
    "l2_value": 0.000396020186599344,
    "cosine_value": 0.1296067237854004,
    "shape": [
      1,
      512,
      64,
      64
    ],
    "method": "Both"
  },
  "decoder.mid.block_2": {
    "l2_value": 0.00039389365701936185,
    "cosine_value": 0.12015050649642944,
    "shape": [
      1,
      512,
      64,
      64
    ],
    "method": "Both"
  },
  "decoder.up.0.block.0": {
    "l2_value": 0.005416628438979387,
    "cosine_value": 0.3239203691482544,
    "shape": [
      1,
      128,
      512,
      512
    ],
    "method": "Both"
  },
  "decoder.up.0.block.1": {
    "l2_value": 0.006210524123162031,
    "cosine_value": 0.3427179455757141,
    "shape": [
      1,
      128,
      512,
      512
    ],
    "method": "Both"
  },
  "decoder.up.0.block.2": {
    "l2_value": 0.007122109178453684,
    "cosine_value": 0.3558340072631836,
    "shape": [
      1,
      128,
      512,
      512
    ],
    "method": "Both"
  },
  "decoder.up.1.block.0": {
    "l2_value": 0.0009091686806641519,
    "cosine_value": 0.08320754766464233,
    "shape": [
      1,
      256,
      256,
      256
    ],
    "method": "Both"
  },
  "decoder.up.1.block.1": {
    "l2_value": 0.0009355664369650185,
    "cosine_value": 0.08854055404663086,
    "shape": [
      1,
      256,
      256,
      256
    ],
    "method": "Both"
  },
  "decoder.up.1.block.2": {
    "l2_value": 0.0008988035842776299,
    "cosine_value": 0.09653300046920776,
    "shape": [
      1,
      256,
      256,
      256
    ],
    "method": "Both"
  },
  "decoder.up.1.upsample": {
    "l2_value": 0.0016183918341994286,
    "cosine_value": 0.16574376821517944,
    "shape": [
      1,
      256,
      512,
      512
    ],
    "method": "Both"
  },
  "decoder.up.2.block.0": {
    "l2_value": 0.000655000563710928,
    "cosine_value": 0.09037202596664429,
    "shape": [
      1,
      512,
      128,
      128
    ],
    "method": "Both"
  },
  "decoder.up.2.block.1": {
    "l2_value": 0.000670289620757103,
    "cosine_value": 0.0895226001739502,
    "shape": [
      1,
      512,
      128,
      128
    ],
    "method": "Both"
  },
  "decoder.up.2.block.2": {
    "l2_value": 0.0006040396983735263,
    "cosine_value": 0.09561723470687866,
    "shape": [
      1,
      512,
      128,
      128
    ],
    "method": "Both"
  },
  "decoder.up.2.upsample": {
    "l2_value": 0.0009527413640171289,
    "cosine_value": 0.08538818359375,
    "shape": [
      1,
      512,
      256,
      256
    ],
    "method": "Both"
  },
  "decoder.up.3.block.0": {
    "l2_value": 0.0004189196042716503,
    "cosine_value": 0.12023895978927612,
    "shape": [
      1,
      512,
      64,
      64
    ],
    "method": "Both"
  },
  "decoder.up.3.block.1": {
    "l2_value": 0.0004158171359449625,
    "cosine_value": 0.11526244878768921,
    "shape": [
      1,
      512,
      64,
      64
    ],
    "method": "Both"
  },
  "decoder.up.3.block.2": {
    "l2_value": 0.0003701724053826183,
    "cosine_value": 0.11029022932052612,
    "shape": [
      1,
      512,
      64,
      64
    ],
    "method": "Both"
  },
  "decoder.up.3.upsample": {
    "l2_value": 0.0006627412512898445,
    "cosine_value": 0.09700679779052734,
    "shape": [
      1,
      512,
      128,
      128
    ],
    "method": "Both"
  },
  "decoder.conv_out": {
    "l2_value": 0.0002023490184607605,
    "cosine_value": 0.045887529850006104,
    "shape": [
      1,
      3,
      512,
      512
    ],
    "method": "Both"
  }
}