{
  "decoder.conv_in": {
    "l2_value": 0.00035664744791574776,
    "cosine_value": 0.4442724585533142,
    "shape": [
      1,
      512,
      64,
      64
    ],
    "method": "Both"
  },
  "decoder.mid.block_1": {
    "l2_value": 0.00043863255996257067,
    "cosine_value": 0.3071838617324829,
    "shape": [
      1,
      512,
      64,
      64
    ],
    "method": "Both"
  },
  "decoder.mid.attn_1": {
    "l2_value": 0.00042479689000174403,
    "cosine_value": 0.25727587938308716,
    "shape": [
      1,
      512,
      64,
      64
    ],
    "method": "Both"
  },
  "decoder.mid.block_2": {
    "l2_value": 0.0004444528021849692,
    "cosine_value": 0.2575967311859131,
    "shape": [
      1,
      512,
      64,
      64
    ],
    "method": "Both"
  },
  "decoder.up.0.block.0": {
    "l2_value": 0.005445859394967556,
    "cosine_value": 0.7023714482784271,
    "shape": [
      1,
      128,
      512,
      512
    ],
    "method": "Both"
  },
  "decoder.up.0.block.1": {
    "l2_value": 0.006635121535509825,
    "cosine_value": 0.7562008053064346,
    "shape": [
      1,
      128,
      512,
      512
    ],
    "method": "Both"
  },
  "decoder.up.0.block.2": {
    "l2_value": 0.007995648309588432,
    "cosine_value": 0.7924118936061859,
    "shape": [
      1,
      128,
      512,
      512
    ],
    "method": "Both"
  },
  "decoder.up.1.block.0": {
    "l2_value": 0.0011137701803818345,
    "cosine_value": 0.1761278510093689,
    "shape": [
      1,
      256,
      256,
      256
    ],
    "method": "Both"
  },
  "decoder.up.1.block.1": {
    "l2_value": 0.001115902210585773,
    "cosine_value": 0.17472559213638306,
    "shape": [
      1,
      256,
      256,
      256
    ],
    "method": "Both"
  },
  "decoder.up.1.block.2": {
    "l2_value": 0.0010493336012586951,
    "cosine_value": 0.20521163940429688,
    "shape": [
      1,
      256,
      256,
      256
    ],
    "method": "Both"
  },
  "decoder.up.1.upsample": {
    "l2_value": 0.0014511854387819767,
    "cosine_value": 0.24747616052627563,
    "shape": [
      1,
      256,
      512,
      512
    ],
    "method": "Both"
  },
  "decoder.up.2.block.0": {
    "l2_value": 0.0008126999018713832,
    "cosine_value": 0.20916682481765747,
    "shape": [
      1,
      512,
      128,
      128
    ],
    "method": "Both"
  },
  "decoder.up.2.block.1": {
    "l2_value": 0.0008433706243522465,
    "cosine_value": 0.2247774600982666,
    "shape": [
      1,
      512,
      128,
      128
    ],
    "method": "Both"
  },
  "decoder.up.2.block.2": {
    "l2_value": 0.0007694013183936477,
    "cosine_value": 0.27312618494033813,
    "shape": [
      1,
      512,
      128,
      128
    ],
    "method": "Both"
  },
  "decoder.up.2.upsample": {
    "l2_value": 0.0012063051108270884,
    "cosine_value": 0.23757487535476685,
    "shape": [
      1,
      512,
      256,
      256
    ],
    "method": "Both"
  },
  "decoder.up.3.block.0": {
    "l2_value": 0.0004878606414422393,
    "cosine_value": 0.2718643546104431,
    "shape": [
      1,
      512,
      64,
      64
    ],
    "method": "Both"
  },
  "decoder.up.3.block.1": {
    "l2_value": 0.0005004220874980092,
    "cosine_value": 0.26984715461730957,
    "shape": [
      1,
      512,
      64,
      64
    ],
    "method": "Both"
  },
  "decoder.up.3.block.2": {
    "l2_value": 0.00047230810741893947,
    "cosine_value": 0.2952960729598999,
    "shape": [
      1,
      512,
      64,
      64
    ],
    "method": "Both"
  },
  "decoder.up.3.upsample": {
    "l2_value": 0.000817909196484834,
    "cosine_value": 0.23559391498565674,
    "shape": [
      1,
      512,
      128,
      128
    ],
    "method": "Both"
  },
  "decoder.conv_out": {
    "l2_value": 0.00041425228118896484,
    "cosine_value": 0.16159909963607788,
    "shape": [
      1,
      3,
      512,
      512
    ],
    "method": "Both"
  }
}