{
  "decoder.conv_in": {
    "l2_value": 0.0007596405339427292,
    "cosine_value": 0.4242180585861206,
    "shape": [
      1,
      512,
      64,
      64
    ],
    "method": "Both"
  },
  "decoder.mid.block_1": {
    "l2_value": 0.000791378493886441,
    "cosine_value": 0.4486733675003052,
    "shape": [
      1,
      512,
      64,
      64
    ],
    "method": "Both"
  },
  "decoder.mid.attn_1": {
    "l2_value": 0.0007734994869679213,
    "cosine_value": 0.4165629744529724,
    "shape": [
      1,
      512,
      64,
      64
    ],
    "method": "Both"
  },
  "decoder.mid.block_2": {
    "l2_value": 0.00078473991015926,
    "cosine_value": 0.40279054641723633,
    "shape": [
      1,
      512,
      64,
      64
    ],
    "method": "Both"
  },
  "decoder.up.0.block.0": {
    "l2_value": 0.008406908251345158,
    "cosine_value": 0.7393286526203156,
    "shape": [
      1,
      128,
      512,
      512
    ],
    "method": "Both"
  },
  "decoder.up.0.block.1": {
    "l2_value": 0.009577999822795391,
    "cosine_value": 0.7752863019704819,
    "shape": [
      1,
      128,
      512,
      512
    ],
    "method": "Both"
  },
  "decoder.up.0.block.2": {
    "l2_value": 0.010877919383347034,
    "cosine_value": 0.798551008105278,
    "shape": [
      1,
      128,
      512,
      512
    ],
    "method": "Both"
  },
  "decoder.up.1.block.0": {
    "l2_value": 0.00183291791472584,
    "cosine_value": 0.2831141948699951,
    "shape": [
      1,
      256,
      256,
      256
    ],
    "method": "Both"
  },
  "decoder.up.1.block.1": {
    "l2_value": 0.0018466098699718714,
    "cosine_value": 0.2919353246688843,
    "shape": [
      1,
      256,
      256,
      256
    ],
    "method": "Both"
  },
  "decoder.up.1.block.2": {
    "l2_value": 0.001751932897605002,
    "cosine_value": 0.3125629425048828,
    "shape": [
      1,
      256,
      256,
      256
    ],
    "method": "Both"
  },
  "decoder.up.1.upsample": {
    "l2_value": 0.0027875856030732393,
    "cosine_value": 0.43862849473953247,
    "shape": [
      1,
      256,
      512,
      512
    ],
    "method": "Both"
  },
  "decoder.up.2.block.0": {
    "l2_value": 0.001363430405035615,
    "cosine_value": 0.3232381343841553,
    "shape": [
      1,
      512,
      128,
      128
    ],
    "method": "Both"
  },
  "decoder.up.2.block.1": {
    "l2_value": 0.0013908756664022803,
    "cosine_value": 0.3279944658279419,
    "shape": [
      1,
      512,
      128,
      128
    ],
    "method": "Both"
  },
  "decoder.up.2.block.2": {
    "l2_value": 0.0012544409837573767,
    "cosine_value": 0.3571796417236328,
    "shape": [
      1,
      512,
      128,
      128
    ],
    "method": "Both"
  },
  "decoder.up.2.upsample": {
    "l2_value": 0.0019941420760005713,
    "cosine_value": 0.31861305236816406,
    "shape": [
      1,
      512,
      256,
      256
    ],
    "method": "Both"
  },
  "decoder.up.3.block.0": {
    "l2_value": 0.0008374535827897489,
    "cosine_value": 0.41469359397888184,
    "shape": [
      1,
      512,
      64,
      64
    ],
    "method": "Both"
  },
  "decoder.up.3.block.1": {
    "l2_value": 0.0008521222043782473,
    "cosine_value": 0.41923534870147705,
    "shape": [
      1,
      512,
      64,
      64
    ],
    "method": "Both"
  },
  "decoder.up.3.block.2": {
    "l2_value": 0.0007818728336133063,
    "cosine_value": 0.4073885679244995,
    "shape": [
      1,
      512,
      64,
      64
    ],
    "method": "Both"
  },
  "decoder.up.3.upsample": {
    "l2_value": 0.0013951341388747096,
    "cosine_value": 0.3473898768424988,
    "shape": [
      1,
      512,
      128,
      128
    ],
    "method": "Both"
  },
  "decoder.conv_out": {
    "l2_value": 0.0004087684986491998,
    "cosine_value": 0.14926761388778687,
    "shape": [
      1,
      3,
      512,
      512
    ],
    "method": "Both"
  }
}