{
  "decoder.conv_in": {
    "l2_value": 0.00010658191604306921,
    "cosine_value": 0.040740013122558594,
    "shape": [
      1,
      512,
      64,
      64
    ],
    "method": "Both"
  },
  "decoder.mid.block_1": {
    "l2_value": 0.00012810034968424588,
    "cosine_value": 0.02699834108352661,
    "shape": [
      1,
      512,
      64,
      64
    ],
    "method": "Both"
  },
  "decoder.mid.attn_1": {
    "l2_value": 0.00012749982124660164,
    "cosine_value": 0.024934768676757812,
    "shape": [
      1,
      512,
      64,
      64
    ],
    "method": "Both"
  },
  "decoder.mid.block_2": {
    "l2_value": 0.00014304449723567814,
    "cosine_value": 0.02833491563796997,
    "shape": [
      1,
      512,
      64,
      64
    ],
    "method": "Both"
  },
  "decoder.up.0.block.0": {
    "l2_value": 0.0003319972020108253,
    "cosine_value": 0.0025257468223571777,
    "shape": [
      1,
      128,
      512,
      512
    ],
    "method": "Both"
  },
  "decoder.up.0.block.1": {
    "l2_value": 0.0003327060549054295,
    "cosine_value": 0.0018376708030700684,
    "shape": [
      1,
      128,
      512,
      512
    ],
    "method": "Both"
  },
  "decoder.up.0.block.2": {
    "l2_value": 0.00034109584521502256,
    "cosine_value": 0.0013818740844726562,
    "shape": [
      1,
      128,
      512,
      512
    ],
    "method": "Both"
  },
  "decoder.up.1.block.0": {
    "l2_value": 0.00035039239446632564,
    "cosine_value": 0.019791603088378906,
    "shape": [
      1,
      256,
      256,
      256
    ],
    "method": "Both"
  },
  "decoder.up.1.block.1": {
    "l2_value": 0.00036431668559089303,
    "cosine_value": 0.020749032497406006,
    "shape": [
      1,
      256,
      256,
      256
    ],
    "method": "Both"
  },
  "decoder.up.1.block.2": {
    "l2_value": 0.0003238483041059226,
    "cosine_value": 0.02160489559173584,
    "shape": [
      1,
      256,
      256,
      256
    ],
    "method": "Both"
  },
  "decoder.up.1.upsample": {
    "l2_value": 0.00031420873710885644,
    "cosine_value": 0.012611746788024902,
    "shape": [
      1,
      256,
      512,
      512
    ],
    "method": "Both"
  },
  "decoder.up.2.block.0": {
    "l2_value": 0.000297974213026464,
    "cosine_value": 0.030404269695281982,
    "shape": [
      1,
      512,
      128,
      128
    ],
    "method": "Both"
  },
  "decoder.up.2.block.1": {
    "l2_value": 0.00031707948073744774,
    "cosine_value": 0.0337061882019043,
    "shape": [
      1,
      512,
      128,
      128
    ],
    "method": "Both"
  },
  "decoder.up.2.block.2": {
    "l2_value": 0.0002825373085215688,
    "cosine_value": 0.039483606815338135,
    "shape": [
      1,
      512,
      128,
      128
    ],
    "method": "Both"
  },
  "decoder.up.2.upsample": {
    "l2_value": 0.00041388848330825567,
    "cosine_value": 0.03052222728729248,
    "shape": [
      1,
      512,
      256,
      256
    ],
    "method": "Both"
  },
  "decoder.up.3.block.0": {
    "l2_value": 0.00017868928262032568,
    "cosine_value": 0.03764641284942627,
    "shape": [
      1,
      512,
      64,
      64
    ],
    "method": "Both"
  },
  "decoder.up.3.block.1": {
    "l2_value": 0.00019235638319514692,
    "cosine_value": 0.040812790393829346,
    "shape": [
      1,
      512,
      64,
      64
    ],
    "method": "Both"
  },
  "decoder.up.3.block.2": {
    "l2_value": 0.00017750899132806808,
    "cosine_value": 0.043515801429748535,
    "shape": [
      1,
      512,
      64,
      64
    ],
    "method": "Both"
  },
  "decoder.up.3.upsample": {
    "l2_value": 0.00029636919498443604,
    "cosine_value": 0.03356868028640747,
    "shape": [
      1,
      512,
      128,
      128
    ],
    "method": "Both"
  },
  "decoder.conv_out": {
    "l2_value": 7.319128296027581e-05,
    "cosine_value": 0.007193803787231445,
    "shape": [
      1,
      3,
      512,
      512
    ],
    "method": "Both"
  }
}