{
  "decoder.conv_in": {
    "l2_value": 0.00023413746384903789,
    "cosine_value": 0.04965221881866455,
    "shape": [
      1,
      512,
      64,
      64
    ],
    "method": "Both"
  },
  "decoder.mid.block_1": {
    "l2_value": 0.0002176641719415784,
    "cosine_value": 0.040428757667541504,
    "shape": [
      1,
      512,
      64,
      64
    ],
    "method": "Both"
  },
  "decoder.mid.attn_1": {
    "l2_value": 0.00021709893189836293,
    "cosine_value": 0.039643049240112305,
    "shape": [
      1,
      512,
      64,
      64
    ],
    "method": "Both"
  },
  "decoder.mid.block_2": {
    "l2_value": 0.00023266171046998352,
    "cosine_value": 0.042469322681427,
    "shape": [
      1,
      512,
      64,
      64
    ],
    "method": "Both"
  },
  "decoder.up.0.block.0": {
    "l2_value": 0.0004818360321223736,
    "cosine_value": 0.0026068687438964844,
    "shape": [
      1,
      128,
      512,
      512
    ],
    "method": "Both"
  },
  "decoder.up.0.block.1": {
    "l2_value": 0.00048400057130493224,
    "cosine_value": 0.0021143555641174316,
    "shape": [
      1,
      128,
      512,
      512
    ],
    "method": "Both"
  },
  "decoder.up.0.block.2": {
    "l2_value": 0.0004918205668218434,
    "cosine_value": 0.001717209815979004,
    "shape": [
      1,
      128,
      512,
      512
    ],
    "method": "Both"
  },
  "decoder.up.1.block.0": {
    "l2_value": 0.00043721520341932774,
    "cosine_value": 0.019528090953826904,
    "shape": [
      1,
      256,
      256,
      256
    ],
    "method": "Both"
  },
  "decoder.up.1.block.1": {
    "l2_value": 0.0004680076672229916,
    "cosine_value": 0.022597908973693848,
    "shape": [
      1,
      256,
      256,
      256
    ],
    "method": "Both"
  },
  "decoder.up.1.block.2": {
    "l2_value": 0.0004403341154102236,
    "cosine_value": 0.02370631694793701,
    "shape": [
      1,
      256,
      256,
      256
    ],
    "method": "Both"
  },
  "decoder.up.1.upsample": {
    "l2_value": 0.0004816558794118464,
    "cosine_value": 0.0149688720703125,
    "shape": [
      1,
      256,
      512,
      512
    ],
    "method": "Both"
  },
  "decoder.up.2.block.0": {
    "l2_value": 0.0004262047295924276,
    "cosine_value": 0.038658082485198975,
    "shape": [
      1,
      512,
      128,
      128
    ],
    "method": "Both"
  },
  "decoder.up.2.block.1": {
    "l2_value": 0.00044496156624518335,
    "cosine_value": 0.03958559036254883,
    "shape": [
      1,
      512,
      128,
      128
    ],
    "method": "Both"
  },
  "decoder.up.2.block.2": {
    "l2_value": 0.00038945325650274754,
    "cosine_value": 0.04010254144668579,
    "shape": [
      1,
      512,
      128,
      128
    ],
    "method": "Both"
  },
  "decoder.up.2.upsample": {
    "l2_value": 0.0005539371049962938,
    "cosine_value": 0.029235482215881348,
    "shape": [
      1,
      512,
      256,
      256
    ],
    "method": "Both"
  },
  "decoder.up.3.block.0": {
    "l2_value": 0.00026708285440690815,
    "cosine_value": 0.049197256565093994,
    "shape": [
      1,
      512,
      64,
      64
    ],
    "method": "Both"
  },
  "decoder.up.3.block.1": {
    "l2_value": 0.0002842728281393647,
    "cosine_value": 0.05434149503707886,
    "shape": [
      1,
      512,
      64,
      64
    ],
    "method": "Both"
  },
  "decoder.up.3.block.2": {
    "l2_value": 0.00024970906088128686,
    "cosine_value": 0.0511244535446167,
    "shape": [
      1,
      512,
      64,
      64
    ],
    "method": "Both"
  },
  "decoder.up.3.upsample": {
    "l2_value": 0.00042980245780199766,
    "cosine_value": 0.04148590564727783,
    "shape": [
      1,
      512,
      128,
      128
    ],
    "method": "Both"
  },
  "decoder.conv_out": {
    "l2_value": 7.13827369812255e-05,
    "cosine_value": 0.006677806377410889,
    "shape": [
      1,
      3,
      512,
      512
    ],
    "method": "Both"
  }
}