{
  "decoder.conv_in": {
    "l2_value": 0.0005522080464288592,
    "cosine_value": 0.28954994678497314,
    "shape": [
      1,
      512,
      64,
      64
    ],
    "method": "Both"
  },
  "decoder.mid.block_1": {
    "l2_value": 0.0005384563119150698,
    "cosine_value": 0.2652553915977478,
    "shape": [
      1,
      512,
      64,
      64
    ],
    "method": "Both"
  },
  "decoder.mid.attn_1": {
    "l2_value": 0.0005403588293120265,
    "cosine_value": 0.2574719786643982,
    "shape": [
      1,
      512,
      64,
      64
    ],
    "method": "Both"
  },
  "decoder.mid.block_2": {
    "l2_value": 0.0005580770666711032,
    "cosine_value": 0.2550796866416931,
    "shape": [
      1,
      512,
      64,
      64
    ],
    "method": "Both"
  },
  "decoder.up.0.block.0": {
    "l2_value": 0.0021661638747900724,
    "cosine_value": 0.05771756172180176,
    "shape": [
      1,
      128,
      512,
      512
    ],
    "method": "Both"
  },
  "decoder.up.0.block.1": {
    "l2_value": 0.002258023014292121,
    "cosine_value": 0.050183892250061035,
    "shape": [
      1,
      128,
      512,
      512
    ],
    "method": "Both"
  },
  "decoder.up.0.block.2": {
    "l2_value": 0.002367973094806075,
    "cosine_value": 0.04304945468902588,
    "shape": [
      1,
      128,
      512,
      512
    ],
    "method": "Both"
  },
  "decoder.up.1.block.0": {
    "l2_value": 0.0012251469306647778,
    "cosine_value": 0.16963446140289307,
    "shape": [
      1,
      256,
      256,
      256
    ],
    "method": "Both"
  },
  "decoder.up.1.block.1": {
    "l2_value": 0.0012517735594883561,
    "cosine_value": 0.18007493019104004,
    "shape": [
      1,
      256,
      256,
      256
    ],
    "method": "Both"
  },
  "decoder.up.1.block.2": {
    "l2_value": 0.0011711871484294534,
    "cosine_value": 0.1904451847076416,
    "shape": [
      1,
      256,
      256,
      256
    ],
    "method": "Both"
  },
  "decoder.up.1.upsample": {
    "l2_value": 0.0014137061079964042,
    "cosine_value": 0.14517050981521606,
    "shape": [
      1,
      256,
      512,
      512
    ],
    "method": "Both"
  },
  "decoder.up.2.block.0": {
    "l2_value": 0.0010155335767194629,
    "cosine_value": 0.2290738821029663,
    "shape": [
      1,
      512,
      128,
      128
    ],
    "method": "Both"
  },
  "decoder.up.2.block.1": {
    "l2_value": 0.0010495505994185805,
    "cosine_value": 0.2286369800567627,
    "shape": [
      1,
      512,
      128,
      128
    ],
    "method": "Both"
  },
  "decoder.up.2.block.2": {
    "l2_value": 0.0009324562270194292,
    "cosine_value": 0.2460181713104248,
    "shape": [
      1,
      512,
      128,
      128
    ],
    "method": "Both"
  },
  "decoder.up.2.upsample": {
    "l2_value": 0.0014419818762689829,
    "cosine_value": 0.21508610248565674,
    "shape": [
      1,
      512,
      256,
      256
    ],
    "method": "Both"
  },
  "decoder.up.3.block.0": {
    "l2_value": 0.0006056185811758041,
    "cosine_value": 0.2627386450767517,
    "shape": [
      1,
      512,
      64,
      64
    ],
    "method": "Both"
  },
  "decoder.up.3.block.1": {
    "l2_value": 0.0006312025943771005,
    "cosine_value": 0.27559375762939453,
    "shape": [
      1,
      512,
      64,
      64
    ],
    "method": "Both"
  },
  "decoder.up.3.block.2": {
    "l2_value": 0.0005708815879188478,
    "cosine_value": 0.2786228656768799,
    "shape": [
      1,
      512,
      64,
      64
    ],
    "method": "Both"
  },
  "decoder.up.3.upsample": {
    "l2_value": 0.0010266171302646399,
    "cosine_value": 0.24705219268798828,
    "shape": [
      1,
      512,
      128,
      128
    ],
    "method": "Both"
  },
  "decoder.conv_out": {
    "l2_value": 0.0003294327761977911,
    "cosine_value": 0.13460379838943481,
    "shape": [
      1,
      3,
      512,
      512
    ],
    "method": "Both"
  }
}