{
  "decoder.conv_in": {
    "l2_value": 0.00029990621260367334,
    "cosine_value": 0.31481391191482544,
    "shape": [
      1,
      512,
      64,
      64
    ],
    "method": "Both"
  },
  "decoder.mid.block_1": {
    "l2_value": 0.00035354646388441324,
    "cosine_value": 0.22454804182052612,
    "shape": [
      1,
      512,
      64,
      64
    ],
    "method": "Both"
  },
  "decoder.mid.attn_1": {
    "l2_value": 0.00035546586150303483,
    "cosine_value": 0.20373213291168213,
    "shape": [
      1,
      512,
      64,
      64
    ],
    "method": "Both"
  },
  "decoder.mid.block_2": {
    "l2_value": 0.00037393736420199275,
    "cosine_value": 0.2026715874671936,
    "shape": [
      1,
      512,
      64,
      64
    ],
    "method": "Both"
  },
  "decoder.up.0.block.0": {
    "l2_value": 0.0016660646069794893,
    "cosine_value": 0.06633049249649048,
    "shape": [
      1,
      128,
      512,
      512
    ],
    "method": "Both"
  },
  "decoder.up.0.block.1": {
    "l2_value": 0.0018029840430244803,
    "cosine_value": 0.0564349889755249,
    "shape": [
      1,
      128,
      512,
      512
    ],
    "method": "Both"
  },
  "decoder.up.0.block.2": {
    "l2_value": 0.0019869040697813034,
    "cosine_value": 0.049064457416534424,
    "shape": [
      1,
      128,
      512,
      512
    ],
    "method": "Both"
  },
  "decoder.up.1.block.0": {
    "l2_value": 0.000946815824136138,
    "cosine_value": 0.14850491285324097,
    "shape": [
      1,
      256,
      256,
      256
    ],
    "method": "Both"
  },
  "decoder.up.1.block.1": {
    "l2_value": 0.0009497052524238825,
    "cosine_value": 0.1446036696434021,
    "shape": [
      1,
      256,
      256,
      256
    ],
    "method": "Both"
  },
  "decoder.up.1.block.2": {
    "l2_value": 0.0008581848815083504,
    "cosine_value": 0.15695643424987793,
    "shape": [
      1,
      256,
      256,
      256
    ],
    "method": "Both"
  },
  "decoder.up.1.upsample": {
    "l2_value": 0.0009793101344257593,
    "cosine_value": 0.12570452690124512,
    "shape": [
      1,
      256,
      512,
      512
    ],
    "method": "Both"
  },
  "decoder.up.2.block.0": {
    "l2_value": 0.0007180710090324283,
    "cosine_value": 0.18224996328353882,
    "shape": [
      1,
      512,
      128,
      128
    ],
    "method": "Both"
  },
  "decoder.up.2.block.1": {
    "l2_value": 0.0007516306941397488,
    "cosine_value": 0.19312578439712524,
    "shape": [
      1,
      512,
      128,
      128
    ],
    "method": "Both"
  },
  "decoder.up.2.block.2": {
    "l2_value": 0.0006747191655449569,
    "cosine_value": 0.23291254043579102,
    "shape": [
      1,
      512,
      128,
      128
    ],
    "method": "Both"
  },
  "decoder.up.2.upsample": {
    "l2_value": 0.0010718251578509808,
    "cosine_value": 0.2069453001022339,
    "shape": [
      1,
      512,
      256,
      256
    ],
    "method": "Both"
  },
  "decoder.up.3.block.0": {
    "l2_value": 0.00041901544318534434,
    "cosine_value": 0.21444368362426758,
    "shape": [
      1,
      512,
      64,
      64
    ],
    "method": "Both"
  },
  "decoder.up.3.block.1": {
    "l2_value": 0.00043617046321742237,
    "cosine_value": 0.2157759666442871,
    "shape": [
      1,
      512,
      64,
      64
    ],
    "method": "Both"
  },
  "decoder.up.3.block.2": {
    "l2_value": 0.0004064793174620718,
    "cosine_value": 0.23900026082992554,
    "shape": [
      1,
      512,
      64,
      64
    ],
    "method": "Both"
  },
  "decoder.up.3.upsample": {
    "l2_value": 0.0007135816849768162,
    "cosine_value": 0.2004815936088562,
    "shape": [
      1,
      512,
      128,
      128
    ],
    "method": "Both"
  },
  "decoder.conv_out": {
    "l2_value": 0.00033101354104777175,
    "cosine_value": 0.1426437497138977,
    "shape": [
      1,
      3,
      512,
      512
    ],
    "method": "Both"
  }
}