{
  "decoder.conv_in": {
    "l2_value": 0.0004547401622403413,
    "cosine_value": 0.13305848836898804,
    "shape": [
      1,
      512,
      64,
      64
    ],
    "method": "Both"
  },
  "decoder.mid.block_1": {
    "l2_value": 0.0004221877607051283,
    "cosine_value": 0.11694318056106567,
    "shape": [
      1,
      512,
      64,
      64
    ],
    "method": "Both"
  },
  "decoder.mid.attn_1": {
    "l2_value": 0.00042364676482975483,
    "cosine_value": 0.11768150329589844,
    "shape": [
      1,
      512,
      64,
      64
    ],
    "method": "Both"
  },
  "decoder.mid.block_2": {
    "l2_value": 0.0004507770645432174,
    "cosine_value": 0.12490302324295044,
    "shape": [
      1,
      512,
      64,
      64
    ],
    "method": "Both"
  },
  "decoder.up.0.block.0": {
    "l2_value": 0.0011706501245498657,
    "cosine_value": 0.01578688621520996,
    "shape": [
      1,
      128,
      512,
      512
    ],
    "method": "Both"
  },
  "decoder.up.0.block.1": {
    "l2_value": 0.0011804632376879454,
    "cosine_value": 0.01323932409286499,
    "shape": [
      1,
      128,
      512,
      512
    ],
    "method": "Both"
  },
  "decoder.up.0.block.2": {
    "l2_value": 0.0012085236376151443,
    "cosine_value": 0.011087596416473389,
    "shape": [
      1,
      128,
      512,
      512
    ],
    "method": "Both"
  },
  "decoder.up.1.block.0": {
    "l2_value": 0.0008891401812434196,
    "cosine_value": 0.05858302116394043,
    "shape": [
      1,
      256,
      256,
      256
    ],
    "method": "Both"
  },
  "decoder.up.1.block.1": {
    "l2_value": 0.0009310729801654816,
    "cosine_value": 0.06467753648757935,
    "shape": [
      1,
      256,
      256,
      256
    ],
    "method": "Both"
  },
  "decoder.up.1.block.2": {
    "l2_value": 0.0008651237585581839,
    "cosine_value": 0.0642973780632019,
    "shape": [
      1,
      256,
      256,
      256
    ],
    "method": "Both"
  },
  "decoder.up.1.upsample": {
    "l2_value": 0.0009694786858744919,
    "cosine_value": 0.04727280139923096,
    "shape": [
      1,
      256,
      512,
      512
    ],
    "method": "Both"
  },
  "decoder.up.2.block.0": {
    "l2_value": 0.000813458114862442,
    "cosine_value": 0.11069303750991821,
    "shape": [
      1,
      512,
      128,
      128
    ],
    "method": "Both"
  },
  "decoder.up.2.block.1": {
    "l2_value": 0.0008483994170092046,
    "cosine_value": 0.11424922943115234,
    "shape": [
      1,
      512,
      128,
      128
    ],
    "method": "Both"
  },
  "decoder.up.2.block.2": {
    "l2_value": 0.0007485212408937514,
    "cosine_value": 0.109768807888031,
    "shape": [
      1,
      512,
      128,
      128
    ],
    "method": "Both"
  },
  "decoder.up.2.upsample": {
    "l2_value": 0.001101260888390243,
    "cosine_value": 0.08412885665893555,
    "shape": [
      1,
      512,
      256,
      256
    ],
    "method": "Both"
  },
  "decoder.up.3.block.0": {
    "l2_value": 0.0005080514820292592,
    "cosine_value": 0.14371353387832642,
    "shape": [
      1,
      512,
      64,
      64
    ],
    "method": "Both"
  },
  "decoder.up.3.block.1": {
    "l2_value": 0.000538907537702471,
    "cosine_value": 0.15596044063568115,
    "shape": [
      1,
      512,
      64,
      64
    ],
    "method": "Both"
  },
  "decoder.up.3.block.2": {
    "l2_value": 0.00047739705769345164,
    "cosine_value": 0.14205175638198853,
    "shape": [
      1,
      512,
      64,
      64
    ],
    "method": "Both"
  },
  "decoder.up.3.upsample": {
    "l2_value": 0.0008234765846282244,
    "cosine_value": 0.11716490983963013,
    "shape": [
      1,
      512,
      128,
      128
    ],
    "method": "Both"
  },
  "decoder.conv_out": {
    "l2_value": 0.0002175611249792079,
    "cosine_value": 0.032807767391204834,
    "shape": [
      1,
      3,
      512,
      512
    ],
    "method": "Both"
  }
}