{
  "decoder.conv_in": {
    "l2_value": 0.00028951611602678895,
    "cosine_value": 0.0755358338356018,
    "shape": [
      1,
      512,
      64,
      64
    ],
    "method": "Both"
  },
  "decoder.mid.block_1": {
    "l2_value": 0.0002721154014579952,
    "cosine_value": 0.06381058692932129,
    "shape": [
      1,
      512,
      64,
      64
    ],
    "method": "Both"
  },
  "decoder.mid.attn_1": {
    "l2_value": 0.0002709300024434924,
    "cosine_value": 0.06161952018737793,
    "shape": [
      1,
      512,
      64,
      64
    ],
    "method": "Both"
  },
  "decoder.mid.block_2": {
    "l2_value": 0.000282830762444064,
    "cosine_value": 0.06227874755859375,
    "shape": [
      1,
      512,
      64,
      64
    ],
    "method": "Both"
  },
  "decoder.up.0.block.0": {
    "l2_value": 0.0009514920529909432,
    "cosine_value": 0.010546445846557617,
    "shape": [
      1,
      128,
      512,
      512
    ],
    "method": "Both"
  },
  "decoder.up.0.block.1": {
    "l2_value": 0.0009583698702044785,
    "cosine_value": 0.008665919303894043,
    "shape": [
      1,
      128,
      512,
      512
    ],
    "method": "Both"
  },
  "decoder.up.0.block.2": {
    "l2_value": 0.0009749713935889304,
    "cosine_value": 0.00705796480178833,
    "shape": [
      1,
      128,
      512,
      512
    ],
    "method": "Both"
  },
  "decoder.up.1.block.0": {
    "l2_value": 0.0006020109285600483,
    "cosine_value": 0.0371626615524292,
    "shape": [
      1,
      256,
      256,
      256
    ],
    "method": "Both"
  },
  "decoder.up.1.block.1": {
    "l2_value": 0.00062362797325477,
    "cosine_value": 0.04049038887023926,
    "shape": [
      1,
      256,
      256,
      256
    ],
    "method": "Both"
  },
  "decoder.up.1.block.2": {
    "l2_value": 0.0005899222451262176,
    "cosine_value": 0.043105900287628174,
    "shape": [
      1,
      256,
      256,
      256
    ],
    "method": "Both"
  },
  "decoder.up.1.upsample": {
    "l2_value": 0.0006801650743000209,
    "cosine_value": 0.03055781126022339,
    "shape": [
      1,
      256,
      512,
      512
    ],
    "method": "Both"
  },
  "decoder.up.2.block.0": {
    "l2_value": 0.0005203366745263338,
    "cosine_value": 0.05712103843688965,
    "shape": [
      1,
      512,
      128,
      128
    ],
    "method": "Both"
  },
  "decoder.up.2.block.1": {
    "l2_value": 0.0005381597438827157,
    "cosine_value": 0.05749279260635376,
    "shape": [
      1,
      512,
      128,
      128
    ],
    "method": "Both"
  },
  "decoder.up.2.block.2": {
    "l2_value": 0.00047908962005749345,
    "cosine_value": 0.06054520606994629,
    "shape": [
      1,
      512,
      128,
      128
    ],
    "method": "Both"
  },
  "decoder.up.2.upsample": {
    "l2_value": 0.0007202333654277027,
    "cosine_value": 0.04929584264755249,
    "shape": [
      1,
      512,
      256,
      256
    ],
    "method": "Both"
  },
  "decoder.up.3.block.0": {
    "l2_value": 0.00031457783188670874,
    "cosine_value": 0.06756824254989624,
    "shape": [
      1,
      512,
      64,
      64
    ],
    "method": "Both"
  },
  "decoder.up.3.block.1": {
    "l2_value": 0.0003313690540380776,
    "cosine_value": 0.07273030281066895,
    "shape": [
      1,
      512,
      64,
      64
    ],
    "method": "Both"
  },
  "decoder.up.3.block.2": {
    "l2_value": 0.0002983089943882078,
    "cosine_value": 0.07201766967773438,
    "shape": [
      1,
      512,
      64,
      64
    ],
    "method": "Both"
  },
  "decoder.up.3.upsample": {
    "l2_value": 0.0005262510967440903,
    "cosine_value": 0.06144827604293823,
    "shape": [
      1,
      512,
      128,
      128
    ],
    "method": "Both"
  },
  "decoder.conv_out": {
    "l2_value": 0.00017470344513033828,
    "cosine_value": 0.03999203443527222,
    "shape": [
      1,
      3,
      512,
      512
    ],
    "method": "Both"
  }
}