{
  "decoder.conv_in": {
    "l2_value": 0.00015833369980100542,
    "cosine_value": 0.08093976974487305,
    "shape": [
      1,
      512,
      64,
      64
    ],
    "method": "Both"
  },
  "decoder.mid.block_1": {
    "l2_value": 0.00018664369417820126,
    "cosine_value": 0.05685454607009888,
    "shape": [
      1,
      512,
      64,
      64
    ],
    "method": "Both"
  },
  "decoder.mid.attn_1": {
    "l2_value": 0.00018490398360881954,
    "cosine_value": 0.05140888690948486,
    "shape": [
      1,
      512,
      64,
      64
    ],
    "method": "Both"
  },
  "decoder.mid.block_2": {
    "l2_value": 0.00019773108942899853,
    "cosine_value": 0.053168296813964844,
    "shape": [
      1,
      512,
      64,
      64
    ],
    "method": "Both"
  },
  "decoder.up.0.block.0": {
    "l2_value": 0.0026594912633299828,
    "cosine_value": 0.16143494844436646,
    "shape": [
      1,
      128,
      512,
      512
    ],
    "method": "Both"
  },
  "decoder.up.0.block.1": {
    "l2_value": 0.0032235870603471994,
    "cosine_value": 0.17285561561584473,
    "shape": [
      1,
      128,
      512,
      512
    ],
    "method": "Both"
  },
  "decoder.up.0.block.2": {
    "l2_value": 0.003890375606715679,
    "cosine_value": 0.18065881729125977,
    "shape": [
      1,
      128,
      512,
      512
    ],
    "method": "Both"
  },
  "decoder.up.1.block.0": {
    "l2_value": 0.0004952501622028649,
    "cosine_value": 0.038645923137664795,
    "shape": [
      1,
      256,
      256,
      256
    ],
    "method": "Both"
  },
  "decoder.up.1.block.1": {
    "l2_value": 0.0005032229237258434,
    "cosine_value": 0.038838088512420654,
    "shape": [
      1,
      256,
      256,
      256
    ],
    "method": "Both"
  },
  "decoder.up.1.block.2": {
    "l2_value": 0.00046948230010457337,
    "cosine_value": 0.04456514120101929,
    "shape": [
      1,
      256,
      256,
      256
    ],
    "method": "Both"
  },
  "decoder.up.1.upsample": {
    "l2_value": 0.0006737085059285164,
    "cosine_value": 0.056943297386169434,
    "shape": [
      1,
      256,
      512,
      512
    ],
    "method": "Both"
  },
  "decoder.up.2.block.0": {
    "l2_value": 0.00037111493293195963,
    "cosine_value": 0.045964956283569336,
    "shape": [
      1,
      512,
      128,
      128
    ],
    "method": "Both"
  },
  "decoder.up.2.block.1": {
    "l2_value": 0.00038847140967845917,
    "cosine_value": 0.04940730333328247,
    "shape": [
      1,
      512,
      128,
      128
    ],
    "method": "Both"
  },
  "decoder.up.2.block.2": {
    "l2_value": 0.0003508462104946375,
    "cosine_value": 0.059616684913635254,
    "shape": [
      1,
      512,
      128,
      128
    ],
    "method": "Both"
  },
  "decoder.up.2.upsample": {
    "l2_value": 0.0005459454259835184,
    "cosine_value": 0.05144953727722168,
    "shape": [
      1,
      512,
      256,
      256
    ],
    "method": "Both"
  },
  "decoder.up.3.block.0": {
    "l2_value": 0.00022378304856829345,
    "cosine_value": 0.05827009677886963,
    "shape": [
      1,
      512,
      64,
      64
    ],
    "method": "Both"
  },
  "decoder.up.3.block.1": {
    "l2_value": 0.00023159568081609905,
    "cosine_value": 0.05830562114715576,
    "shape": [
      1,
      512,
      64,
      64
    ],
    "method": "Both"
  },
  "decoder.up.3.block.2": {
    "l2_value": 0.0002155784604838118,
    "cosine_value": 0.0633355975151062,
    "shape": [
      1,
      512,
      64,
      64
    ],
    "method": "Both"
  },
  "decoder.up.3.upsample": {
    "l2_value": 0.0003722369438037276,
    "cosine_value": 0.05135905742645264,
    "shape": [
      1,
      512,
      128,
      128
    ],
    "method": "Both"
  },
  "decoder.conv_out": {
    "l2_value": 0.00017590430798009038,
    "cosine_value": 0.04156315326690674,
    "shape": [
      1,
      3,
      512,
      512
    ],
    "method": "Both"
  }
}