{
  "decoder.conv_in": {
    "l2_value": 0.000146117337862961,
    "cosine_value": 0.07299381494522095,
    "shape": [
      1,
      512,
      64,
      64
    ],
    "method": "Both"
  },
  "decoder.mid.block_1": {
    "l2_value": 0.00016331829829141498,
    "cosine_value": 0.04703330993652344,
    "shape": [
      1,
      512,
      64,
      64
    ],
    "method": "Both"
  },
  "decoder.mid.attn_1": {
    "l2_value": 0.00016192167822737247,
    "cosine_value": 0.04151266813278198,
    "shape": [
      1,
      512,
      64,
      64
    ],
    "method": "Both"
  },
  "decoder.mid.block_2": {
    "l2_value": 0.0001691706565907225,
    "cosine_value": 0.04116874933242798,
    "shape": [
      1,
      512,
      64,
      64
    ],
    "method": "Both"
  },
  "decoder.up.0.block.0": {
    "l2_value": 0.0016091183060780168,
    "cosine_value": 0.06219744682312012,
    "shape": [
      1,
      128,
      512,
      512
    ],
    "method": "Both"
  },
  "decoder.up.0.block.1": {
    "l2_value": 0.0019016291480511427,
    "cosine_value": 0.06250858306884766,
    "shape": [
      1,
      128,
      512,
      512
    ],
    "method": "Both"
  },
  "decoder.up.0.block.2": {
    "l2_value": 0.0022608658764511347,
    "cosine_value": 0.06292647123336792,
    "shape": [
      1,
      128,
      512,
      512
    ],
    "method": "Both"
  },
  "decoder.up.1.block.0": {
    "l2_value": 0.00044515100307762623,
    "cosine_value": 0.03287017345428467,
    "shape": [
      1,
      256,
      256,
      256
    ],
    "method": "Both"
  },
  "decoder.up.1.block.1": {
    "l2_value": 0.0004466723767109215,
    "cosine_value": 0.032002806663513184,
    "shape": [
      1,
      256,
      256,
      256
    ],
    "method": "Both"
  },
  "decoder.up.1.block.2": {
    "l2_value": 0.00041735588456504047,
    "cosine_value": 0.03734731674194336,
    "shape": [
      1,
      256,
      256,
      256
    ],
    "method": "Both"
  },
  "decoder.up.1.upsample": {
    "l2_value": 0.0005368627025745809,
    "cosine_value": 0.03830438852310181,
    "shape": [
      1,
      256,
      512,
      512
    ],
    "method": "Both"
  },
  "decoder.up.2.block.0": {
    "l2_value": 0.000318770733429119,
    "cosine_value": 0.03570997714996338,
    "shape": [
      1,
      512,
      128,
      128
    ],
    "method": "Both"
  },
  "decoder.up.2.block.1": {
    "l2_value": 0.00033074134262278676,
    "cosine_value": 0.03754514455795288,
    "shape": [
      1,
      512,
      128,
      128
    ],
    "method": "Both"
  },
  "decoder.up.2.block.2": {
    "l2_value": 0.00030180116300471127,
    "cosine_value": 0.0465388298034668,
    "shape": [
      1,
      512,
      128,
      128
    ],
    "method": "Both"
  },
  "decoder.up.2.upsample": {
    "l2_value": 0.00048707000678405166,
    "cosine_value": 0.043006956577301025,
    "shape": [
      1,
      512,
      256,
      256
    ],
    "method": "Both"
  },
  "decoder.up.3.block.0": {
    "l2_value": 0.00018492579692974687,
    "cosine_value": 0.04176217317581177,
    "shape": [
      1,
      512,
      64,
      64
    ],
    "method": "Both"
  },
  "decoder.up.3.block.1": {
    "l2_value": 0.00019140716176480055,
    "cosine_value": 0.04128545522689819,
    "shape": [
      1,
      512,
      64,
      64
    ],
    "method": "Both"
  },
  "decoder.up.3.block.2": {
    "l2_value": 0.00018079714209306985,
    "cosine_value": 0.04703491926193237,
    "shape": [
      1,
      512,
      64,
      64
    ],
    "method": "Both"
  },
  "decoder.up.3.upsample": {
    "l2_value": 0.00032163166906684637,
    "cosine_value": 0.040276408195495605,
    "shape": [
      1,
      512,
      128,
      128
    ],
    "method": "Both"
  },
  "decoder.conv_out": {
    "l2_value": 0.00018685477940986553,
    "cosine_value": 0.050967395305633545,
    "shape": [
      1,
      3,
      512,
      512
    ],
    "method": "Both"
  }
}