{
  "decoder.conv_in": {
    "l2_value": 0.00025424250634387136,
    "cosine_value": 0.060364365577697754,
    "shape": [
      1,
      512,
      64,
      64
    ],
    "method": "Both"
  },
  "decoder.mid.block_1": {
    "l2_value": 0.000241096640820615,
    "cosine_value": 0.05262643098831177,
    "shape": [
      1,
      512,
      64,
      64
    ],
    "method": "Both"
  },
  "decoder.mid.attn_1": {
    "l2_value": 0.00023912110191304237,
    "cosine_value": 0.050682663917541504,
    "shape": [
      1,
      512,
      64,
      64
    ],
    "method": "Both"
  },
  "decoder.mid.block_2": {
    "l2_value": 0.0002459990791976452,
    "cosine_value": 0.04998457431793213,
    "shape": [
      1,
      512,
      64,
      64
    ],
    "method": "Both"
  },
  "decoder.up.0.block.0": {
    "l2_value": 0.0014769954141229391,
    "cosine_value": 0.026398658752441406,
    "shape": [
      1,
      128,
      512,
      512
    ],
    "method": "Both"
  },
  "decoder.up.0.block.1": {
    "l2_value": 0.001595339155755937,
    "cosine_value": 0.024542391300201416,
    "shape": [
      1,
      128,
      512,
      512
    ],
    "method": "Both"
  },
  "decoder.up.0.block.2": {
    "l2_value": 0.0017414051108062267,
    "cosine_value": 0.022845983505249023,
    "shape": [
      1,
      128,
      512,
      512
    ],
    "method": "Both"
  },
  "decoder.up.1.block.0": {
    "l2_value": 0.0005748020485043526,
    "cosine_value": 0.03726774454116821,
    "shape": [
      1,
      256,
      256,
      256
    ],
    "method": "Both"
  },
  "decoder.up.1.block.1": {
    "l2_value": 0.0005861459067091346,
    "cosine_value": 0.039300739765167236,
    "shape": [
      1,
      256,
      256,
      256
    ],
    "method": "Both"
  },
  "decoder.up.1.block.2": {
    "l2_value": 0.000558666477445513,
    "cosine_value": 0.04318702220916748,
    "shape": [
      1,
      256,
      256,
      256
    ],
    "method": "Both"
  },
  "decoder.up.1.upsample": {
    "l2_value": 0.0007139662047848105,
    "cosine_value": 0.03661036491394043,
    "shape": [
      1,
      256,
      512,
      512
    ],
    "method": "Both"
  },
  "decoder.up.2.block.0": {
    "l2_value": 0.00044924268149770796,
    "cosine_value": 0.04500645399093628,
    "shape": [
      1,
      512,
      128,
      128
    ],
    "method": "Both"
  },
  "decoder.up.2.block.1": {
    "l2_value": 0.0004602036497090012,
    "cosine_value": 0.04407376050949097,
    "shape": [
      1,
      512,
      128,
      128
    ],
    "method": "Both"
  },
  "decoder.up.2.block.2": {
    "l2_value": 0.00041449794662185013,
    "cosine_value": 0.04854941368103027,
    "shape": [
      1,
      512,
      128,
      128
    ],
    "method": "Both"
  },
  "decoder.up.2.upsample": {
    "l2_value": 0.0006529520615004003,
    "cosine_value": 0.043786823749542236,
    "shape": [
      1,
      512,
      256,
      256
    ],
    "method": "Both"
  },
  "decoder.up.3.block.0": {
    "l2_value": 0.0002665338106453419,
    "cosine_value": 0.05095493793487549,
    "shape": [
      1,
      512,
      64,
      64
    ],
    "method": "Both"
  },
  "decoder.up.3.block.1": {
    "l2_value": 0.00027656284510158,
    "cosine_value": 0.05301380157470703,
    "shape": [
      1,
      512,
      64,
      64
    ],
    "method": "Both"
  },
  "decoder.up.3.block.2": {
    "l2_value": 0.0002537572872824967,
    "cosine_value": 0.055151283740997314,
    "shape": [
      1,
      512,
      64,
      64
    ],
    "method": "Both"
  },
  "decoder.up.3.upsample": {
    "l2_value": 0.00045728549594059587,
    "cosine_value": 0.04889047145843506,
    "shape": [
      1,
      512,
      128,
      128
    ],
    "method": "Both"
  },
  "decoder.conv_out": {
    "l2_value": 0.00018661605038990578,
    "cosine_value": 0.048975348472595215,
    "shape": [
      1,
      3,
      512,
      512
    ],
    "method": "Both"
  }
}