{
  "decoder.conv_in": {
    "l2_value": 0.0005304685910232365,
    "cosine_value": 0.2080303430557251,
    "shape": [
      1,
      512,
      64,
      64
    ],
    "method": "Both"
  },
  "decoder.mid.block_1": {
    "l2_value": 0.0005171445081941783,
    "cosine_value": 0.20135682821273804,
    "shape": [
      1,
      512,
      64,
      64
    ],
    "method": "Both"
  },
  "decoder.mid.attn_1": {
    "l2_value": 0.0005088017787784338,
    "cosine_value": 0.19247567653656006,
    "shape": [
      1,
      512,
      64,
      64
    ],
    "method": "Both"
  },
  "decoder.mid.block_2": {
    "l2_value": 0.0005231774412095547,
    "cosine_value": 0.1890893578529358,
    "shape": [
      1,
      512,
      64,
      64
    ],
    "method": "Both"
  },
  "decoder.up.0.block.0": {
    "l2_value": 0.004436694551259279,
    "cosine_value": 0.23010069131851196,
    "shape": [
      1,
      128,
      512,
      512
    ],
    "method": "Both"
  },
  "decoder.up.0.block.1": {
    "l2_value": 0.0049837506376206875,
    "cosine_value": 0.2359636425971985,
    "shape": [
      1,
      128,
      512,
      512
    ],
    "method": "Both"
  },
  "decoder.up.0.block.2": {
    "l2_value": 0.00564344460144639,
    "cosine_value": 0.24014300107955933,
    "shape": [
      1,
      128,
      512,
      512
    ],
    "method": "Both"
  },
  "decoder.up.1.block.0": {
    "l2_value": 0.0012800178956240416,
    "cosine_value": 0.14120662212371826,
    "shape": [
      1,
      256,
      256,
      256
    ],
    "method": "Both"
  },
  "decoder.up.1.block.1": {
    "l2_value": 0.0012980429455637932,
    "cosine_value": 0.14691710472106934,
    "shape": [
      1,
      256,
      256,
      256
    ],
    "method": "Both"
  },
  "decoder.up.1.block.2": {
    "l2_value": 0.0012471323134377599,
    "cosine_value": 0.15916520357131958,
    "shape": [
      1,
      256,
      256,
      256
    ],
    "method": "Both"
  },
  "decoder.up.1.upsample": {
    "l2_value": 0.001723261782899499,
    "cosine_value": 0.1728155016899109,
    "shape": [
      1,
      256,
      512,
      512
    ],
    "method": "Both"
  },
  "decoder.up.2.block.0": {
    "l2_value": 0.0009431556100025773,
    "cosine_value": 0.161859393119812,
    "shape": [
      1,
      512,
      128,
      128
    ],
    "method": "Both"
  },
  "decoder.up.2.block.1": {
    "l2_value": 0.0009635691531002522,
    "cosine_value": 0.16111749410629272,
    "shape": [
      1,
      512,
      128,
      128
    ],
    "method": "Both"
  },
  "decoder.up.2.block.2": {
    "l2_value": 0.000882326508872211,
    "cosine_value": 0.17525964975357056,
    "shape": [
      1,
      512,
      128,
      128
    ],
    "method": "Both"
  },
  "decoder.up.2.upsample": {
    "l2_value": 0.0014241344761103392,
    "cosine_value": 0.1630101203918457,
    "shape": [
      1,
      512,
      256,
      256
    ],
    "method": "Both"
  },
  "decoder.up.3.block.0": {
    "l2_value": 0.0005577197880484164,
    "cosine_value": 0.19149118661880493,
    "shape": [
      1,
      512,
      64,
      64
    ],
    "method": "Both"
  },
  "decoder.up.3.block.1": {
    "l2_value": 0.000573292258195579,
    "cosine_value": 0.19375133514404297,
    "shape": [
      1,
      512,
      64,
      64
    ],
    "method": "Both"
  },
  "decoder.up.3.block.2": {
    "l2_value": 0.0005288618849590421,
    "cosine_value": 0.19481736421585083,
    "shape": [
      1,
      512,
      64,
      64
    ],
    "method": "Both"
  },
  "decoder.up.3.upsample": {
    "l2_value": 0.0009601959609426558,
    "cosine_value": 0.17278259992599487,
    "shape": [
      1,
      512,
      128,
      128
    ],
    "method": "Both"
  },
  "decoder.conv_out": {
    "l2_value": 0.0004212901306649049,
    "cosine_value": 0.1432158350944519,
    "shape": [
      1,
      3,
      512,
      512
    ],
    "method": "Both"
  }
}