{
  "decoder.conv_in": {
    "l2_value": 0.0002925626758951694,
    "cosine_value": 0.2593088150024414,
    "shape": [
      1,
      512,
      64,
      64
    ],
    "method": "Both"
  },
  "decoder.mid.block_1": {
    "l2_value": 0.00032673872192390263,
    "cosine_value": 0.1717962622642517,
    "shape": [
      1,
      512,
      64,
      64
    ],
    "method": "Both"
  },
  "decoder.mid.attn_1": {
    "l2_value": 0.00032364175422117114,
    "cosine_value": 0.1517254114151001,
    "shape": [
      1,
      512,
      64,
      64
    ],
    "method": "Both"
  },
  "decoder.mid.block_2": {
    "l2_value": 0.0003411552752368152,
    "cosine_value": 0.15245413780212402,
    "shape": [
      1,
      512,
      64,
      64
    ],
    "method": "Both"
  },
  "decoder.up.0.block.0": {
    "l2_value": 0.004222650080919266,
    "cosine_value": 0.4297284483909607,
    "shape": [
      1,
      128,
      512,
      512
    ],
    "method": "Both"
  },
  "decoder.up.0.block.1": {
    "l2_value": 0.005162828601896763,
    "cosine_value": 0.46842247247695923,
    "shape": [
      1,
      128,
      512,
      512
    ],
    "method": "Both"
  },
  "decoder.up.0.block.2": {
    "l2_value": 0.006227545440196991,
    "cosine_value": 0.4949459433555603,
    "shape": [
      1,
      128,
      512,
      512
    ],
    "method": "Both"
  },
  "decoder.up.1.block.0": {
    "l2_value": 0.0009035204420797527,
    "cosine_value": 0.11387842893600464,
    "shape": [
      1,
      256,
      256,
      256
    ],
    "method": "Both"
  },
  "decoder.up.1.block.1": {
    "l2_value": 0.0009083712939172983,
    "cosine_value": 0.11261492967605591,
    "shape": [
      1,
      256,
      256,
      256
    ],
    "method": "Both"
  },
  "decoder.up.1.block.2": {
    "l2_value": 0.0008649709634482861,
    "cosine_value": 0.13339215517044067,
    "shape": [
      1,
      256,
      256,
      256
    ],
    "method": "Both"
  },
  "decoder.up.1.upsample": {
    "l2_value": 0.0011729345424100757,
    "cosine_value": 0.1550779938697815,
    "shape": [
      1,
      256,
      512,
      512
    ],
    "method": "Both"
  },
  "decoder.up.2.block.0": {
    "l2_value": 0.000634072523098439,
    "cosine_value": 0.12663859128952026,
    "shape": [
      1,
      512,
      128,
      128
    ],
    "method": "Both"
  },
  "decoder.up.2.block.1": {
    "l2_value": 0.0006538955494761467,
    "cosine_value": 0.13238364458084106,
    "shape": [
      1,
      512,
      128,
      128
    ],
    "method": "Both"
  },
  "decoder.up.2.block.2": {
    "l2_value": 0.0006043656030669808,
    "cosine_value": 0.16276615858078003,
    "shape": [
      1,
      512,
      128,
      128
    ],
    "method": "Both"
  },
  "decoder.up.2.upsample": {
    "l2_value": 0.0009845338063314557,
    "cosine_value": 0.1507083773612976,
    "shape": [
      1,
      512,
      256,
      256
    ],
    "method": "Both"
  },
  "decoder.up.3.block.0": {
    "l2_value": 0.00036859471583738923,
    "cosine_value": 0.153492271900177,
    "shape": [
      1,
      512,
      64,
      64
    ],
    "method": "Both"
  },
  "decoder.up.3.block.1": {
    "l2_value": 0.00037896173307672143,
    "cosine_value": 0.15057724714279175,
    "shape": [
      1,
      512,
      64,
      64
    ],
    "method": "Both"
  },
  "decoder.up.3.block.2": {
    "l2_value": 0.000359700876288116,
    "cosine_value": 0.1683066487312317,
    "shape": [
      1,
      512,
      64,
      64
    ],
    "method": "Both"
  },
  "decoder.up.3.upsample": {
    "l2_value": 0.0006382214487530291,
    "cosine_value": 0.14138853549957275,
    "shape": [
      1,
      512,
      128,
      128
    ],
    "method": "Both"
  },
  "decoder.conv_out": {
    "l2_value": 0.0004238008987158537,
    "cosine_value": 0.1509804129600525,
    "shape": [
      1,
      3,
      512,
      512
    ],
    "method": "Both"
  }
}