{
  "decoder.conv_in": {
    "l2_value": 0.000282047112705186,
    "cosine_value": 0.07102024555206299,
    "shape": [
      1,
      512,
      64,
      64
    ],
    "method": "Both"
  },
  "decoder.mid.block_1": {
    "l2_value": 0.0002603094035293907,
    "cosine_value": 0.059120357036590576,
    "shape": [
      1,
      512,
      64,
      64
    ],
    "method": "Both"
  },
  "decoder.mid.attn_1": {
    "l2_value": 0.0002598371938802302,
    "cosine_value": 0.057232439517974854,
    "shape": [
      1,
      512,
      64,
      64
    ],
    "method": "Both"
  },
  "decoder.mid.block_2": {
    "l2_value": 0.0002722227945923805,
    "cosine_value": 0.058682799339294434,
    "shape": [
      1,
      512,
      64,
      64
    ],
    "method": "Both"
  },
  "decoder.up.0.block.0": {
    "l2_value": 0.0008322168723680079,
    "cosine_value": 0.008616864681243896,
    "shape": [
      1,
      128,
      512,
      512
    ],
    "method": "Both"
  },
  "decoder.up.0.block.1": {
    "l2_value": 0.000859220395796001,
    "cosine_value": 0.007248342037200928,
    "shape": [
      1,
      128,
      512,
      512
    ],
    "method": "Both"
  },
  "decoder.up.0.block.2": {
    "l2_value": 0.0008930794429033995,
    "cosine_value": 0.006075859069824219,
    "shape": [
      1,
      128,
      512,
      512
    ],
    "method": "Both"
  },
  "decoder.up.1.block.0": {
    "l2_value": 0.0005594150279648602,
    "cosine_value": 0.03455758094787598,
    "shape": [
      1,
      256,
      256,
      256
    ],
    "method": "Both"
  },
  "decoder.up.1.block.1": {
    "l2_value": 0.0005802218220196664,
    "cosine_value": 0.0377231240272522,
    "shape": [
      1,
      256,
      256,
      256
    ],
    "method": "Both"
  },
  "decoder.up.1.block.2": {
    "l2_value": 0.0005398893263190985,
    "cosine_value": 0.03942739963531494,
    "shape": [
      1,
      256,
      256,
      256
    ],
    "method": "Both"
  },
  "decoder.up.1.upsample": {
    "l2_value": 0.0006187810213305056,
    "cosine_value": 0.02772819995880127,
    "shape": [
      1,
      256,
      512,
      512
    ],
    "method": "Both"
  },
  "decoder.up.2.block.0": {
    "l2_value": 0.0004937604535371065,
    "cosine_value": 0.052543580532073975,
    "shape": [
      1,
      512,
      128,
      128
    ],
    "method": "Both"
  },
  "decoder.up.2.block.1": {
    "l2_value": 0.0005105720483697951,
    "cosine_value": 0.05326032638549805,
    "shape": [
      1,
      512,
      128,
      128
    ],
    "method": "Both"
  },
  "decoder.up.2.block.2": {
    "l2_value": 0.0004503358213696629,
    "cosine_value": 0.05642366409301758,
    "shape": [
      1,
      512,
      128,
      128
    ],
    "method": "Both"
  },
  "decoder.up.2.upsample": {
    "l2_value": 0.0006738154334016144,
    "cosine_value": 0.04582422971725464,
    "shape": [
      1,
      512,
      256,
      256
    ],
    "method": "Both"
  },
  "decoder.up.3.block.0": {
    "l2_value": 0.00030391354812309146,
    "cosine_value": 0.06433278322219849,
    "shape": [
      1,
      512,
      64,
      64
    ],
    "method": "Both"
  },
  "decoder.up.3.block.1": {
    "l2_value": 0.00031948054675012827,
    "cosine_value": 0.06906503438949585,
    "shape": [
      1,
      512,
      64,
      64
    ],
    "method": "Both"
  },
  "decoder.up.3.block.2": {
    "l2_value": 0.0002883089182432741,
    "cosine_value": 0.06884872913360596,
    "shape": [
      1,
      512,
      64,
      64
    ],
    "method": "Both"
  },
  "decoder.up.3.upsample": {
    "l2_value": 0.0005066703306511045,
    "cosine_value": 0.057955384254455566,
    "shape": [
      1,
      512,
      128,
      128
    ],
    "method": "Both"
  },
  "decoder.conv_out": {
    "l2_value": 0.00013095556641928852,
    "cosine_value": 0.024962782859802246,
    "shape": [
      1,
      3,
      512,
      512
    ],
    "method": "Both"
  }
}