{
  "decoder.conv_in": {
    "l2_value": 0.0006035422557033598,
    "cosine_value": 0.3390071988105774,
    "shape": [
      1,
      512,
      64,
      64
    ],
    "method": "Both"
  },
  "decoder.mid.block_1": {
    "l2_value": 0.0005616028211079538,
    "cosine_value": 0.27872538566589355,
    "shape": [
      1,
      512,
      64,
      64
    ],
    "method": "Both"
  },
  "decoder.mid.attn_1": {
    "l2_value": 0.0005552219809032977,
    "cosine_value": 0.2597622275352478,
    "shape": [
      1,
      512,
      64,
      64
    ],
    "method": "Both"
  },
  "decoder.mid.block_2": {
    "l2_value": 0.0005736160092055798,
    "cosine_value": 0.2574804425239563,
    "shape": [
      1,
      512,
      64,
      64
    ],
    "method": "Both"
  },
  "decoder.up.0.block.0": {
    "l2_value": 0.0023226765915751457,
    "cosine_value": 0.0629543662071228,
    "shape": [
      1,
      128,
      512,
      512
    ],
    "method": "Both"
  },
  "decoder.up.0.block.1": {
    "l2_value": 0.002382000908255577,
    "cosine_value": 0.05249309539794922,
    "shape": [
      1,
      128,
      512,
      512
    ],
    "method": "Both"
  },
  "decoder.up.0.block.2": {
    "l2_value": 0.002459178911522031,
    "cosine_value": 0.04386472702026367,
    "shape": [
      1,
      128,
      512,
      512
    ],
    "method": "Both"
  },
  "decoder.up.1.block.0": {
    "l2_value": 0.0012828130275011063,
    "cosine_value": 0.1884899139404297,
    "shape": [
      1,
      256,
      256,
      256
    ],
    "method": "Both"
  },
  "decoder.up.1.block.1": {
    "l2_value": 0.0013104664394631982,
    "cosine_value": 0.20180964469909668,
    "shape": [
      1,
      256,
      256,
      256
    ],
    "method": "Both"
  },
  "decoder.up.1.block.2": {
    "l2_value": 0.0012353589991107583,
    "cosine_value": 0.22150719165802002,
    "shape": [
      1,
      256,
      256,
      256
    ],
    "method": "Both"
  },
  "decoder.up.1.upsample": {
    "l2_value": 0.0014633027603849769,
    "cosine_value": 0.15838927030563354,
    "shape": [
      1,
      256,
      512,
      512
    ],
    "method": "Both"
  },
  "decoder.up.2.block.0": {
    "l2_value": 0.0010465806117281318,
    "cosine_value": 0.23174244165420532,
    "shape": [
      1,
      512,
      128,
      128
    ],
    "method": "Both"
  },
  "decoder.up.2.block.1": {
    "l2_value": 0.0010725236497819424,
    "cosine_value": 0.23253673315048218,
    "shape": [
      1,
      512,
      128,
      128
    ],
    "method": "Both"
  },
  "decoder.up.2.block.2": {
    "l2_value": 0.0009634182206355035,
    "cosine_value": 0.2666175365447998,
    "shape": [
      1,
      512,
      128,
      128
    ],
    "method": "Both"
  },
  "decoder.up.2.upsample": {
    "l2_value": 0.0014914089115336537,
    "cosine_value": 0.23295807838439941,
    "shape": [
      1,
      512,
      256,
      256
    ],
    "method": "Both"
  },
  "decoder.up.3.block.0": {
    "l2_value": 0.0006263246177695692,
    "cosine_value": 0.26949620246887207,
    "shape": [
      1,
      512,
      64,
      64
    ],
    "method": "Both"
  },
  "decoder.up.3.block.1": {
    "l2_value": 0.0006546812364831567,
    "cosine_value": 0.2865906357765198,
    "shape": [
      1,
      512,
      64,
      64
    ],
    "method": "Both"
  },
  "decoder.up.3.block.2": {
    "l2_value": 0.0006032296223565936,
    "cosine_value": 0.29625022411346436,
    "shape": [
      1,
      512,
      64,
      64
    ],
    "method": "Both"
  },
  "decoder.up.3.upsample": {
    "l2_value": 0.0010752385715022683,
    "cosine_value": 0.2533619999885559,
    "shape": [
      1,
      512,
      128,
      128
    ],
    "method": "Both"
  },
  "decoder.conv_out": {
    "l2_value": 0.0004006218708430727,
    "cosine_value": 0.31635957956314087,
    "shape": [
      1,
      3,
      512,
      512
    ],
    "method": "Both"
  }
}