{
  "decoder.conv_in": {
    "l2_value": 0.0005317506729625165,
    "cosine_value": 0.24669086933135986,
    "shape": [
      1,
      512,
      64,
      64
    ],
    "method": "Both"
  },
  "decoder.mid.block_1": {
    "l2_value": 0.0005333033041097224,
    "cosine_value": 0.24961286783218384,
    "shape": [
      1,
      512,
      64,
      64
    ],
    "method": "Both"
  },
  "decoder.mid.attn_1": {
    "l2_value": 0.0005347537808120251,
    "cosine_value": 0.23914235830307007,
    "shape": [
      1,
      512,
      64,
      64
    ],
    "method": "Both"
  },
  "decoder.mid.block_2": {
    "l2_value": 0.0005523462896235287,
    "cosine_value": 0.23477309942245483,
    "shape": [
      1,
      512,
      64,
      64
    ],
    "method": "Both"
  },
  "decoder.up.0.block.0": {
    "l2_value": 0.006796660367399454,
    "cosine_value": 0.6573662459850311,
    "shape": [
      1,
      128,
      512,
      512
    ],
    "method": "Both"
  },
  "decoder.up.0.block.1": {
    "l2_value": 0.007862921804189682,
    "cosine_value": 0.6949880719184875,
    "shape": [
      1,
      128,
      512,
      512
    ],
    "method": "Both"
  },
  "decoder.up.0.block.2": {
    "l2_value": 0.009122380055487156,
    "cosine_value": 0.7239993214607239,
    "shape": [
      1,
      128,
      512,
      512
    ],
    "method": "Both"
  },
  "decoder.up.1.block.0": {
    "l2_value": 0.00124134321231395,
    "cosine_value": 0.1650124192237854,
    "shape": [
      1,
      256,
      256,
      256
    ],
    "method": "Both"
  },
  "decoder.up.1.block.1": {
    "l2_value": 0.0012651063734665513,
    "cosine_value": 0.17583763599395752,
    "shape": [
      1,
      256,
      256,
      256
    ],
    "method": "Both"
  },
  "decoder.up.1.block.2": {
    "l2_value": 0.0011883327970281243,
    "cosine_value": 0.19201499223709106,
    "shape": [
      1,
      256,
      256,
      256
    ],
    "method": "Both"
  },
  "decoder.up.1.upsample": {
    "l2_value": 0.002009774325415492,
    "cosine_value": 0.3108835220336914,
    "shape": [
      1,
      256,
      512,
      512
    ],
    "method": "Both"
  },
  "decoder.up.2.block.0": {
    "l2_value": 0.0009593251161277294,
    "cosine_value": 0.18642854690551758,
    "shape": [
      1,
      512,
      128,
      128
    ],
    "method": "Both"
  },
  "decoder.up.2.block.1": {
    "l2_value": 0.00099275226239115,
    "cosine_value": 0.19037914276123047,
    "shape": [
      1,
      512,
      128,
      128
    ],
    "method": "Both"
  },
  "decoder.up.2.block.2": {
    "l2_value": 0.0008772774017415941,
    "cosine_value": 0.20627343654632568,
    "shape": [
      1,
      512,
      128,
      128
    ],
    "method": "Both"
  },
  "decoder.up.2.upsample": {
    "l2_value": 0.0013707774924114347,
    "cosine_value": 0.18366146087646484,
    "shape": [
      1,
      512,
      256,
      256
    ],
    "method": "Both"
  },
  "decoder.up.3.block.0": {
    "l2_value": 0.000597169331740588,
    "cosine_value": 0.23961573839187622,
    "shape": [
      1,
      512,
      64,
      64
    ],
    "method": "Both"
  },
  "decoder.up.3.block.1": {
    "l2_value": 0.0006081275641918182,
    "cosine_value": 0.2372821569442749,
    "shape": [
      1,
      512,
      64,
      64
    ],
    "method": "Both"
  },
  "decoder.up.3.block.2": {
    "l2_value": 0.000545786926522851,
    "cosine_value": 0.23430413007736206,
    "shape": [
      1,
      512,
      64,
      64
    ],
    "method": "Both"
  },
  "decoder.up.3.upsample": {
    "l2_value": 0.0009761204710230231,
    "cosine_value": 0.1982206106185913,
    "shape": [
      1,
      512,
      128,
      128
    ],
    "method": "Both"
  },
  "decoder.conv_out": {
    "l2_value": 0.00025851056367779773,
    "cosine_value": 0.07403844594955444,
    "shape": [
      1,
      3,
      512,
      512
    ],
    "method": "Both"
  }
}