{
  "decoder.conv_in": {
    "l2_value": 0.0002851040044333786,
    "cosine_value": 0.24765855073928833,
    "shape": [
      1,
      512,
      64,
      64
    ],
    "method": "Both"
  },
  "decoder.mid.block_1": {
    "l2_value": 0.00032673910027369857,
    "cosine_value": 0.1881740689277649,
    "shape": [
      1,
      512,
      64,
      64
    ],
    "method": "Both"
  },
  "decoder.mid.attn_1": {
    "l2_value": 0.00033291030558757484,
    "cosine_value": 0.169880211353302,
    "shape": [
      1,
      512,
      64,
      64
    ],
    "method": "Both"
  },
  "decoder.mid.block_2": {
    "l2_value": 0.00035082284011878073,
    "cosine_value": 0.17093390226364136,
    "shape": [
      1,
      512,
      64,
      64
    ],
    "method": "Both"
  },
  "decoder.up.0.block.0": {
    "l2_value": 0.004151616711169481,
    "cosine_value": 0.44009023904800415,
    "shape": [
      1,
      128,
      512,
      512
    ],
    "method": "Both"
  },
  "decoder.up.0.block.1": {
    "l2_value": 0.005063711199909449,
    "cosine_value": 0.469896137714386,
    "shape": [
      1,
      128,
      512,
      512
    ],
    "method": "Both"
  },
  "decoder.up.0.block.2": {
    "l2_value": 0.006110845133662224,
    "cosine_value": 0.4896089434623718,
    "shape": [
      1,
      128,
      512,
      512
    ],
    "method": "Both"
  },
  "decoder.up.1.block.0": {
    "l2_value": 0.0008861511014401913,
    "cosine_value": 0.1221766471862793,
    "shape": [
      1,
      256,
      256,
      256
    ],
    "method": "Both"
  },
  "decoder.up.1.block.1": {
    "l2_value": 0.0008806890691630542,
    "cosine_value": 0.11922812461853027,
    "shape": [
      1,
      256,
      256,
      256
    ],
    "method": "Both"
  },
  "decoder.up.1.block.2": {
    "l2_value": 0.0008006192510947585,
    "cosine_value": 0.13341718912124634,
    "shape": [
      1,
      256,
      256,
      256
    ],
    "method": "Both"
  },
  "decoder.up.1.upsample": {
    "l2_value": 0.0011104667792096734,
    "cosine_value": 0.1590123176574707,
    "shape": [
      1,
      256,
      512,
      512
    ],
    "method": "Both"
  },
  "decoder.up.2.block.0": {
    "l2_value": 0.0006661307415924966,
    "cosine_value": 0.14490002393722534,
    "shape": [
      1,
      512,
      128,
      128
    ],
    "method": "Both"
  },
  "decoder.up.2.block.1": {
    "l2_value": 0.0006989678367972374,
    "cosine_value": 0.15693479776382446,
    "shape": [
      1,
      512,
      128,
      128
    ],
    "method": "Both"
  },
  "decoder.up.2.block.2": {
    "l2_value": 0.000624516629613936,
    "cosine_value": 0.18845784664154053,
    "shape": [
      1,
      512,
      128,
      128
    ],
    "method": "Both"
  },
  "decoder.up.2.upsample": {
    "l2_value": 0.0009879760909825563,
    "cosine_value": 0.16454368829727173,
    "shape": [
      1,
      512,
      256,
      256
    ],
    "method": "Both"
  },
  "decoder.up.3.block.0": {
    "l2_value": 0.0003885737678501755,
    "cosine_value": 0.17743152379989624,
    "shape": [
      1,
      512,
      64,
      64
    ],
    "method": "Both"
  },
  "decoder.up.3.block.1": {
    "l2_value": 0.0004051115829497576,
    "cosine_value": 0.17820334434509277,
    "shape": [
      1,
      512,
      64,
      64
    ],
    "method": "Both"
  },
  "decoder.up.3.block.2": {
    "l2_value": 0.0003785437438637018,
    "cosine_value": 0.19776493310928345,
    "shape": [
      1,
      512,
      64,
      64
    ],
    "method": "Both"
  },
  "decoder.up.3.upsample": {
    "l2_value": 0.0006679838988929987,
    "cosine_value": 0.16038376092910767,
    "shape": [
      1,
      512,
      128,
      128
    ],
    "method": "Both"
  },
  "decoder.conv_out": {
    "l2_value": 0.0002562307636253536,
    "cosine_value": 0.07793700695037842,
    "shape": [
      1,
      3,
      512,
      512
    ],
    "method": "Both"
  }
}