{
  "decoder.conv_in": {
    "l2_value": 0.00040953652933239937,
    "cosine_value": 0.13366013765335083,
    "shape": [
      1,
      512,
      64,
      64
    ],
    "method": "Both"
  },
  "decoder.mid.block_1": {
    "l2_value": 0.00040654820622876287,
    "cosine_value": 0.1337464451789856,
    "shape": [
      1,
      512,
      64,
      64
    ],
    "method": "Both"
  },
  "decoder.mid.attn_1": {
    "l2_value": 0.0004083449603058398,
    "cosine_value": 0.13107478618621826,
    "shape": [
      1,
      512,
      64,
      64
    ],
    "method": "Both"
  },
  "decoder.mid.block_2": {
    "l2_value": 0.0004205977311357856,
    "cosine_value": 0.13017630577087402,
    "shape": [
      1,
      512,
      64,
      64
    ],
    "method": "Both"
  },
  "decoder.up.0.block.0": {
    "l2_value": 0.0019368374487385154,
    "cosine_value": 0.047347426414489746,
    "shape": [
      1,
      128,
      512,
      512
    ],
    "method": "Both"
  },
  "decoder.up.0.block.1": {
    "l2_value": 0.002084203064441681,
    "cosine_value": 0.04362523555755615,
    "shape": [
      1,
      128,
      512,
      512
    ],
    "method": "Both"
  },
  "decoder.up.0.block.2": {
    "l2_value": 0.002259284956380725,
    "cosine_value": 0.039936840534210205,
    "shape": [
      1,
      128,
      512,
      512
    ],
    "method": "Both"
  },
  "decoder.up.1.block.0": {
    "l2_value": 0.0009485796326771379,
    "cosine_value": 0.08907884359359741,
    "shape": [
      1,
      256,
      256,
      256
    ],
    "method": "Both"
  },
  "decoder.up.1.block.1": {
    "l2_value": 0.0009529507951810956,
    "cosine_value": 0.09137678146362305,
    "shape": [
      1,
      256,
      256,
      256
    ],
    "method": "Both"
  },
  "decoder.up.1.block.2": {
    "l2_value": 0.0008846509736031294,
    "cosine_value": 0.09420061111450195,
    "shape": [
      1,
      256,
      256,
      256
    ],
    "method": "Both"
  },
  "decoder.up.1.upsample": {
    "l2_value": 0.0011087320744991302,
    "cosine_value": 0.08270394802093506,
    "shape": [
      1,
      256,
      512,
      512
    ],
    "method": "Both"
  },
  "decoder.up.2.block.0": {
    "l2_value": 0.0007724023307673633,
    "cosine_value": 0.11862123012542725,
    "shape": [
      1,
      512,
      128,
      128
    ],
    "method": "Both"
  },
  "decoder.up.2.block.1": {
    "l2_value": 0.0007960649090819061,
    "cosine_value": 0.11956000328063965,
    "shape": [
      1,
      512,
      128,
      128
    ],
    "method": "Both"
  },
  "decoder.up.2.block.2": {
    "l2_value": 0.0007016190211288631,
    "cosine_value": 0.12372744083404541,
    "shape": [
      1,
      512,
      128,
      128
    ],
    "method": "Both"
  },
  "decoder.up.2.upsample": {
    "l2_value": 0.0011004937114194036,
    "cosine_value": 0.10954612493515015,
    "shape": [
      1,
      512,
      256,
      256
    ],
    "method": "Both"
  },
  "decoder.up.3.block.0": {
    "l2_value": 0.00045513667282648385,
    "cosine_value": 0.13531726598739624,
    "shape": [
      1,
      512,
      64,
      64
    ],
    "method": "Both"
  },
  "decoder.up.3.block.1": {
    "l2_value": 0.0004727229825221002,
    "cosine_value": 0.14077866077423096,
    "shape": [
      1,
      512,
      64,
      64
    ],
    "method": "Both"
  },
  "decoder.up.3.block.2": {
    "l2_value": 0.00043073974666185677,
    "cosine_value": 0.14072149991989136,
    "shape": [
      1,
      512,
      64,
      64
    ],
    "method": "Both"
  },
  "decoder.up.3.upsample": {
    "l2_value": 0.0007823846535757184,
    "cosine_value": 0.12612062692642212,
    "shape": [
      1,
      512,
      128,
      128
    ],
    "method": "Both"
  },
  "decoder.conv_out": {
    "l2_value": 0.00024379555058355132,
    "cosine_value": 0.062116384506225586,
    "shape": [
      1,
      3,
      512,
      512
    ],
    "method": "Both"
  }
}