{
  "decoder.conv_in": {
    "l2_value": 0.00022514256124850363,
    "cosine_value": 0.14176833629608154,
    "shape": [
      1,
      512,
      64,
      64
    ],
    "method": "Both"
  },
  "decoder.mid.block_1": {
    "l2_value": 0.0002640352468006313,
    "cosine_value": 0.11428248882293701,
    "shape": [
      1,
      512,
      64,
      64
    ],
    "method": "Both"
  },
  "decoder.mid.attn_1": {
    "l2_value": 0.0002666316577233374,
    "cosine_value": 0.10459667444229126,
    "shape": [
      1,
      512,
      64,
      64
    ],
    "method": "Both"
  },
  "decoder.mid.block_2": {
    "l2_value": 0.0002785738615784794,
    "cosine_value": 0.10375237464904785,
    "shape": [
      1,
      512,
      64,
      64
    ],
    "method": "Both"
  },
  "decoder.up.0.block.0": {
    "l2_value": 0.001568896695971489,
    "cosine_value": 0.059656381607055664,
    "shape": [
      1,
      128,
      512,
      512
    ],
    "method": "Both"
  },
  "decoder.up.0.block.1": {
    "l2_value": 0.0017904851119965315,
    "cosine_value": 0.05645793676376343,
    "shape": [
      1,
      128,
      512,
      512
    ],
    "method": "Both"
  },
  "decoder.up.0.block.2": {
    "l2_value": 0.0020680997986346483,
    "cosine_value": 0.05402320623397827,
    "shape": [
      1,
      128,
      512,
      512
    ],
    "method": "Both"
  },
  "decoder.up.1.block.0": {
    "l2_value": 0.0007115979678928852,
    "cosine_value": 0.07544112205505371,
    "shape": [
      1,
      256,
      256,
      256
    ],
    "method": "Both"
  },
  "decoder.up.1.block.1": {
    "l2_value": 0.000705597223713994,
    "cosine_value": 0.07227134704589844,
    "shape": [
      1,
      256,
      256,
      256
    ],
    "method": "Both"
  },
  "decoder.up.1.block.2": {
    "l2_value": 0.0006380092818289995,
    "cosine_value": 0.07749563455581665,
    "shape": [
      1,
      256,
      256,
      256
    ],
    "method": "Both"
  },
  "decoder.up.1.upsample": {
    "l2_value": 0.0007611186010763049,
    "cosine_value": 0.06929570436477661,
    "shape": [
      1,
      256,
      512,
      512
    ],
    "method": "Both"
  },
  "decoder.up.2.block.0": {
    "l2_value": 0.0005328918341547251,
    "cosine_value": 0.09191733598709106,
    "shape": [
      1,
      512,
      128,
      128
    ],
    "method": "Both"
  },
  "decoder.up.2.block.1": {
    "l2_value": 0.0005557484109885991,
    "cosine_value": 0.09779280424118042,
    "shape": [
      1,
      512,
      128,
      128
    ],
    "method": "Both"
  },
  "decoder.up.2.block.2": {
    "l2_value": 0.0004965480766259134,
    "cosine_value": 0.11430144309997559,
    "shape": [
      1,
      512,
      128,
      128
    ],
    "method": "Both"
  },
  "decoder.up.2.upsample": {
    "l2_value": 0.0007991340244188905,
    "cosine_value": 0.10265934467315674,
    "shape": [
      1,
      512,
      256,
      256
    ],
    "method": "Both"
  },
  "decoder.up.3.block.0": {
    "l2_value": 0.00030645684455521405,
    "cosine_value": 0.10803860425949097,
    "shape": [
      1,
      512,
      64,
      64
    ],
    "method": "Both"
  },
  "decoder.up.3.block.1": {
    "l2_value": 0.0003190491406712681,
    "cosine_value": 0.1080198884010315,
    "shape": [
      1,
      512,
      64,
      64
    ],
    "method": "Both"
  },
  "decoder.up.3.block.2": {
    "l2_value": 0.0002985984901897609,
    "cosine_value": 0.11918306350708008,
    "shape": [
      1,
      512,
      64,
      64
    ],
    "method": "Both"
  },
  "decoder.up.3.upsample": {
    "l2_value": 0.0005316152237355709,
    "cosine_value": 0.10068416595458984,
    "shape": [
      1,
      512,
      128,
      128
    ],
    "method": "Both"
  },
  "decoder.conv_out": {
    "l2_value": 0.0002449038438498974,
    "cosine_value": 0.06542319059371948,
    "shape": [
      1,
      3,
      512,
      512
    ],
    "method": "Both"
  }
}