{
  "decoder.conv_in": {
    "l2_value": 0.00023873620375525206,
    "cosine_value": 0.1952306628227234,
    "shape": [
      1,
      512,
      64,
      64
    ],
    "method": "Both"
  },
  "decoder.mid.block_1": {
    "l2_value": 0.000269562064204365,
    "cosine_value": 0.12044435739517212,
    "shape": [
      1,
      512,
      64,
      64
    ],
    "method": "Both"
  },
  "decoder.mid.attn_1": {
    "l2_value": 0.0002655366261024028,
    "cosine_value": 0.10683608055114746,
    "shape": [
      1,
      512,
      64,
      64
    ],
    "method": "Both"
  },
  "decoder.mid.block_2": {
    "l2_value": 0.00028425792697817087,
    "cosine_value": 0.11069458723068237,
    "shape": [
      1,
      512,
      64,
      64
    ],
    "method": "Both"
  },
  "decoder.up.0.block.0": {
    "l2_value": 0.002521501388400793,
    "cosine_value": 0.15706664323806763,
    "shape": [
      1,
      128,
      512,
      512
    ],
    "method": "Both"
  },
  "decoder.up.0.block.1": {
    "l2_value": 0.003029065439477563,
    "cosine_value": 0.16346120834350586,
    "shape": [
      1,
      128,
      512,
      512
    ],
    "method": "Both"
  },
  "decoder.up.0.block.2": {
    "l2_value": 0.003622238291427493,
    "cosine_value": 0.16797208786010742,
    "shape": [
      1,
      128,
      512,
      512
    ],
    "method": "Both"
  },
  "decoder.up.1.block.0": {
    "l2_value": 0.0007346072816289961,
    "cosine_value": 0.08047384023666382,
    "shape": [
      1,
      256,
      256,
      256
    ],
    "method": "Both"
  },
  "decoder.up.1.block.1": {
    "l2_value": 0.0007438326720148325,
    "cosine_value": 0.08070600032806396,
    "shape": [
      1,
      256,
      256,
      256
    ],
    "method": "Both"
  },
  "decoder.up.1.block.2": {
    "l2_value": 0.0006851849029771984,
    "cosine_value": 0.09006273746490479,
    "shape": [
      1,
      256,
      256,
      256
    ],
    "method": "Both"
  },
  "decoder.up.1.upsample": {
    "l2_value": 0.0008432881440967321,
    "cosine_value": 0.08625239133834839,
    "shape": [
      1,
      256,
      512,
      512
    ],
    "method": "Both"
  },
  "decoder.up.2.block.0": {
    "l2_value": 0.0005498880054801702,
    "cosine_value": 0.09985971450805664,
    "shape": [
      1,
      512,
      128,
      128
    ],
    "method": "Both"
  },
  "decoder.up.2.block.1": {
    "l2_value": 0.0005750937853008509,
    "cosine_value": 0.10683101415634155,
    "shape": [
      1,
      512,
      128,
      128
    ],
    "method": "Both"
  },
  "decoder.up.2.block.2": {
    "l2_value": 0.0005225020577199757,
    "cosine_value": 0.12799233198165894,
    "shape": [
      1,
      512,
      128,
      128
    ],
    "method": "Both"
  },
  "decoder.up.2.upsample": {
    "l2_value": 0.0008230113890022039,
    "cosine_value": 0.11244410276412964,
    "shape": [
      1,
      512,
      256,
      256
    ],
    "method": "Both"
  },
  "decoder.up.3.block.0": {
    "l2_value": 0.00032307402580045164,
    "cosine_value": 0.12222415208816528,
    "shape": [
      1,
      512,
      64,
      64
    ],
    "method": "Both"
  },
  "decoder.up.3.block.1": {
    "l2_value": 0.00033790539600886405,
    "cosine_value": 0.12388420104980469,
    "shape": [
      1,
      512,
      64,
      64
    ],
    "method": "Both"
  },
  "decoder.up.3.block.2": {
    "l2_value": 0.0003159242041874677,
    "cosine_value": 0.13564103841781616,
    "shape": [
      1,
      512,
      64,
      64
    ],
    "method": "Both"
  },
  "decoder.up.3.upsample": {
    "l2_value": 0.0005490978364832699,
    "cosine_value": 0.11072146892547607,
    "shape": [
      1,
      512,
      128,
      128
    ],
    "method": "Both"
  },
  "decoder.conv_out": {
    "l2_value": 0.000291469506919384,
    "cosine_value": 0.08344995975494385,
    "shape": [
      1,
      3,
      512,
      512
    ],
    "method": "Both"
  }
}