{
  "decoder.conv_in": {
    "l2_value": 0.0004564535047393292,
    "cosine_value": 0.16782861948013306,
    "shape": [
      1,
      512,
      64,
      64
    ],
    "method": "Both"
  },
  "decoder.mid.block_1": {
    "l2_value": 0.00044355055433698,
    "cosine_value": 0.15337121486663818,
    "shape": [
      1,
      512,
      64,
      64
    ],
    "method": "Both"
  },
  "decoder.mid.attn_1": {
    "l2_value": 0.000437604496255517,
    "cosine_value": 0.14874309301376343,
    "shape": [
      1,
      512,
      64,
      64
    ],
    "method": "Both"
  },
  "decoder.mid.block_2": {
    "l2_value": 0.0004547175776679069,
    "cosine_value": 0.14950543642044067,
    "shape": [
      1,
      512,
      64,
      64
    ],
    "method": "Both"
  },
  "decoder.up.0.block.0": {
    "l2_value": 0.003576478222385049,
    "cosine_value": 0.15163028240203857,
    "shape": [
      1,
      128,
      512,
      512
    ],
    "method": "Both"
  },
  "decoder.up.0.block.1": {
    "l2_value": 0.0040224166586995125,
    "cosine_value": 0.1545007824897766,
    "shape": [
      1,
      128,
      512,
      512
    ],
    "method": "Both"
  },
  "decoder.up.0.block.2": {
    "l2_value": 0.004565275739878416,
    "cosine_value": 0.15695816278457642,
    "shape": [
      1,
      128,
      512,
      512
    ],
    "method": "Both"
  },
  "decoder.up.1.block.0": {
    "l2_value": 0.0010176168289035559,
    "cosine_value": 0.09655243158340454,
    "shape": [
      1,
      256,
      256,
      256
    ],
    "method": "Both"
  },
  "decoder.up.1.block.1": {
    "l2_value": 0.001045359531417489,
    "cosine_value": 0.1030392050743103,
    "shape": [
      1,
      256,
      256,
      256
    ],
    "method": "Both"
  },
  "decoder.up.1.block.2": {
    "l2_value": 0.0009940019808709621,
    "cosine_value": 0.11012959480285645,
    "shape": [
      1,
      256,
      256,
      256
    ],
    "method": "Both"
  },
  "decoder.up.1.upsample": {
    "l2_value": 0.0013757803244516253,
    "cosine_value": 0.1171720027923584,
    "shape": [
      1,
      256,
      512,
      512
    ],
    "method": "Both"
  },
  "decoder.up.2.block.0": {
    "l2_value": 0.0008129476918838918,
    "cosine_value": 0.12636101245880127,
    "shape": [
      1,
      512,
      128,
      128
    ],
    "method": "Both"
  },
  "decoder.up.2.block.1": {
    "l2_value": 0.0008348643314093351,
    "cosine_value": 0.12713998556137085,
    "shape": [
      1,
      512,
      128,
      128
    ],
    "method": "Both"
  },
  "decoder.up.2.block.2": {
    "l2_value": 0.0007507045520469546,
    "cosine_value": 0.13483774662017822,
    "shape": [
      1,
      512,
      128,
      128
    ],
    "method": "Both"
  },
  "decoder.up.2.upsample": {
    "l2_value": 0.0011671360116451979,
    "cosine_value": 0.11762100458145142,
    "shape": [
      1,
      512,
      256,
      256
    ],
    "method": "Both"
  },
  "decoder.up.3.block.0": {
    "l2_value": 0.000495576357934624,
    "cosine_value": 0.15696841478347778,
    "shape": [
      1,
      512,
      64,
      64
    ],
    "method": "Both"
  },
  "decoder.up.3.block.1": {
    "l2_value": 0.0005129238707013428,
    "cosine_value": 0.1612030267715454,
    "shape": [
      1,
      512,
      64,
      64
    ],
    "method": "Both"
  },
  "decoder.up.3.block.2": {
    "l2_value": 0.00046370335621759295,
    "cosine_value": 0.15714901685714722,
    "shape": [
      1,
      512,
      64,
      64
    ],
    "method": "Both"
  },
  "decoder.up.3.upsample": {
    "l2_value": 0.0008255332941189408,
    "cosine_value": 0.13542675971984863,
    "shape": [
      1,
      512,
      128,
      128
    ],
    "method": "Both"
  },
  "decoder.conv_out": {
    "l2_value": 0.00028684712015092373,
    "cosine_value": 0.07785892486572266,
    "shape": [
      1,
      3,
      512,
      512
    ],
    "method": "Both"
  }
}