{
  "decoder.conv_in": {
    "l2_value": 0.00019754651293624192,
    "cosine_value": 0.11660122871398926,
    "shape": [
      1,
      512,
      64,
      64
    ],
    "method": "Both"
  },
  "decoder.mid.block_1": {
    "l2_value": 0.0002300717169418931,
    "cosine_value": 0.07897007465362549,
    "shape": [
      1,
      512,
      64,
      64
    ],
    "method": "Both"
  },
  "decoder.mid.attn_1": {
    "l2_value": 0.00022969115525484085,
    "cosine_value": 0.07369846105575562,
    "shape": [
      1,
      512,
      64,
      64
    ],
    "method": "Both"
  },
  "decoder.mid.block_2": {
    "l2_value": 0.0002592819801066071,
    "cosine_value": 0.08452939987182617,
    "shape": [
      1,
      512,
      64,
      64
    ],
    "method": "Both"
  },
  "decoder.up.0.block.0": {
    "l2_value": 0.004725790116935968,
    "cosine_value": 0.5290471911430359,
    "shape": [
      1,
      128,
      512,
      512
    ],
    "method": "Both"
  },
  "decoder.up.0.block.1": {
    "l2_value": 0.0059574684128165245,
    "cosine_value": 0.6123701632022858,
    "shape": [
      1,
      128,
      512,
      512
    ],
    "method": "Both"
  },
  "decoder.up.0.block.2": {
    "l2_value": 0.007308435160666704,
    "cosine_value": 0.6708332002162933,
    "shape": [
      1,
      128,
      512,
      512
    ],
    "method": "Both"
  },
  "decoder.up.1.block.0": {
    "l2_value": 0.000600353057961911,
    "cosine_value": 0.04840075969696045,
    "shape": [
      1,
      256,
      256,
      256
    ],
    "method": "Both"
  },
  "decoder.up.1.block.1": {
    "l2_value": 0.0006089586531743407,
    "cosine_value": 0.0486297607421875,
    "shape": [
      1,
      256,
      256,
      256
    ],
    "method": "Both"
  },
  "decoder.up.1.block.2": {
    "l2_value": 0.0005713925929740071,
    "cosine_value": 0.05552065372467041,
    "shape": [
      1,
      256,
      256,
      256
    ],
    "method": "Both"
  },
  "decoder.up.1.upsample": {
    "l2_value": 0.0009208311676047742,
    "cosine_value": 0.09145188331604004,
    "shape": [
      1,
      256,
      512,
      512
    ],
    "method": "Both"
  },
  "decoder.up.2.block.0": {
    "l2_value": 0.00048326756223104894,
    "cosine_value": 0.07268369197845459,
    "shape": [
      1,
      512,
      128,
      128
    ],
    "method": "Both"
  },
  "decoder.up.2.block.1": {
    "l2_value": 0.0005030306638218462,
    "cosine_value": 0.07732588052749634,
    "shape": [
      1,
      512,
      128,
      128
    ],
    "method": "Both"
  },
  "decoder.up.2.block.2": {
    "l2_value": 0.0004463649820536375,
    "cosine_value": 0.08601009845733643,
    "shape": [
      1,
      512,
      128,
      128
    ],
    "method": "Both"
  },
  "decoder.up.2.upsample": {
    "l2_value": 0.0006803509313613176,
    "cosine_value": 0.06955140829086304,
    "shape": [
      1,
      512,
      256,
      256
    ],
    "method": "Both"
  },
  "decoder.up.3.block.0": {
    "l2_value": 0.000299724837532267,
    "cosine_value": 0.09867900609970093,
    "shape": [
      1,
      512,
      64,
      64
    ],
    "method": "Both"
  },
  "decoder.up.3.block.1": {
    "l2_value": 0.00030726302065886557,
    "cosine_value": 0.0974460244178772,
    "shape": [
      1,
      512,
      64,
      64
    ],
    "method": "Both"
  },
  "decoder.up.3.block.2": {
    "l2_value": 0.0002830195298884064,
    "cosine_value": 0.10126382112503052,
    "shape": [
      1,
      512,
      64,
      64
    ],
    "method": "Both"
  },
  "decoder.up.3.upsample": {
    "l2_value": 0.0004883158835582435,
    "cosine_value": 0.08244621753692627,
    "shape": [
      1,
      512,
      128,
      128
    ],
    "method": "Both"
  },
  "decoder.conv_out": {
    "l2_value": 0.00015241622653168937,
    "cosine_value": 0.020268619060516357,
    "shape": [
      1,
      3,
      512,
      512
    ],
    "method": "Both"
  }
}