{
  "decoder.conv_in": {
    "l2_value": 0.0004171624023001641,
    "cosine_value": 0.11627143621444702,
    "shape": [
      1,
      512,
      64,
      64
    ],
    "method": "Both"
  },
  "decoder.mid.block_1": {
    "l2_value": 0.0004390408576000482,
    "cosine_value": 0.12828707695007324,
    "shape": [
      1,
      512,
      64,
      64
    ],
    "method": "Both"
  },
  "decoder.mid.attn_1": {
    "l2_value": 0.00043898646254092455,
    "cosine_value": 0.1284307837486267,
    "shape": [
      1,
      512,
      64,
      64
    ],
    "method": "Both"
  },
  "decoder.mid.block_2": {
    "l2_value": 0.0004709066415671259,
    "cosine_value": 0.1382453441619873,
    "shape": [
      1,
      512,
      64,
      64
    ],
    "method": "Both"
  },
  "decoder.up.0.block.0": {
    "l2_value": 0.006773564498871565,
    "cosine_value": 0.49661171436309814,
    "shape": [
      1,
      128,
      512,
      512
    ],
    "method": "Both"
  },
  "decoder.up.0.block.1": {
    "l2_value": 0.007890303619205952,
    "cosine_value": 0.5499195754528046,
    "shape": [
      1,
      128,
      512,
      512
    ],
    "method": "Both"
  },
  "decoder.up.0.block.2": {
    "l2_value": 0.00919618085026741,
    "cosine_value": 0.596245139837265,
    "shape": [
      1,
      128,
      512,
      512
    ],
    "method": "Both"
  },
  "decoder.up.1.block.0": {
    "l2_value": 0.0009769879980012774,
    "cosine_value": 0.07379937171936035,
    "shape": [
      1,
      256,
      256,
      256
    ],
    "method": "Both"
  },
  "decoder.up.1.block.1": {
    "l2_value": 0.001016066875308752,
    "cosine_value": 0.08046191930770874,
    "shape": [
      1,
      256,
      256,
      256
    ],
    "method": "Both"
  },
  "decoder.up.1.block.2": {
    "l2_value": 0.0009731691097840667,
    "cosine_value": 0.08592498302459717,
    "shape": [
      1,
      256,
      256,
      256
    ],
    "method": "Both"
  },
  "decoder.up.1.upsample": {
    "l2_value": 0.0018363256240263581,
    "cosine_value": 0.17298352718353271,
    "shape": [
      1,
      256,
      512,
      512
    ],
    "method": "Both"
  },
  "decoder.up.2.block.0": {
    "l2_value": 0.0007801293977536261,
    "cosine_value": 0.10199326276779175,
    "shape": [
      1,
      512,
      128,
      128
    ],
    "method": "Both"
  },
  "decoder.up.2.block.1": {
    "l2_value": 0.0007998580695129931,
    "cosine_value": 0.1031196117401123,
    "shape": [
      1,
      512,
      128,
      128
    ],
    "method": "Both"
  },
  "decoder.up.2.block.2": {
    "l2_value": 0.0007050446583889425,
    "cosine_value": 0.1019124984741211,
    "shape": [
      1,
      512,
      128,
      128
    ],
    "method": "Both"
  },
  "decoder.up.2.upsample": {
    "l2_value": 0.0010685590095818043,
    "cosine_value": 0.08275550603866577,
    "shape": [
      1,
      512,
      256,
      256
    ],
    "method": "Both"
  },
  "decoder.up.3.block.0": {
    "l2_value": 0.0005183863104321063,
    "cosine_value": 0.15141606330871582,
    "shape": [
      1,
      512,
      64,
      64
    ],
    "method": "Both"
  },
  "decoder.up.3.block.1": {
    "l2_value": 0.0005184528999961913,
    "cosine_value": 0.14681845903396606,
    "shape": [
      1,
      512,
      64,
      64
    ],
    "method": "Both"
  },
  "decoder.up.3.block.2": {
    "l2_value": 0.0004541246744338423,
    "cosine_value": 0.1301547884941101,
    "shape": [
      1,
      512,
      64,
      64
    ],
    "method": "Both"
  },
  "decoder.up.3.upsample": {
    "l2_value": 0.00078979303361848,
    "cosine_value": 0.10790544748306274,
    "shape": [
      1,
      512,
      128,
      128
    ],
    "method": "Both"
  },
  "decoder.conv_out": {
    "l2_value": 0.00014844907370085517,
    "cosine_value": 0.018509328365325928,
    "shape": [
      1,
      3,
      512,
      512
    ],
    "method": "Both"
  }
}