{
  "decoder.conv_in": {
    "l2_value": 0.00015579922182951123,
    "cosine_value": 0.07830238342285156,
    "shape": [
      1,
      512,
      64,
      64
    ],
    "method": "Both"
  },
  "decoder.mid.block_1": {
    "l2_value": 0.00017536322411615402,
    "cosine_value": 0.05671131610870361,
    "shape": [
      1,
      512,
      64,
      64
    ],
    "method": "Both"
  },
  "decoder.mid.attn_1": {
    "l2_value": 0.0001767653157003224,
    "cosine_value": 0.0490034818649292,
    "shape": [
      1,
      512,
      64,
      64
    ],
    "method": "Both"
  },
  "decoder.mid.block_2": {
    "l2_value": 0.00018499151337891817,
    "cosine_value": 0.04879277944564819,
    "shape": [
      1,
      512,
      64,
      64
    ],
    "method": "Both"
  },
  "decoder.up.0.block.0": {
    "l2_value": 0.0024640990886837244,
    "cosine_value": 0.1556902527809143,
    "shape": [
      1,
      128,
      512,
      512
    ],
    "method": "Both"
  },
  "decoder.up.0.block.1": {
    "l2_value": 0.002983848098665476,
    "cosine_value": 0.1642886996269226,
    "shape": [
      1,
      128,
      512,
      512
    ],
    "method": "Both"
  },
  "decoder.up.0.block.2": {
    "l2_value": 0.003599042072892189,
    "cosine_value": 0.17029935121536255,
    "shape": [
      1,
      128,
      512,
      512
    ],
    "method": "Both"
  },
  "decoder.up.1.block.0": {
    "l2_value": 0.00047221453860402107,
    "cosine_value": 0.03610706329345703,
    "shape": [
      1,
      256,
      256,
      256
    ],
    "method": "Both"
  },
  "decoder.up.1.block.1": {
    "l2_value": 0.00046716094948351383,
    "cosine_value": 0.03488314151763916,
    "shape": [
      1,
      256,
      256,
      256
    ],
    "method": "Both"
  },
  "decoder.up.1.block.2": {
    "l2_value": 0.00042016475345008075,
    "cosine_value": 0.03876149654388428,
    "shape": [
      1,
      256,
      256,
      256
    ],
    "method": "Both"
  },
  "decoder.up.1.upsample": {
    "l2_value": 0.0006249425932765007,
    "cosine_value": 0.053048670291900635,
    "shape": [
      1,
      256,
      512,
      512
    ],
    "method": "Both"
  },
  "decoder.up.2.block.0": {
    "l2_value": 0.00034792424412444234,
    "cosine_value": 0.04103809595108032,
    "shape": [
      1,
      512,
      128,
      128
    ],
    "method": "Both"
  },
  "decoder.up.2.block.1": {
    "l2_value": 0.000360653706593439,
    "cosine_value": 0.043536603450775146,
    "shape": [
      1,
      512,
      128,
      128
    ],
    "method": "Both"
  },
  "decoder.up.2.block.2": {
    "l2_value": 0.0003215240139979869,
    "cosine_value": 0.05272740125656128,
    "shape": [
      1,
      512,
      128,
      128
    ],
    "method": "Both"
  },
  "decoder.up.2.upsample": {
    "l2_value": 0.0005168047500774264,
    "cosine_value": 0.04753851890563965,
    "shape": [
      1,
      512,
      256,
      256
    ],
    "method": "Both"
  },
  "decoder.up.3.block.0": {
    "l2_value": 0.0002016833605011925,
    "cosine_value": 0.04937088489532471,
    "shape": [
      1,
      512,
      64,
      64
    ],
    "method": "Both"
  },
  "decoder.up.3.block.1": {
    "l2_value": 0.00020791907445527613,
    "cosine_value": 0.04824674129486084,
    "shape": [
      1,
      512,
      64,
      64
    ],
    "method": "Both"
  },
  "decoder.up.3.block.2": {
    "l2_value": 0.00019479819457046688,
    "cosine_value": 0.054373860359191895,
    "shape": [
      1,
      512,
      64,
      64
    ],
    "method": "Both"
  },
  "decoder.up.3.upsample": {
    "l2_value": 0.00035250672954134643,
    "cosine_value": 0.04637199640274048,
    "shape": [
      1,
      512,
      128,
      128
    ],
    "method": "Both"
  },
  "decoder.conv_out": {
    "l2_value": 0.0001316228590440005,
    "cosine_value": 0.029548346996307373,
    "shape": [
      1,
      3,
      512,
      512
    ],
    "method": "Both"
  }
}