{
  "decoder.conv_in": {
    "l2_value": 0.000339364109095186,
    "cosine_value": 0.0806073546409607,
    "shape": [
      1,
      512,
      64,
      64
    ],
    "method": "Both"
  },
  "decoder.mid.block_1": {
    "l2_value": 0.000362129183486104,
    "cosine_value": 0.09314405918121338,
    "shape": [
      1,
      512,
      64,
      64
    ],
    "method": "Both"
  },
  "decoder.mid.attn_1": {
    "l2_value": 0.0003625199315138161,
    "cosine_value": 0.09336066246032715,
    "shape": [
      1,
      512,
      64,
      64
    ],
    "method": "Both"
  },
  "decoder.mid.block_2": {
    "l2_value": 0.0003804827865678817,
    "cosine_value": 0.09623605012893677,
    "shape": [
      1,
      512,
      64,
      64
    ],
    "method": "Both"
  },
  "decoder.up.0.block.0": {
    "l2_value": 0.00599208427593112,
    "cosine_value": 0.4098367691040039,
    "shape": [
      1,
      128,
      512,
      512
    ],
    "method": "Both"
  },
  "decoder.up.0.block.1": {
    "l2_value": 0.007021442521363497,
    "cosine_value": 0.45856887102127075,
    "shape": [
      1,
      128,
      512,
      512
    ],
    "method": "Both"
  },
  "decoder.up.0.block.2": {
    "l2_value": 0.00822162814438343,
    "cosine_value": 0.49877405166625977,
    "shape": [
      1,
      128,
      512,
      512
    ],
    "method": "Both"
  },
  "decoder.up.1.block.0": {
    "l2_value": 0.0008089992916211486,
    "cosine_value": 0.05375880002975464,
    "shape": [
      1,
      256,
      256,
      256
    ],
    "method": "Both"
  },
  "decoder.up.1.block.1": {
    "l2_value": 0.0008403909159824252,
    "cosine_value": 0.05845534801483154,
    "shape": [
      1,
      256,
      256,
      256
    ],
    "method": "Both"
  },
  "decoder.up.1.block.2": {
    "l2_value": 0.0008108809706754982,
    "cosine_value": 0.0633513331413269,
    "shape": [
      1,
      256,
      256,
      256
    ],
    "method": "Both"
  },
  "decoder.up.1.upsample": {
    "l2_value": 0.0015743178082630038,
    "cosine_value": 0.1359255313873291,
    "shape": [
      1,
      256,
      512,
      512
    ],
    "method": "Both"
  },
  "decoder.up.2.block.0": {
    "l2_value": 0.000619281199760735,
    "cosine_value": 0.06883066892623901,
    "shape": [
      1,
      512,
      128,
      128
    ],
    "method": "Both"
  },
  "decoder.up.2.block.1": {
    "l2_value": 0.0006385552114807069,
    "cosine_value": 0.06934523582458496,
    "shape": [
      1,
      512,
      128,
      128
    ],
    "method": "Both"
  },
  "decoder.up.2.block.2": {
    "l2_value": 0.0005664771888405085,
    "cosine_value": 0.0691521167755127,
    "shape": [
      1,
      512,
      128,
      128
    ],
    "method": "Both"
  },
  "decoder.up.2.upsample": {
    "l2_value": 0.0008658616570755839,
    "cosine_value": 0.05727100372314453,
    "shape": [
      1,
      512,
      256,
      256
    ],
    "method": "Both"
  },
  "decoder.up.3.block.0": {
    "l2_value": 0.00041192208300344646,
    "cosine_value": 0.10126012563705444,
    "shape": [
      1,
      512,
      64,
      64
    ],
    "method": "Both"
  },
  "decoder.up.3.block.1": {
    "l2_value": 0.00040958664612844586,
    "cosine_value": 0.0966077446937561,
    "shape": [
      1,
      512,
      64,
      64
    ],
    "method": "Both"
  },
  "decoder.up.3.block.2": {
    "l2_value": 0.0003576344170141965,
    "cosine_value": 0.08662432432174683,
    "shape": [
      1,
      512,
      64,
      64
    ],
    "method": "Both"
  },
  "decoder.up.3.upsample": {
    "l2_value": 0.0006247992860153317,
    "cosine_value": 0.07264035940170288,
    "shape": [
      1,
      512,
      128,
      128
    ],
    "method": "Both"
  },
  "decoder.conv_out": {
    "l2_value": 0.00012236224332203469,
    "cosine_value": 0.01191413402557373,
    "shape": [
      1,
      3,
      512,
      512
    ],
    "method": "Both"
  }
}