{
  "decoder.conv_in": {
    "l2_value": 0.00015608010289724916,
    "cosine_value": 0.06923097372055054,
    "shape": [
      1,
      512,
      64,
      64
    ],
    "method": "Both"
  },
  "decoder.mid.block_1": {
    "l2_value": 0.00018187765090260655,
    "cosine_value": 0.050138771533966064,
    "shape": [
      1,
      512,
      64,
      64
    ],
    "method": "Both"
  },
  "decoder.mid.attn_1": {
    "l2_value": 0.00018071335216518492,
    "cosine_value": 0.04621601104736328,
    "shape": [
      1,
      512,
      64,
      64
    ],
    "method": "Both"
  },
  "decoder.mid.block_2": {
    "l2_value": 0.00020095800573471934,
    "cosine_value": 0.05187636613845825,
    "shape": [
      1,
      512,
      64,
      64
    ],
    "method": "Both"
  },
  "decoder.up.0.block.0": {
    "l2_value": 0.004289546515792608,
    "cosine_value": 0.42220062017440796,
    "shape": [
      1,
      128,
      512,
      512
    ],
    "method": "Both"
  },
  "decoder.up.0.block.1": {
    "l2_value": 0.00535705266520381,
    "cosine_value": 0.48478639125823975,
    "shape": [
      1,
      128,
      512,
      512
    ],
    "method": "Both"
  },
  "decoder.up.0.block.2": {
    "l2_value": 0.0065821497701108456,
    "cosine_value": 0.5331433415412903,
    "shape": [
      1,
      128,
      512,
      512
    ],
    "method": "Both"
  },
  "decoder.up.1.block.0": {
    "l2_value": 0.0004860888875555247,
    "cosine_value": 0.03243964910507202,
    "shape": [
      1,
      256,
      256,
      256
    ],
    "method": "Both"
  },
  "decoder.up.1.block.1": {
    "l2_value": 0.0004978778888471425,
    "cosine_value": 0.0329587459564209,
    "shape": [
      1,
      256,
      256,
      256
    ],
    "method": "Both"
  },
  "decoder.up.1.block.2": {
    "l2_value": 0.0004756095295306295,
    "cosine_value": 0.03864949941635132,
    "shape": [
      1,
      256,
      256,
      256
    ],
    "method": "Both"
  },
  "decoder.up.1.upsample": {
    "l2_value": 0.0008209784864448011,
    "cosine_value": 0.07262855768203735,
    "shape": [
      1,
      256,
      512,
      512
    ],
    "method": "Both"
  },
  "decoder.up.2.block.0": {
    "l2_value": 0.00038079620571807027,
    "cosine_value": 0.045466601848602295,
    "shape": [
      1,
      512,
      128,
      128
    ],
    "method": "Both"
  },
  "decoder.up.2.block.1": {
    "l2_value": 0.00039941866998560727,
    "cosine_value": 0.04877442121505737,
    "shape": [
      1,
      512,
      128,
      128
    ],
    "method": "Both"
  },
  "decoder.up.2.block.2": {
    "l2_value": 0.0003568205574993044,
    "cosine_value": 0.055379629135131836,
    "shape": [
      1,
      512,
      128,
      128
    ],
    "method": "Both"
  },
  "decoder.up.2.upsample": {
    "l2_value": 0.0005470222095027566,
    "cosine_value": 0.04527604579925537,
    "shape": [
      1,
      512,
      256,
      256
    ],
    "method": "Both"
  },
  "decoder.up.3.block.0": {
    "l2_value": 0.00023246808268595487,
    "cosine_value": 0.059958815574645996,
    "shape": [
      1,
      512,
      64,
      64
    ],
    "method": "Both"
  },
  "decoder.up.3.block.1": {
    "l2_value": 0.00024014420341700315,
    "cosine_value": 0.05940884351730347,
    "shape": [
      1,
      512,
      64,
      64
    ],
    "method": "Both"
  },
  "decoder.up.3.block.2": {
    "l2_value": 0.00022229933529160917,
    "cosine_value": 0.06304162740707397,
    "shape": [
      1,
      512,
      64,
      64
    ],
    "method": "Both"
  },
  "decoder.up.3.upsample": {
    "l2_value": 0.00038133744965307415,
    "cosine_value": 0.05038946866989136,
    "shape": [
      1,
      512,
      128,
      128
    ],
    "method": "Both"
  },
  "decoder.conv_out": {
    "l2_value": 0.00012176328649123509,
    "cosine_value": 0.012351036071777344,
    "shape": [
      1,
      3,
      512,
      512
    ],
    "method": "Both"
  }
}