{
  "decoder.conv_in": {
    "l2_value": 0.000519821944180876,
    "cosine_value": 0.20663481950759888,
    "shape": [
      1,
      512,
      64,
      64
    ],
    "method": "Both"
  },
  "decoder.mid.block_1": {
    "l2_value": 0.0005129722412675619,
    "cosine_value": 0.20166218280792236,
    "shape": [
      1,
      512,
      64,
      64
    ],
    "method": "Both"
  },
  "decoder.mid.attn_1": {
    "l2_value": 0.0004982962273061275,
    "cosine_value": 0.18892717361450195,
    "shape": [
      1,
      512,
      64,
      64
    ],
    "method": "Both"
  },
  "decoder.mid.block_2": {
    "l2_value": 0.0005123156006447971,
    "cosine_value": 0.18619704246520996,
    "shape": [
      1,
      512,
      64,
      64
    ],
    "method": "Both"
  },
  "decoder.up.0.block.0": {
    "l2_value": 0.002475712914019823,
    "cosine_value": 0.06963258981704712,
    "shape": [
      1,
      128,
      512,
      512
    ],
    "method": "Both"
  },
  "decoder.up.0.block.1": {
    "l2_value": 0.0025956169702112675,
    "cosine_value": 0.062204182147979736,
    "shape": [
      1,
      128,
      512,
      512
    ],
    "method": "Both"
  },
  "decoder.up.0.block.2": {
    "l2_value": 0.002734092064201832,
    "cosine_value": 0.054788827896118164,
    "shape": [
      1,
      128,
      512,
      512
    ],
    "method": "Both"
  },
  "decoder.up.1.block.0": {
    "l2_value": 0.0012088770745322108,
    "cosine_value": 0.12723690271377563,
    "shape": [
      1,
      256,
      256,
      256
    ],
    "method": "Both"
  },
  "decoder.up.1.block.1": {
    "l2_value": 0.0012380500556901097,
    "cosine_value": 0.13458514213562012,
    "shape": [
      1,
      256,
      256,
      256
    ],
    "method": "Both"
  },
  "decoder.up.1.block.2": {
    "l2_value": 0.0011821296066045761,
    "cosine_value": 0.1427922248840332,
    "shape": [
      1,
      256,
      256,
      256
    ],
    "method": "Both"
  },
  "decoder.up.1.upsample": {
    "l2_value": 0.0014661616878584027,
    "cosine_value": 0.12359762191772461,
    "shape": [
      1,
      256,
      512,
      512
    ],
    "method": "Both"
  },
  "decoder.up.2.block.0": {
    "l2_value": 0.0009285140549764037,
    "cosine_value": 0.16245818138122559,
    "shape": [
      1,
      512,
      128,
      128
    ],
    "method": "Both"
  },
  "decoder.up.2.block.1": {
    "l2_value": 0.0009551841649226844,
    "cosine_value": 0.16291040182113647,
    "shape": [
      1,
      512,
      128,
      128
    ],
    "method": "Both"
  },
  "decoder.up.2.block.2": {
    "l2_value": 0.0008733643335290253,
    "cosine_value": 0.17511582374572754,
    "shape": [
      1,
      512,
      128,
      128
    ],
    "method": "Both"
  },
  "decoder.up.2.upsample": {
    "l2_value": 0.0013796415878459811,
    "cosine_value": 0.15559476613998413,
    "shape": [
      1,
      512,
      256,
      256
    ],
    "method": "Both"
  },
  "decoder.up.3.block.0": {
    "l2_value": 0.0005509066395461559,
    "cosine_value": 0.19230806827545166,
    "shape": [
      1,
      512,
      64,
      64
    ],
    "method": "Both"
  },
  "decoder.up.3.block.1": {
    "l2_value": 0.0005742242792621255,
    "cosine_value": 0.20158153772354126,
    "shape": [
      1,
      512,
      64,
      64
    ],
    "method": "Both"
  },
  "decoder.up.3.block.2": {
    "l2_value": 0.0005271146656014025,
    "cosine_value": 0.2008112668991089,
    "shape": [
      1,
      512,
      64,
      64
    ],
    "method": "Both"
  },
  "decoder.up.3.upsample": {
    "l2_value": 0.000941433128900826,
    "cosine_value": 0.17334198951721191,
    "shape": [
      1,
      512,
      128,
      128
    ],
    "method": "Both"
  },
  "decoder.conv_out": {
    "l2_value": 0.0003256120641405384,
    "cosine_value": 0.08275365829467773,
    "shape": [
      1,
      3,
      512,
      512
    ],
    "method": "Both"
  }
}