{
  "decoder.conv_in": {
    "l2_value": 0.00018667273980099708,
    "cosine_value": 0.13218998908996582,
    "shape": [
      1,
      512,
      64,
      64
    ],
    "method": "Both"
  },
  "decoder.mid.block_1": {
    "l2_value": 0.00022045163495931774,
    "cosine_value": 0.09288209676742554,
    "shape": [
      1,
      512,
      64,
      64
    ],
    "method": "Both"
  },
  "decoder.mid.attn_1": {
    "l2_value": 0.0002206531207775697,
    "cosine_value": 0.07952350378036499,
    "shape": [
      1,
      512,
      64,
      64
    ],
    "method": "Both"
  },
  "decoder.mid.block_2": {
    "l2_value": 0.00022924330551177263,
    "cosine_value": 0.07789647579193115,
    "shape": [
      1,
      512,
      64,
      64
    ],
    "method": "Both"
  },
  "decoder.up.0.block.0": {
    "l2_value": 0.005345500074326992,
    "cosine_value": 0.7001341283321381,
    "shape": [
      1,
      128,
      512,
      512
    ],
    "method": "Both"
  },
  "decoder.up.0.block.1": {
    "l2_value": 0.006496663670986891,
    "cosine_value": 0.7473011314868927,
    "shape": [
      1,
      128,
      512,
      512
    ],
    "method": "Both"
  },
  "decoder.up.0.block.2": {
    "l2_value": 0.007844889536499977,
    "cosine_value": 0.7771384716033936,
    "shape": [
      1,
      128,
      512,
      512
    ],
    "method": "Both"
  },
  "decoder.up.1.block.0": {
    "l2_value": 0.000578106555622071,
    "cosine_value": 0.05558711290359497,
    "shape": [
      1,
      256,
      256,
      256
    ],
    "method": "Both"
  },
  "decoder.up.1.block.1": {
    "l2_value": 0.0005850918241776526,
    "cosine_value": 0.05537986755371094,
    "shape": [
      1,
      256,
      256,
      256
    ],
    "method": "Both"
  },
  "decoder.up.1.block.2": {
    "l2_value": 0.0005667295772582293,
    "cosine_value": 0.07067692279815674,
    "shape": [
      1,
      256,
      256,
      256
    ],
    "method": "Both"
  },
  "decoder.up.1.upsample": {
    "l2_value": 0.0011023491388186812,
    "cosine_value": 0.16475361585617065,
    "shape": [
      1,
      256,
      512,
      512
    ],
    "method": "Both"
  },
  "decoder.up.2.block.0": {
    "l2_value": 0.0004006714734714478,
    "cosine_value": 0.05782216787338257,
    "shape": [
      1,
      512,
      128,
      128
    ],
    "method": "Both"
  },
  "decoder.up.2.block.1": {
    "l2_value": 0.000411910266848281,
    "cosine_value": 0.06004828214645386,
    "shape": [
      1,
      512,
      128,
      128
    ],
    "method": "Both"
  },
  "decoder.up.2.block.2": {
    "l2_value": 0.0003697112260852009,
    "cosine_value": 0.07279056310653687,
    "shape": [
      1,
      512,
      128,
      128
    ],
    "method": "Both"
  },
  "decoder.up.2.upsample": {
    "l2_value": 0.0005927765159867704,
    "cosine_value": 0.06590539216995239,
    "shape": [
      1,
      512,
      256,
      256
    ],
    "method": "Both"
  },
  "decoder.up.3.block.0": {
    "l2_value": 0.000248556025326252,
    "cosine_value": 0.07784831523895264,
    "shape": [
      1,
      512,
      64,
      64
    ],
    "method": "Both"
  },
  "decoder.up.3.block.1": {
    "l2_value": 0.0002433882764307782,
    "cosine_value": 0.0692981481552124,
    "shape": [
      1,
      512,
      64,
      64
    ],
    "method": "Both"
  },
  "decoder.up.3.block.2": {
    "l2_value": 0.00022778048878535628,
    "cosine_value": 0.07811987400054932,
    "shape": [
      1,
      512,
      64,
      64
    ],
    "method": "Both"
  },
  "decoder.up.3.upsample": {
    "l2_value": 0.0004069202987011522,
    "cosine_value": 0.06625044345855713,
    "shape": [
      1,
      512,
      128,
      128
    ],
    "method": "Both"
  },
  "decoder.conv_out": {
    "l2_value": 0.000176765121674786,
    "cosine_value": 0.05102074146270752,
    "shape": [
      1,
      3,
      512,
      512
    ],
    "method": "Both"
  }
}