{
  "decoder.conv_in": {
    "l2_value": 0.00036244469811208546,
    "cosine_value": 0.12883144617080688,
    "shape": [
      1,
      512,
      64,
      64
    ],
    "method": "Both"
  },
  "decoder.mid.block_1": {
    "l2_value": 0.00040585699025541544,
    "cosine_value": 0.15845966339111328,
    "shape": [
      1,
      512,
      64,
      64
    ],
    "method": "Both"
  },
  "decoder.mid.attn_1": {
    "l2_value": 0.0004043675144203007,
    "cosine_value": 0.15050113201141357,
    "shape": [
      1,
      512,
      64,
      64
    ],
    "method": "Both"
  },
  "decoder.mid.block_2": {
    "l2_value": 0.0004062210791744292,
    "cosine_value": 0.13928574323654175,
    "shape": [
      1,
      512,
      64,
      64
    ],
    "method": "Both"
  },
  "decoder.up.0.block.0": {
    "l2_value": 0.006319444626569748,
    "cosine_value": 0.47537535429000854,
    "shape": [
      1,
      128,
      512,
      512
    ],
    "method": "Both"
  },
  "decoder.up.0.block.1": {
    "l2_value": 0.0072064935229718685,
    "cosine_value": 0.4954347014427185,
    "shape": [
      1,
      128,
      512,
      512
    ],
    "method": "Both"
  },
  "decoder.up.0.block.2": {
    "l2_value": 0.008240542374551296,
    "cosine_value": 0.5087676346302032,
    "shape": [
      1,
      128,
      512,
      512
    ],
    "method": "Both"
  },
  "decoder.up.1.block.0": {
    "l2_value": 0.0009502943721599877,
    "cosine_value": 0.10566866397857666,
    "shape": [
      1,
      256,
      256,
      256
    ],
    "method": "Both"
  },
  "decoder.up.1.block.1": {
    "l2_value": 0.000970818568021059,
    "cosine_value": 0.11201435327529907,
    "shape": [
      1,
      256,
      256,
      256
    ],
    "method": "Both"
  },
  "decoder.up.1.block.2": {
    "l2_value": 0.0009326825966127217,
    "cosine_value": 0.12652593851089478,
    "shape": [
      1,
      256,
      256,
      256
    ],
    "method": "Both"
  },
  "decoder.up.1.upsample": {
    "l2_value": 0.001832624082453549,
    "cosine_value": 0.2468520998954773,
    "shape": [
      1,
      256,
      512,
      512
    ],
    "method": "Both"
  },
  "decoder.up.2.block.0": {
    "l2_value": 0.0006627236725762486,
    "cosine_value": 0.09954720735549927,
    "shape": [
      1,
      512,
      128,
      128
    ],
    "method": "Both"
  },
  "decoder.up.2.block.1": {
    "l2_value": 0.0006750709726475179,
    "cosine_value": 0.09785133600234985,
    "shape": [
      1,
      512,
      128,
      128
    ],
    "method": "Both"
  },
  "decoder.up.2.block.2": {
    "l2_value": 0.0006016002153046429,
    "cosine_value": 0.10764968395233154,
    "shape": [
      1,
      512,
      128,
      128
    ],
    "method": "Both"
  },
  "decoder.up.2.upsample": {
    "l2_value": 0.0009608893888071179,
    "cosine_value": 0.10003751516342163,
    "shape": [
      1,
      512,
      256,
      256
    ],
    "method": "Both"
  },
  "decoder.up.3.block.0": {
    "l2_value": 0.0004295523394830525,
    "cosine_value": 0.13528895378112793,
    "shape": [
      1,
      512,
      64,
      64
    ],
    "method": "Both"
  },
  "decoder.up.3.block.1": {
    "l2_value": 0.00041742390021681786,
    "cosine_value": 0.1243596076965332,
    "shape": [
      1,
      512,
      64,
      64
    ],
    "method": "Both"
  },
  "decoder.up.3.block.2": {
    "l2_value": 0.0003702793619595468,
    "cosine_value": 0.12049317359924316,
    "shape": [
      1,
      512,
      64,
      64
    ],
    "method": "Both"
  },
  "decoder.up.3.upsample": {
    "l2_value": 0.0006695478805340827,
    "cosine_value": 0.10673093795776367,
    "shape": [
      1,
      512,
      128,
      128
    ],
    "method": "Both"
  },
  "decoder.conv_out": {
    "l2_value": 0.00017471627021829286,
    "cosine_value": 0.047543466091156006,
    "shape": [
      1,
      3,
      512,
      512
    ],
    "method": "Both"
  }
}