{
  "decoder.conv_in": {
    "l2_value": 0.0001784888590918854,
    "cosine_value": 0.1361120343208313,
    "shape": [
      1,
      512,
      64,
      64
    ],
    "method": "Both"
  },
  "decoder.mid.block_1": {
    "l2_value": 0.00020910143211949617,
    "cosine_value": 0.08361589908599854,
    "shape": [
      1,
      512,
      64,
      64
    ],
    "method": "Both"
  },
  "decoder.mid.attn_1": {
    "l2_value": 0.0002051868796115741,
    "cosine_value": 0.07017272710800171,
    "shape": [
      1,
      512,
      64,
      64
    ],
    "method": "Both"
  },
  "decoder.mid.block_2": {
    "l2_value": 0.00021551012468989938,
    "cosine_value": 0.06992703676223755,
    "shape": [
      1,
      512,
      64,
      64
    ],
    "method": "Both"
  },
  "decoder.up.0.block.0": {
    "l2_value": 0.0008381219813600183,
    "cosine_value": 0.017798185348510742,
    "shape": [
      1,
      128,
      512,
      512
    ],
    "method": "Both"
  },
  "decoder.up.0.block.1": {
    "l2_value": 0.0008728235261514783,
    "cosine_value": 0.013823986053466797,
    "shape": [
      1,
      128,
      512,
      512
    ],
    "method": "Both"
  },
  "decoder.up.0.block.2": {
    "l2_value": 0.0009277499048039317,
    "cosine_value": 0.011145532131195068,
    "shape": [
      1,
      128,
      512,
      512
    ],
    "method": "Both"
  },
  "decoder.up.1.block.0": {
    "l2_value": 0.0005628850194625556,
    "cosine_value": 0.05538976192474365,
    "shape": [
      1,
      256,
      256,
      256
    ],
    "method": "Both"
  },
  "decoder.up.1.block.1": {
    "l2_value": 0.000569400261156261,
    "cosine_value": 0.055323660373687744,
    "shape": [
      1,
      256,
      256,
      256
    ],
    "method": "Both"
  },
  "decoder.up.1.block.2": {
    "l2_value": 0.0005096772802062333,
    "cosine_value": 0.06070530414581299,
    "shape": [
      1,
      256,
      256,
      256
    ],
    "method": "Both"
  },
  "decoder.up.1.upsample": {
    "l2_value": 0.000563913316000253,
    "cosine_value": 0.045809268951416016,
    "shape": [
      1,
      256,
      512,
      512
    ],
    "method": "Both"
  },
  "decoder.up.2.block.0": {
    "l2_value": 0.0004223636642564088,
    "cosine_value": 0.06511110067367554,
    "shape": [
      1,
      512,
      128,
      128
    ],
    "method": "Both"
  },
  "decoder.up.2.block.1": {
    "l2_value": 0.00044454721501097083,
    "cosine_value": 0.07079213857650757,
    "shape": [
      1,
      512,
      128,
      128
    ],
    "method": "Both"
  },
  "decoder.up.2.block.2": {
    "l2_value": 0.00040409871144220233,
    "cosine_value": 0.08894550800323486,
    "shape": [
      1,
      512,
      128,
      128
    ],
    "method": "Both"
  },
  "decoder.up.2.upsample": {
    "l2_value": 0.0006279409280978143,
    "cosine_value": 0.07740062475204468,
    "shape": [
      1,
      512,
      256,
      256
    ],
    "method": "Both"
  },
  "decoder.up.3.block.0": {
    "l2_value": 0.00024366832803934813,
    "cosine_value": 0.07509946823120117,
    "shape": [
      1,
      512,
      64,
      64
    ],
    "method": "Both"
  },
  "decoder.up.3.block.1": {
    "l2_value": 0.0002575002727098763,
    "cosine_value": 0.07794958353042603,
    "shape": [
      1,
      512,
      64,
      64
    ],
    "method": "Both"
  },
  "decoder.up.3.block.2": {
    "l2_value": 0.00024263148952741176,
    "cosine_value": 0.08922147750854492,
    "shape": [
      1,
      512,
      64,
      64
    ],
    "method": "Both"
  },
  "decoder.up.3.upsample": {
    "l2_value": 0.0004197462694719434,
    "cosine_value": 0.07147735357284546,
    "shape": [
      1,
      512,
      128,
      128
    ],
    "method": "Both"
  },
  "decoder.conv_out": {
    "l2_value": 0.00017057258325318495,
    "cosine_value": 0.04407179355621338,
    "shape": [
      1,
      3,
      512,
      512
    ],
    "method": "Both"
  }
}