{
  "decoder.conv_in": {
    "l2_value": 0.00034040119498968124,
    "cosine_value": 0.12312144041061401,
    "shape": [
      1,
      512,
      64,
      64
    ],
    "method": "Both"
  },
  "decoder.mid.block_1": {
    "l2_value": 0.00032013675081543624,
    "cosine_value": 0.10237330198287964,
    "shape": [
      1,
      512,
      64,
      64
    ],
    "method": "Both"
  },
  "decoder.mid.attn_1": {
    "l2_value": 0.0003149989643134177,
    "cosine_value": 0.09378784894943237,
    "shape": [
      1,
      512,
      64,
      64
    ],
    "method": "Both"
  },
  "decoder.mid.block_2": {
    "l2_value": 0.0003252497408539057,
    "cosine_value": 0.09232038259506226,
    "shape": [
      1,
      512,
      64,
      64
    ],
    "method": "Both"
  },
  "decoder.up.0.block.0": {
    "l2_value": 0.0012472470989450812,
    "cosine_value": 0.019284486770629883,
    "shape": [
      1,
      128,
      512,
      512
    ],
    "method": "Both"
  },
  "decoder.up.0.block.1": {
    "l2_value": 0.0013133311877027154,
    "cosine_value": 0.0172005295753479,
    "shape": [
      1,
      128,
      512,
      512
    ],
    "method": "Both"
  },
  "decoder.up.0.block.2": {
    "l2_value": 0.0013886286178603768,
    "cosine_value": 0.015088856220245361,
    "shape": [
      1,
      128,
      512,
      512
    ],
    "method": "Both"
  },
  "decoder.up.1.block.0": {
    "l2_value": 0.0007151694735512137,
    "cosine_value": 0.060901522636413574,
    "shape": [
      1,
      256,
      256,
      256
    ],
    "method": "Both"
  },
  "decoder.up.1.block.1": {
    "l2_value": 0.0007379329763352871,
    "cosine_value": 0.066012442111969,
    "shape": [
      1,
      256,
      256,
      256
    ],
    "method": "Both"
  },
  "decoder.up.1.block.2": {
    "l2_value": 0.0006935306591913104,
    "cosine_value": 0.07140731811523438,
    "shape": [
      1,
      256,
      256,
      256
    ],
    "method": "Both"
  },
  "decoder.up.1.upsample": {
    "l2_value": 0.0008262207848019898,
    "cosine_value": 0.05237150192260742,
    "shape": [
      1,
      256,
      512,
      512
    ],
    "method": "Both"
  },
  "decoder.up.2.block.0": {
    "l2_value": 0.0005921529955230653,
    "cosine_value": 0.08066445589065552,
    "shape": [
      1,
      512,
      128,
      128
    ],
    "method": "Both"
  },
  "decoder.up.2.block.1": {
    "l2_value": 0.000614319636952132,
    "cosine_value": 0.08171898126602173,
    "shape": [
      1,
      512,
      128,
      128
    ],
    "method": "Both"
  },
  "decoder.up.2.block.2": {
    "l2_value": 0.0005514321965165436,
    "cosine_value": 0.09154176712036133,
    "shape": [
      1,
      512,
      128,
      128
    ],
    "method": "Both"
  },
  "decoder.up.2.upsample": {
    "l2_value": 0.0008431118912994862,
    "cosine_value": 0.07912683486938477,
    "shape": [
      1,
      512,
      256,
      256
    ],
    "method": "Both"
  },
  "decoder.up.3.block.0": {
    "l2_value": 0.0003570126718841493,
    "cosine_value": 0.09569913148880005,
    "shape": [
      1,
      512,
      64,
      64
    ],
    "method": "Both"
  },
  "decoder.up.3.block.1": {
    "l2_value": 0.0003760088002309203,
    "cosine_value": 0.10200387239456177,
    "shape": [
      1,
      512,
      64,
      64
    ],
    "method": "Both"
  },
  "decoder.up.3.block.2": {
    "l2_value": 0.00034065949148498476,
    "cosine_value": 0.10525774955749512,
    "shape": [
      1,
      512,
      64,
      64
    ],
    "method": "Both"
  },
  "decoder.up.3.upsample": {
    "l2_value": 0.0006017132545821369,
    "cosine_value": 0.08710360527038574,
    "shape": [
      1,
      512,
      128,
      128
    ],
    "method": "Both"
  },
  "decoder.conv_out": {
    "l2_value": 0.00016762694576755166,
    "cosine_value": 0.04065471887588501,
    "shape": [
      1,
      3,
      512,
      512
    ],
    "method": "Both"
  }
}