{
  "decoder.conv_in": {
    "l2_value": 0.0004617706290446222,
    "cosine_value": 0.19205451011657715,
    "shape": [
      1,
      512,
      64,
      64
    ],
    "method": "Both"
  },
  "decoder.mid.block_1": {
    "l2_value": 0.0004590642056427896,
    "cosine_value": 0.18760967254638672,
    "shape": [
      1,
      512,
      64,
      64
    ],
    "method": "Both"
  },
  "decoder.mid.attn_1": {
    "l2_value": 0.000447325233835727,
    "cosine_value": 0.1732044816017151,
    "shape": [
      1,
      512,
      64,
      64
    ],
    "method": "Both"
  },
  "decoder.mid.block_2": {
    "l2_value": 0.00046151308924891055,
    "cosine_value": 0.16973072290420532,
    "shape": [
      1,
      512,
      64,
      64
    ],
    "method": "Both"
  },
  "decoder.up.0.block.0": {
    "l2_value": 0.0021246939431875944,
    "cosine_value": 0.053746819496154785,
    "shape": [
      1,
      128,
      512,
      512
    ],
    "method": "Both"
  },
  "decoder.up.0.block.1": {
    "l2_value": 0.0022694345097988844,
    "cosine_value": 0.0493655800819397,
    "shape": [
      1,
      128,
      512,
      512
    ],
    "method": "Both"
  },
  "decoder.up.0.block.2": {
    "l2_value": 0.0024103885516524315,
    "cosine_value": 0.043875277042388916,
    "shape": [
      1,
      128,
      512,
      512
    ],
    "method": "Both"
  },
  "decoder.up.1.block.0": {
    "l2_value": 0.0010534179164096713,
    "cosine_value": 0.11420035362243652,
    "shape": [
      1,
      256,
      256,
      256
    ],
    "method": "Both"
  },
  "decoder.up.1.block.1": {
    "l2_value": 0.0010788057697936893,
    "cosine_value": 0.12140065431594849,
    "shape": [
      1,
      256,
      256,
      256
    ],
    "method": "Both"
  },
  "decoder.up.1.block.2": {
    "l2_value": 0.0010197884403169155,
    "cosine_value": 0.12979775667190552,
    "shape": [
      1,
      256,
      256,
      256
    ],
    "method": "Both"
  },
  "decoder.up.1.upsample": {
    "l2_value": 0.0012696918565779924,
    "cosine_value": 0.10756343603134155,
    "shape": [
      1,
      256,
      512,
      512
    ],
    "method": "Both"
  },
  "decoder.up.2.block.0": {
    "l2_value": 0.000841592438519001,
    "cosine_value": 0.14893203973770142,
    "shape": [
      1,
      512,
      128,
      128
    ],
    "method": "Both"
  },
  "decoder.up.2.block.1": {
    "l2_value": 0.000865811831317842,
    "cosine_value": 0.14872980117797852,
    "shape": [
      1,
      512,
      128,
      128
    ],
    "method": "Both"
  },
  "decoder.up.2.block.2": {
    "l2_value": 0.0007801949395798147,
    "cosine_value": 0.16152238845825195,
    "shape": [
      1,
      512,
      128,
      128
    ],
    "method": "Both"
  },
  "decoder.up.2.upsample": {
    "l2_value": 0.001216430333442986,
    "cosine_value": 0.14209580421447754,
    "shape": [
      1,
      512,
      256,
      256
    ],
    "method": "Both"
  },
  "decoder.up.3.block.0": {
    "l2_value": 0.0004991680616512895,
    "cosine_value": 0.17330801486968994,
    "shape": [
      1,
      512,
      64,
      64
    ],
    "method": "Both"
  },
  "decoder.up.3.block.1": {
    "l2_value": 0.0005213745171204209,
    "cosine_value": 0.1816057562828064,
    "shape": [
      1,
      512,
      64,
      64
    ],
    "method": "Both"
  },
  "decoder.up.3.block.2": {
    "l2_value": 0.00047751248348504305,
    "cosine_value": 0.1855076551437378,
    "shape": [
      1,
      512,
      64,
      64
    ],
    "method": "Both"
  },
  "decoder.up.3.upsample": {
    "l2_value": 0.0008576392428949475,
    "cosine_value": 0.16097605228424072,
    "shape": [
      1,
      512,
      128,
      128
    ],
    "method": "Both"
  },
  "decoder.conv_out": {
    "l2_value": 0.00023698696168139577,
    "cosine_value": 0.05498182773590088,
    "shape": [
      1,
      3,
      512,
      512
    ],
    "method": "Both"
  }
}