{
  "decoder.conv_in": {
    "l2_value": 0.00029952439945191145,
    "cosine_value": 0.2503783702850342,
    "shape": [
      1,
      512,
      64,
      64
    ],
    "method": "Both"
  },
  "decoder.mid.block_1": {
    "l2_value": 0.0003259499208070338,
    "cosine_value": 0.17146259546279907,
    "shape": [
      1,
      512,
      64,
      64
    ],
    "method": "Both"
  },
  "decoder.mid.attn_1": {
    "l2_value": 0.00032401250791735947,
    "cosine_value": 0.15087252855300903,
    "shape": [
      1,
      512,
      64,
      64
    ],
    "method": "Both"
  },
  "decoder.mid.block_2": {
    "l2_value": 0.0003405453753657639,
    "cosine_value": 0.15114909410476685,
    "shape": [
      1,
      512,
      64,
      64
    ],
    "method": "Both"
  },
  "decoder.up.0.block.0": {
    "l2_value": 0.001555959228426218,
    "cosine_value": 0.0604550838470459,
    "shape": [
      1,
      128,
      512,
      512
    ],
    "method": "Both"
  },
  "decoder.up.0.block.1": {
    "l2_value": 0.001672843936830759,
    "cosine_value": 0.05049002170562744,
    "shape": [
      1,
      128,
      512,
      512
    ],
    "method": "Both"
  },
  "decoder.up.0.block.2": {
    "l2_value": 0.0018323528347536922,
    "cosine_value": 0.04361772537231445,
    "shape": [
      1,
      128,
      512,
      512
    ],
    "method": "Both"
  },
  "decoder.up.1.block.0": {
    "l2_value": 0.0008885691640898585,
    "cosine_value": 0.11233043670654297,
    "shape": [
      1,
      256,
      256,
      256
    ],
    "method": "Both"
  },
  "decoder.up.1.block.1": {
    "l2_value": 0.0008909617899917066,
    "cosine_value": 0.1108350157737732,
    "shape": [
      1,
      256,
      256,
      256
    ],
    "method": "Both"
  },
  "decoder.up.1.block.2": {
    "l2_value": 0.0008041110122576356,
    "cosine_value": 0.11932343244552612,
    "shape": [
      1,
      256,
      256,
      256
    ],
    "method": "Both"
  },
  "decoder.up.1.upsample": {
    "l2_value": 0.0009125984506681561,
    "cosine_value": 0.09697860479354858,
    "shape": [
      1,
      256,
      512,
      512
    ],
    "method": "Both"
  },
  "decoder.up.2.block.0": {
    "l2_value": 0.0006562212365679443,
    "cosine_value": 0.135908305644989,
    "shape": [
      1,
      512,
      128,
      128
    ],
    "method": "Both"
  },
  "decoder.up.2.block.1": {
    "l2_value": 0.0006834418745711446,
    "cosine_value": 0.14526361227035522,
    "shape": [
      1,
      512,
      128,
      128
    ],
    "method": "Both"
  },
  "decoder.up.2.block.2": {
    "l2_value": 0.0006186932441778481,
    "cosine_value": 0.17217034101486206,
    "shape": [
      1,
      512,
      128,
      128
    ],
    "method": "Both"
  },
  "decoder.up.2.upsample": {
    "l2_value": 0.0009893584065139294,
    "cosine_value": 0.15259021520614624,
    "shape": [
      1,
      512,
      256,
      256
    ],
    "method": "Both"
  },
  "decoder.up.3.block.0": {
    "l2_value": 0.00038130770553834736,
    "cosine_value": 0.16327416896820068,
    "shape": [
      1,
      512,
      64,
      64
    ],
    "method": "Both"
  },
  "decoder.up.3.block.1": {
    "l2_value": 0.00039937099791131914,
    "cosine_value": 0.16644573211669922,
    "shape": [
      1,
      512,
      64,
      64
    ],
    "method": "Both"
  },
  "decoder.up.3.block.2": {
    "l2_value": 0.0003746690053958446,
    "cosine_value": 0.1833469271659851,
    "shape": [
      1,
      512,
      64,
      64
    ],
    "method": "Both"
  },
  "decoder.up.3.upsample": {
    "l2_value": 0.0006598962936550379,
    "cosine_value": 0.15123021602630615,
    "shape": [
      1,
      512,
      128,
      128
    ],
    "method": "Both"
  },
  "decoder.conv_out": {
    "l2_value": 0.0003427923268948992,
    "cosine_value": 0.12091308832168579,
    "shape": [
      1,
      3,
      512,
      512
    ],
    "method": "Both"
  }
}