{
  "decoder.conv_in": {
    "l2_value": 0.0003793983196374029,
    "cosine_value": 0.1516934037208557,
    "shape": [
      1,
      512,
      64,
      64
    ],
    "method": "Both"
  },
  "decoder.mid.block_1": {
    "l2_value": 0.0004673209914471954,
    "cosine_value": 0.2174915075302124,
    "shape": [
      1,
      512,
      64,
      64
    ],
    "method": "Both"
  },
  "decoder.mid.attn_1": {
    "l2_value": 0.000464148964965716,
    "cosine_value": 0.2036968469619751,
    "shape": [
      1,
      512,
      64,
      64
    ],
    "method": "Both"
  },
  "decoder.mid.block_2": {
    "l2_value": 0.0004561984387692064,
    "cosine_value": 0.18206244707107544,
    "shape": [
      1,
      512,
      64,
      64
    ],
    "method": "Both"
  },
  "decoder.up.0.block.0": {
    "l2_value": 0.007913394831120968,
    "cosine_value": 0.7908737659454346,
    "shape": [
      1,
      128,
      512,
      512
    ],
    "method": "Both"
  },
  "decoder.up.0.block.1": {
    "l2_value": 0.009034251794219017,
    "cosine_value": 0.8227969110012054,
    "shape": [
      1,
      128,
      512,
      512
    ],
    "method": "Both"
  },
  "decoder.up.0.block.2": {
    "l2_value": 0.010345282033085823,
    "cosine_value": 0.8430446684360504,
    "shape": [
      1,
      128,
      512,
      512
    ],
    "method": "Both"
  },
  "decoder.up.1.block.0": {
    "l2_value": 0.0011067076120525599,
    "cosine_value": 0.1471099853515625,
    "shape": [
      1,
      256,
      256,
      256
    ],
    "method": "Both"
  },
  "decoder.up.1.block.1": {
    "l2_value": 0.001128769014030695,
    "cosine_value": 0.15612435340881348,
    "shape": [
      1,
      256,
      256,
      256
    ],
    "method": "Both"
  },
  "decoder.up.1.block.2": {
    "l2_value": 0.0010854775318875909,
    "cosine_value": 0.1775273084640503,
    "shape": [
      1,
      256,
      256,
      256
    ],
    "method": "Both"
  },
  "decoder.up.1.upsample": {
    "l2_value": 0.002247169613838196,
    "cosine_value": 0.39349567890167236,
    "shape": [
      1,
      256,
      512,
      512
    ],
    "method": "Both"
  },
  "decoder.up.2.block.0": {
    "l2_value": 0.0007362635224126279,
    "cosine_value": 0.12494254112243652,
    "shape": [
      1,
      512,
      128,
      128
    ],
    "method": "Both"
  },
  "decoder.up.2.block.1": {
    "l2_value": 0.0007613395573571324,
    "cosine_value": 0.12554681301116943,
    "shape": [
      1,
      512,
      128,
      128
    ],
    "method": "Both"
  },
  "decoder.up.2.block.2": {
    "l2_value": 0.0006774181383661926,
    "cosine_value": 0.13841533660888672,
    "shape": [
      1,
      512,
      128,
      128
    ],
    "method": "Both"
  },
  "decoder.up.2.upsample": {
    "l2_value": 0.0010938607156276703,
    "cosine_value": 0.13344770669937134,
    "shape": [
      1,
      512,
      256,
      256
    ],
    "method": "Both"
  },
  "decoder.up.3.block.0": {
    "l2_value": 0.0004779212176799774,
    "cosine_value": 0.17287671566009521,
    "shape": [
      1,
      512,
      64,
      64
    ],
    "method": "Both"
  },
  "decoder.up.3.block.1": {
    "l2_value": 0.00046023025061003864,
    "cosine_value": 0.1541128158569336,
    "shape": [
      1,
      512,
      64,
      64
    ],
    "method": "Both"
  },
  "decoder.up.3.block.2": {
    "l2_value": 0.00040188251296058297,
    "cosine_value": 0.14753687381744385,
    "shape": [
      1,
      512,
      64,
      64
    ],
    "method": "Both"
  },
  "decoder.up.3.upsample": {
    "l2_value": 0.0007280323188751936,
    "cosine_value": 0.1280815601348877,
    "shape": [
      1,
      512,
      128,
      128
    ],
    "method": "Both"
  },
  "decoder.conv_out": {
    "l2_value": 0.0001519280291783313,
    "cosine_value": 0.03315722942352295,
    "shape": [
      1,
      3,
      512,
      512
    ],
    "method": "Both"
  }
}