{
  "decoder.conv_in": {
    "l2_value": 0.00017375394236296415,
    "cosine_value": 0.07432830333709717,
    "shape": [
      1,
      512,
      64,
      64
    ],
    "method": "Both"
  },
  "decoder.mid.block_1": {
    "l2_value": 0.00018899810675065964,
    "cosine_value": 0.05492061376571655,
    "shape": [
      1,
      512,
      64,
      64
    ],
    "method": "Both"
  },
  "decoder.mid.attn_1": {
    "l2_value": 0.0001876958122011274,
    "cosine_value": 0.049553751945495605,
    "shape": [
      1,
      512,
      64,
      64
    ],
    "method": "Both"
  },
  "decoder.mid.block_2": {
    "l2_value": 0.00019903015345335007,
    "cosine_value": 0.05073291063308716,
    "shape": [
      1,
      512,
      64,
      64
    ],
    "method": "Both"
  },
  "decoder.up.0.block.0": {
    "l2_value": 0.0024393857456743717,
    "cosine_value": 0.14538919925689697,
    "shape": [
      1,
      128,
      512,
      512
    ],
    "method": "Both"
  },
  "decoder.up.0.block.1": {
    "l2_value": 0.0029990924522280693,
    "cosine_value": 0.1595790982246399,
    "shape": [
      1,
      128,
      512,
      512
    ],
    "method": "Both"
  },
  "decoder.up.0.block.2": {
    "l2_value": 0.0036652423441410065,
    "cosine_value": 0.17087411880493164,
    "shape": [
      1,
      128,
      512,
      512
    ],
    "method": "Both"
  },
  "decoder.up.1.block.0": {
    "l2_value": 0.0005003553233109415,
    "cosine_value": 0.03627276420593262,
    "shape": [
      1,
      256,
      256,
      256
    ],
    "method": "Both"
  },
  "decoder.up.1.block.1": {
    "l2_value": 0.0004998550284653902,
    "cosine_value": 0.035486698150634766,
    "shape": [
      1,
      256,
      256,
      256
    ],
    "method": "Both"
  },
  "decoder.up.1.block.2": {
    "l2_value": 0.00046065018977969885,
    "cosine_value": 0.039467453956604004,
    "shape": [
      1,
      256,
      256,
      256
    ],
    "method": "Both"
  },
  "decoder.up.1.upsample": {
    "l2_value": 0.0006346506997942924,
    "cosine_value": 0.047246575355529785,
    "shape": [
      1,
      256,
      512,
      512
    ],
    "method": "Both"
  },
  "decoder.up.2.block.0": {
    "l2_value": 0.00037428049836307764,
    "cosine_value": 0.04341685771942139,
    "shape": [
      1,
      512,
      128,
      128
    ],
    "method": "Both"
  },
  "decoder.up.2.block.1": {
    "l2_value": 0.00038973658229224384,
    "cosine_value": 0.046302735805511475,
    "shape": [
      1,
      512,
      128,
      128
    ],
    "method": "Both"
  },
  "decoder.up.2.block.2": {
    "l2_value": 0.00035088969161733985,
    "cosine_value": 0.054716289043426514,
    "shape": [
      1,
      512,
      128,
      128
    ],
    "method": "Both"
  },
  "decoder.up.2.upsample": {
    "l2_value": 0.000556693528778851,
    "cosine_value": 0.047604143619537354,
    "shape": [
      1,
      512,
      256,
      256
    ],
    "method": "Both"
  },
  "decoder.up.3.block.0": {
    "l2_value": 0.00022175611229613423,
    "cosine_value": 0.054303526878356934,
    "shape": [
      1,
      512,
      64,
      64
    ],
    "method": "Both"
  },
  "decoder.up.3.block.1": {
    "l2_value": 0.00023030239390209317,
    "cosine_value": 0.05412989854812622,
    "shape": [
      1,
      512,
      64,
      64
    ],
    "method": "Both"
  },
  "decoder.up.3.block.2": {
    "l2_value": 0.00021583633497357368,
    "cosine_value": 0.059315621852874756,
    "shape": [
      1,
      512,
      64,
      64
    ],
    "method": "Both"
  },
  "decoder.up.3.upsample": {
    "l2_value": 0.0003814801457338035,
    "cosine_value": 0.049301981925964355,
    "shape": [
      1,
      512,
      128,
      128
    ],
    "method": "Both"
  },
  "decoder.conv_out": {
    "l2_value": 0.00016054006603856882,
    "cosine_value": 0.030541718006134033,
    "shape": [
      1,
      3,
      512,
      512
    ],
    "method": "Both"
  }
}