{
  "decoder.conv_in": {
    "l2_value": 0.00045546001638285816,
    "cosine_value": 0.19688594341278076,
    "shape": [
      1,
      512,
      64,
      64
    ],
    "method": "Both"
  },
  "decoder.mid.block_1": {
    "l2_value": 0.00046970410039648414,
    "cosine_value": 0.20177233219146729,
    "shape": [
      1,
      512,
      64,
      64
    ],
    "method": "Both"
  },
  "decoder.mid.attn_1": {
    "l2_value": 0.0004659338155761361,
    "cosine_value": 0.19393450021743774,
    "shape": [
      1,
      512,
      64,
      64
    ],
    "method": "Both"
  },
  "decoder.mid.block_2": {
    "l2_value": 0.00047646567691117525,
    "cosine_value": 0.18884891271591187,
    "shape": [
      1,
      512,
      64,
      64
    ],
    "method": "Both"
  },
  "decoder.up.0.block.0": {
    "l2_value": 0.005583717953413725,
    "cosine_value": 0.37947553396224976,
    "shape": [
      1,
      128,
      512,
      512
    ],
    "method": "Both"
  },
  "decoder.up.0.block.1": {
    "l2_value": 0.006386482156813145,
    "cosine_value": 0.3938632011413574,
    "shape": [
      1,
      128,
      512,
      512
    ],
    "method": "Both"
  },
  "decoder.up.0.block.2": {
    "l2_value": 0.0073229046538472176,
    "cosine_value": 0.40368688106536865,
    "shape": [
      1,
      128,
      512,
      512
    ],
    "method": "Both"
  },
  "decoder.up.1.block.0": {
    "l2_value": 0.001042322488501668,
    "cosine_value": 0.12748700380325317,
    "shape": [
      1,
      256,
      256,
      256
    ],
    "method": "Both"
  },
  "decoder.up.1.block.1": {
    "l2_value": 0.0010852173436433077,
    "cosine_value": 0.13992297649383545,
    "shape": [
      1,
      256,
      256,
      256
    ],
    "method": "Both"
  },
  "decoder.up.1.block.2": {
    "l2_value": 0.0010328778298571706,
    "cosine_value": 0.1544663906097412,
    "shape": [
      1,
      256,
      256,
      256
    ],
    "method": "Both"
  },
  "decoder.up.1.upsample": {
    "l2_value": 0.001738677266985178,
    "cosine_value": 0.2226395606994629,
    "shape": [
      1,
      256,
      512,
      512
    ],
    "method": "Both"
  },
  "decoder.up.2.block.0": {
    "l2_value": 0.0008225969504565,
    "cosine_value": 0.15345442295074463,
    "shape": [
      1,
      512,
      128,
      128
    ],
    "method": "Both"
  },
  "decoder.up.2.block.1": {
    "l2_value": 0.0008506684098392725,
    "cosine_value": 0.15385740995407104,
    "shape": [
      1,
      512,
      128,
      128
    ],
    "method": "Both"
  },
  "decoder.up.2.block.2": {
    "l2_value": 0.0007540796068497002,
    "cosine_value": 0.1655501127243042,
    "shape": [
      1,
      512,
      128,
      128
    ],
    "method": "Both"
  },
  "decoder.up.2.upsample": {
    "l2_value": 0.0011535242665559053,
    "cosine_value": 0.1412246823310852,
    "shape": [
      1,
      512,
      256,
      256
    ],
    "method": "Both"
  },
  "decoder.up.3.block.0": {
    "l2_value": 0.0005201212479732931,
    "cosine_value": 0.19541823863983154,
    "shape": [
      1,
      512,
      64,
      64
    ],
    "method": "Both"
  },
  "decoder.up.3.block.1": {
    "l2_value": 0.0005312077119015157,
    "cosine_value": 0.1972486972808838,
    "shape": [
      1,
      512,
      64,
      64
    ],
    "method": "Both"
  },
  "decoder.up.3.block.2": {
    "l2_value": 0.0004687166656367481,
    "cosine_value": 0.1928703784942627,
    "shape": [
      1,
      512,
      64,
      64
    ],
    "method": "Both"
  },
  "decoder.up.3.upsample": {
    "l2_value": 0.0008294399012811482,
    "cosine_value": 0.16483086347579956,
    "shape": [
      1,
      512,
      128,
      128
    ],
    "method": "Both"
  },
  "decoder.conv_out": {
    "l2_value": 0.00019642836802328625,
    "cosine_value": 0.06409919261932373,
    "shape": [
      1,
      3,
      512,
      512
    ],
    "method": "Both"
  }
}