{
  "decoder.conv_in": {
    "l2_value": 0.000608161382842809,
    "cosine_value": 0.2963617444038391,
    "shape": [
      1,
      512,
      64,
      64
    ],
    "method": "Both"
  },
  "decoder.mid.block_1": {
    "l2_value": 0.0006267288699746132,
    "cosine_value": 0.30430060625076294,
    "shape": [
      1,
      512,
      64,
      64
    ],
    "method": "Both"
  },
  "decoder.mid.attn_1": {
    "l2_value": 0.0006051153759472072,
    "cosine_value": 0.2805120348930359,
    "shape": [
      1,
      512,
      64,
      64
    ],
    "method": "Both"
  },
  "decoder.mid.block_2": {
    "l2_value": 0.0006185645470395684,
    "cosine_value": 0.2751834988594055,
    "shape": [
      1,
      512,
      64,
      64
    ],
    "method": "Both"
  },
  "decoder.up.0.block.0": {
    "l2_value": 0.0032122733537107706,
    "cosine_value": 0.11762422323226929,
    "shape": [
      1,
      128,
      512,
      512
    ],
    "method": "Both"
  },
  "decoder.up.0.block.1": {
    "l2_value": 0.00342061510309577,
    "cosine_value": 0.10828369855880737,
    "shape": [
      1,
      128,
      512,
      512
    ],
    "method": "Both"
  },
  "decoder.up.0.block.2": {
    "l2_value": 0.00362196727655828,
    "cosine_value": 0.0959773063659668,
    "shape": [
      1,
      128,
      512,
      512
    ],
    "method": "Both"
  },
  "decoder.up.1.block.0": {
    "l2_value": 0.0014962683198973536,
    "cosine_value": 0.19312059879302979,
    "shape": [
      1,
      256,
      256,
      256
    ],
    "method": "Both"
  },
  "decoder.up.1.block.1": {
    "l2_value": 0.001513446681201458,
    "cosine_value": 0.2003164291381836,
    "shape": [
      1,
      256,
      256,
      256
    ],
    "method": "Both"
  },
  "decoder.up.1.block.2": {
    "l2_value": 0.0014306413941085339,
    "cosine_value": 0.20821887254714966,
    "shape": [
      1,
      256,
      256,
      256
    ],
    "method": "Both"
  },
  "decoder.up.1.upsample": {
    "l2_value": 0.0018369897734373808,
    "cosine_value": 0.1924235224723816,
    "shape": [
      1,
      256,
      512,
      512
    ],
    "method": "Both"
  },
  "decoder.up.2.block.0": {
    "l2_value": 0.0011292300187051296,
    "cosine_value": 0.2431991696357727,
    "shape": [
      1,
      512,
      128,
      128
    ],
    "method": "Both"
  },
  "decoder.up.2.block.1": {
    "l2_value": 0.0011648040963336825,
    "cosine_value": 0.24507421255111694,
    "shape": [
      1,
      512,
      128,
      128
    ],
    "method": "Both"
  },
  "decoder.up.2.block.2": {
    "l2_value": 0.0010621431283652782,
    "cosine_value": 0.26038849353790283,
    "shape": [
      1,
      512,
      128,
      128
    ],
    "method": "Both"
  },
  "decoder.up.2.upsample": {
    "l2_value": 0.0016832875553518534,
    "cosine_value": 0.23204654455184937,
    "shape": [
      1,
      512,
      256,
      256
    ],
    "method": "Both"
  },
  "decoder.up.3.block.0": {
    "l2_value": 0.0006619847845286131,
    "cosine_value": 0.28220510482788086,
    "shape": [
      1,
      512,
      64,
      64
    ],
    "method": "Both"
  },
  "decoder.up.3.block.1": {
    "l2_value": 0.0006876501138322055,
    "cosine_value": 0.2938358187675476,
    "shape": [
      1,
      512,
      64,
      64
    ],
    "method": "Both"
  },
  "decoder.up.3.block.2": {
    "l2_value": 0.0006338887615129352,
    "cosine_value": 0.2963740825653076,
    "shape": [
      1,
      512,
      64,
      64
    ],
    "method": "Both"
  },
  "decoder.up.3.upsample": {
    "l2_value": 0.0011350034037604928,
    "cosine_value": 0.25683510303497314,
    "shape": [
      1,
      512,
      128,
      128
    ],
    "method": "Both"
  },
  "decoder.conv_out": {
    "l2_value": 0.0003313349637513359,
    "cosine_value": 0.08000093698501587,
    "shape": [
      1,
      3,
      512,
      512
    ],
    "method": "Both"
  }
}