{
  "decoder.conv_in": {
    "l2_value": 0.00028698774985969067,
    "cosine_value": 0.30082792043685913,
    "shape": [
      1,
      512,
      64,
      64
    ],
    "method": "Both"
  },
  "decoder.mid.block_1": {
    "l2_value": 0.0003751168551389128,
    "cosine_value": 0.22753000259399414,
    "shape": [
      1,
      512,
      64,
      64
    ],
    "method": "Both"
  },
  "decoder.mid.attn_1": {
    "l2_value": 0.00035610966733656824,
    "cosine_value": 0.19044625759124756,
    "shape": [
      1,
      512,
      64,
      64
    ],
    "method": "Both"
  },
  "decoder.mid.block_2": {
    "l2_value": 0.00037319542025215924,
    "cosine_value": 0.18955272436141968,
    "shape": [
      1,
      512,
      64,
      64
    ],
    "method": "Both"
  },
  "decoder.up.0.block.0": {
    "l2_value": 0.00314795458689332,
    "cosine_value": 0.23151594400405884,
    "shape": [
      1,
      128,
      512,
      512
    ],
    "method": "Both"
  },
  "decoder.up.0.block.1": {
    "l2_value": 0.0037085465155541897,
    "cosine_value": 0.2343263030052185,
    "shape": [
      1,
      128,
      512,
      512
    ],
    "method": "Both"
  },
  "decoder.up.0.block.2": {
    "l2_value": 0.004368125926703215,
    "cosine_value": 0.23561131954193115,
    "shape": [
      1,
      128,
      512,
      512
    ],
    "method": "Both"
  },
  "decoder.up.1.block.0": {
    "l2_value": 0.0009657835471443832,
    "cosine_value": 0.13707458972930908,
    "shape": [
      1,
      256,
      256,
      256
    ],
    "method": "Both"
  },
  "decoder.up.1.block.1": {
    "l2_value": 0.0009790945332497358,
    "cosine_value": 0.1372966170310974,
    "shape": [
      1,
      256,
      256,
      256
    ],
    "method": "Both"
  },
  "decoder.up.1.block.2": {
    "l2_value": 0.0009115856373682618,
    "cosine_value": 0.15518516302108765,
    "shape": [
      1,
      256,
      256,
      256
    ],
    "method": "Both"
  },
  "decoder.up.1.upsample": {
    "l2_value": 0.0011372625594958663,
    "cosine_value": 0.1512013077735901,
    "shape": [
      1,
      256,
      512,
      512
    ],
    "method": "Both"
  },
  "decoder.up.2.block.0": {
    "l2_value": 0.0007122402312234044,
    "cosine_value": 0.16747575998306274,
    "shape": [
      1,
      512,
      128,
      128
    ],
    "method": "Both"
  },
  "decoder.up.2.block.1": {
    "l2_value": 0.0007457753526978195,
    "cosine_value": 0.17980021238327026,
    "shape": [
      1,
      512,
      128,
      128
    ],
    "method": "Both"
  },
  "decoder.up.2.block.2": {
    "l2_value": 0.0006844199961051345,
    "cosine_value": 0.21990996599197388,
    "shape": [
      1,
      512,
      128,
      128
    ],
    "method": "Both"
  },
  "decoder.up.2.upsample": {
    "l2_value": 0.0010637537343427539,
    "cosine_value": 0.18821310997009277,
    "shape": [
      1,
      512,
      256,
      256
    ],
    "method": "Both"
  },
  "decoder.up.3.block.0": {
    "l2_value": 0.00041785361827351153,
    "cosine_value": 0.20310306549072266,
    "shape": [
      1,
      512,
      64,
      64
    ],
    "method": "Both"
  },
  "decoder.up.3.block.1": {
    "l2_value": 0.00043481908505782485,
    "cosine_value": 0.20623475313186646,
    "shape": [
      1,
      512,
      64,
      64
    ],
    "method": "Both"
  },
  "decoder.up.3.block.2": {
    "l2_value": 0.0004094364703632891,
    "cosine_value": 0.22647643089294434,
    "shape": [
      1,
      512,
      64,
      64
    ],
    "method": "Both"
  },
  "decoder.up.3.upsample": {
    "l2_value": 0.0007016009767539799,
    "cosine_value": 0.18110185861587524,
    "shape": [
      1,
      512,
      128,
      128
    ],
    "method": "Both"
  },
  "decoder.conv_out": {
    "l2_value": 0.00033238988059262436,
    "cosine_value": 0.08518707752227783,
    "shape": [
      1,
      3,
      512,
      512
    ],
    "method": "Both"
  }
}