{
  "decoder.conv_in": {
    "l2_value": 0.00025604545953683555,
    "cosine_value": 0.05725795030593872,
    "shape": [
      1,
      512,
      64,
      64
    ],
    "method": "Both"
  },
  "decoder.mid.block_1": {
    "l2_value": 0.00023833329032640904,
    "cosine_value": 0.04807060956954956,
    "shape": [
      1,
      512,
      64,
      64
    ],
    "method": "Both"
  },
  "decoder.mid.attn_1": {
    "l2_value": 0.00023786869132891297,
    "cosine_value": 0.04671585559844971,
    "shape": [
      1,
      512,
      64,
      64
    ],
    "method": "Both"
  },
  "decoder.mid.block_2": {
    "l2_value": 0.0002511099155526608,
    "cosine_value": 0.04854154586791992,
    "shape": [
      1,
      512,
      64,
      64
    ],
    "method": "Both"
  },
  "decoder.up.0.block.0": {
    "l2_value": 0.0006008066120557487,
    "cosine_value": 0.004241883754730225,
    "shape": [
      1,
      128,
      512,
      512
    ],
    "method": "Both"
  },
  "decoder.up.0.block.1": {
    "l2_value": 0.000611017516348511,
    "cosine_value": 0.003529369831085205,
    "shape": [
      1,
      128,
      512,
      512
    ],
    "method": "Both"
  },
  "decoder.up.0.block.2": {
    "l2_value": 0.0006273507024161518,
    "cosine_value": 0.0029236674308776855,
    "shape": [
      1,
      128,
      512,
      512
    ],
    "method": "Both"
  },
  "decoder.up.1.block.0": {
    "l2_value": 0.0004911334253847599,
    "cosine_value": 0.02463477849960327,
    "shape": [
      1,
      256,
      256,
      256
    ],
    "method": "Both"
  },
  "decoder.up.1.block.1": {
    "l2_value": 0.0005176090635359287,
    "cosine_value": 0.02769792079925537,
    "shape": [
      1,
      256,
      256,
      256
    ],
    "method": "Both"
  },
  "decoder.up.1.block.2": {
    "l2_value": 0.00048183457693085074,
    "cosine_value": 0.028577566146850586,
    "shape": [
      1,
      256,
      256,
      256
    ],
    "method": "Both"
  },
  "decoder.up.1.upsample": {
    "l2_value": 0.0005351226427592337,
    "cosine_value": 0.018994629383087158,
    "shape": [
      1,
      256,
      512,
      512
    ],
    "method": "Both"
  },
  "decoder.up.2.block.0": {
    "l2_value": 0.0004615147481672466,
    "cosine_value": 0.04431319236755371,
    "shape": [
      1,
      512,
      128,
      128
    ],
    "method": "Both"
  },
  "decoder.up.2.block.1": {
    "l2_value": 0.0004804043273907155,
    "cosine_value": 0.04520905017852783,
    "shape": [
      1,
      512,
      128,
      128
    ],
    "method": "Both"
  },
  "decoder.up.2.block.2": {
    "l2_value": 0.00042016551014967263,
    "cosine_value": 0.046111345291137695,
    "shape": [
      1,
      512,
      128,
      128
    ],
    "method": "Both"
  },
  "decoder.up.2.upsample": {
    "l2_value": 0.0006118341698311269,
    "cosine_value": 0.035241782665252686,
    "shape": [
      1,
      512,
      256,
      256
    ],
    "method": "Both"
  },
  "decoder.up.3.block.0": {
    "l2_value": 0.00028317118994891644,
    "cosine_value": 0.05430948734283447,
    "shape": [
      1,
      512,
      64,
      64
    ],
    "method": "Both"
  },
  "decoder.up.3.block.1": {
    "l2_value": 0.00030003482243046165,
    "cosine_value": 0.05908709764480591,
    "shape": [
      1,
      512,
      64,
      64
    ],
    "method": "Both"
  },
  "decoder.up.3.block.2": {
    "l2_value": 0.0002673465642146766,
    "cosine_value": 0.05717360973358154,
    "shape": [
      1,
      512,
      64,
      64
    ],
    "method": "Both"
  },
  "decoder.up.3.upsample": {
    "l2_value": 0.0004684992309194058,
    "cosine_value": 0.047884464263916016,
    "shape": [
      1,
      512,
      128,
      128
    ],
    "method": "Both"
  },
  "decoder.conv_out": {
    "l2_value": 9.14833799470216e-05,
    "cosine_value": 0.01043623685836792,
    "shape": [
      1,
      3,
      512,
      512
    ],
    "method": "Both"
  }
}