{
  "decoder.conv_in": {
    "l2_value": 0.00012911917292512953,
    "cosine_value": 0.053093671798706055,
    "shape": [
      1,
      512,
      64,
      64
    ],
    "method": "Both"
  },
  "decoder.mid.block_1": {
    "l2_value": 0.0001492562296334654,
    "cosine_value": 0.03675025701522827,
    "shape": [
      1,
      512,
      64,
      64
    ],
    "method": "Both"
  },
  "decoder.mid.attn_1": {
    "l2_value": 0.00014934057253412902,
    "cosine_value": 0.033794939517974854,
    "shape": [
      1,
      512,
      64,
      64
    ],
    "method": "Both"
  },
  "decoder.mid.block_2": {
    "l2_value": 0.00016299616254400462,
    "cosine_value": 0.03630465269088745,
    "shape": [
      1,
      512,
      64,
      64
    ],
    "method": "Both"
  },
  "decoder.up.0.block.0": {
    "l2_value": 0.0004253707593306899,
    "cosine_value": 0.004167079925537109,
    "shape": [
      1,
      128,
      512,
      512
    ],
    "method": "Both"
  },
  "decoder.up.0.block.1": {
    "l2_value": 0.00042968144407495856,
    "cosine_value": 0.003092944622039795,
    "shape": [
      1,
      128,
      512,
      512
    ],
    "method": "Both"
  },
  "decoder.up.0.block.2": {
    "l2_value": 0.00044301754678599536,
    "cosine_value": 0.0023555755615234375,
    "shape": [
      1,
      128,
      512,
      512
    ],
    "method": "Both"
  },
  "decoder.up.1.block.0": {
    "l2_value": 0.0004075069446116686,
    "cosine_value": 0.02619016170501709,
    "shape": [
      1,
      256,
      256,
      256
    ],
    "method": "Both"
  },
  "decoder.up.1.block.1": {
    "l2_value": 0.0004185887228231877,
    "cosine_value": 0.026837408542633057,
    "shape": [
      1,
      256,
      256,
      256
    ],
    "method": "Both"
  },
  "decoder.up.1.block.2": {
    "l2_value": 0.00036833822377957404,
    "cosine_value": 0.027317583560943604,
    "shape": [
      1,
      256,
      256,
      256
    ],
    "method": "Both"
  },
  "decoder.up.1.upsample": {
    "l2_value": 0.00037218714714981616,
    "cosine_value": 0.01732492446899414,
    "shape": [
      1,
      256,
      512,
      512
    ],
    "method": "Both"
  },
  "decoder.up.2.block.0": {
    "l2_value": 0.0003305044083390385,
    "cosine_value": 0.03665435314178467,
    "shape": [
      1,
      512,
      128,
      128
    ],
    "method": "Both"
  },
  "decoder.up.2.block.1": {
    "l2_value": 0.000349399633705616,
    "cosine_value": 0.04004257917404175,
    "shape": [
      1,
      512,
      128,
      128
    ],
    "method": "Both"
  },
  "decoder.up.2.block.2": {
    "l2_value": 0.00031024511554278433,
    "cosine_value": 0.046593546867370605,
    "shape": [
      1,
      512,
      128,
      128
    ],
    "method": "Both"
  },
  "decoder.up.2.upsample": {
    "l2_value": 0.000470970495371148,
    "cosine_value": 0.038066983222961426,
    "shape": [
      1,
      512,
      256,
      256
    ],
    "method": "Both"
  },
  "decoder.up.3.block.0": {
    "l2_value": 0.00019512877042870969,
    "cosine_value": 0.04441100358963013,
    "shape": [
      1,
      512,
      64,
      64
    ],
    "method": "Both"
  },
  "decoder.up.3.block.1": {
    "l2_value": 0.0002065566077362746,
    "cosine_value": 0.04632163047790527,
    "shape": [
      1,
      512,
      64,
      64
    ],
    "method": "Both"
  },
  "decoder.up.3.block.2": {
    "l2_value": 0.00019024442008230835,
    "cosine_value": 0.049445509910583496,
    "shape": [
      1,
      512,
      64,
      64
    ],
    "method": "Both"
  },
  "decoder.up.3.upsample": {
    "l2_value": 0.00032779722823761404,
    "cosine_value": 0.03998994827270508,
    "shape": [
      1,
      512,
      128,
      128
    ],
    "method": "Both"
  },
  "decoder.conv_out": {
    "l2_value": 9.370615589432418e-05,
    "cosine_value": 0.011249184608459473,
    "shape": [
      1,
      3,
      512,
      512
    ],
    "method": "Both"
  }
}