{
  "decoder.conv_in": {
    "l2_value": 0.00010007064702222124,
    "cosine_value": 0.02690756320953369,
    "shape": [
      1,
      512,
      64,
      64
    ],
    "method": "Both"
  },
  "decoder.mid.block_1": {
    "l2_value": 0.00010819027374964207,
    "cosine_value": 0.02038288116455078,
    "shape": [
      1,
      512,
      64,
      64
    ],
    "method": "Both"
  },
  "decoder.mid.attn_1": {
    "l2_value": 0.00010978199861710891,
    "cosine_value": 0.017823398113250732,
    "shape": [
      1,
      512,
      64,
      64
    ],
    "method": "Both"
  },
  "decoder.mid.block_2": {
    "l2_value": 0.00011439724039519206,
    "cosine_value": 0.017747461795806885,
    "shape": [
      1,
      512,
      64,
      64
    ],
    "method": "Both"
  },
  "decoder.up.0.block.0": {
    "l2_value": 0.0004789905797224492,
    "cosine_value": 0.0055190324783325195,
    "shape": [
      1,
      128,
      512,
      512
    ],
    "method": "Both"
  },
  "decoder.up.0.block.1": {
    "l2_value": 0.0005340350326150656,
    "cosine_value": 0.004955112934112549,
    "shape": [
      1,
      128,
      512,
      512
    ],
    "method": "Both"
  },
  "decoder.up.0.block.2": {
    "l2_value": 0.0005981039139442146,
    "cosine_value": 0.0044206976890563965,
    "shape": [
      1,
      128,
      512,
      512
    ],
    "method": "Both"
  },
  "decoder.up.1.block.0": {
    "l2_value": 0.00029167113825678825,
    "cosine_value": 0.013984203338623047,
    "shape": [
      1,
      256,
      256,
      256
    ],
    "method": "Both"
  },
  "decoder.up.1.block.1": {
    "l2_value": 0.0002913606003858149,
    "cosine_value": 0.013822972774505615,
    "shape": [
      1,
      256,
      256,
      256
    ],
    "method": "Both"
  },
  "decoder.up.1.block.2": {
    "l2_value": 0.00025655943318270147,
    "cosine_value": 0.014735639095306396,
    "shape": [
      1,
      256,
      256,
      256
    ],
    "method": "Both"
  },
  "decoder.up.1.upsample": {
    "l2_value": 0.0002887942537199706,
    "cosine_value": 0.011339247226715088,
    "shape": [
      1,
      256,
      512,
      512
    ],
    "method": "Both"
  },
  "decoder.up.2.block.0": {
    "l2_value": 0.0002224007766926661,
    "cosine_value": 0.016445517539978027,
    "shape": [
      1,
      512,
      128,
      128
    ],
    "method": "Both"
  },
  "decoder.up.2.block.1": {
    "l2_value": 0.00023229933867696673,
    "cosine_value": 0.017762362957000732,
    "shape": [
      1,
      512,
      128,
      128
    ],
    "method": "Both"
  },
  "decoder.up.2.block.2": {
    "l2_value": 0.0002067231253022328,
    "cosine_value": 0.021511971950531006,
    "shape": [
      1,
      512,
      128,
      128
    ],
    "method": "Both"
  },
  "decoder.up.2.upsample": {
    "l2_value": 0.0003258253855165094,
    "cosine_value": 0.018388211727142334,
    "shape": [
      1,
      512,
      256,
      256
    ],
    "method": "Both"
  },
  "decoder.up.3.block.0": {
    "l2_value": 0.00012887624325230718,
    "cosine_value": 0.0194547176361084,
    "shape": [
      1,
      512,
      64,
      64
    ],
    "method": "Both"
  },
  "decoder.up.3.block.1": {
    "l2_value": 0.00013616141222883016,
    "cosine_value": 0.020138978958129883,
    "shape": [
      1,
      512,
      64,
      64
    ],
    "method": "Both"
  },
  "decoder.up.3.block.2": {
    "l2_value": 0.00012740277452394366,
    "cosine_value": 0.022579550743103027,
    "shape": [
      1,
      512,
      64,
      64
    ],
    "method": "Both"
  },
  "decoder.up.3.upsample": {
    "l2_value": 0.00022503135551232845,
    "cosine_value": 0.018308818340301514,
    "shape": [
      1,
      512,
      128,
      128
    ],
    "method": "Both"
  },
  "decoder.conv_out": {
    "l2_value": 7.196498336270452e-05,
    "cosine_value": 0.014353930950164795,
    "shape": [
      1,
      3,
      512,
      512
    ],
    "method": "Both"
  }
}