{
  "decoder.conv_in": {
    "l2_value": 0.00016731682990211993,
    "cosine_value": 0.02750241756439209,
    "shape": [
      1,
      512,
      64,
      64
    ],
    "method": "Both"
  },
  "decoder.mid.block_1": {
    "l2_value": 0.00015478962450288236,
    "cosine_value": 0.0232083797454834,
    "shape": [
      1,
      512,
      64,
      64
    ],
    "method": "Both"
  },
  "decoder.mid.attn_1": {
    "l2_value": 0.00015604068175889552,
    "cosine_value": 0.022084534168243408,
    "shape": [
      1,
      512,
      64,
      64
    ],
    "method": "Both"
  },
  "decoder.mid.block_2": {
    "l2_value": 0.00016145739937201142,
    "cosine_value": 0.02203655242919922,
    "shape": [
      1,
      512,
      64,
      64
    ],
    "method": "Both"
  },
  "decoder.up.0.block.0": {
    "l2_value": 0.0005088922916911542,
    "cosine_value": 0.003441035747528076,
    "shape": [
      1,
      128,
      512,
      512
    ],
    "method": "Both"
  },
  "decoder.up.0.block.1": {
    "l2_value": 0.0005324989324435592,
    "cosine_value": 0.0029489994049072266,
    "shape": [
      1,
      128,
      512,
      512
    ],
    "method": "Both"
  },
  "decoder.up.0.block.2": {
    "l2_value": 0.0005566018517129123,
    "cosine_value": 0.002492845058441162,
    "shape": [
      1,
      128,
      512,
      512
    ],
    "method": "Both"
  },
  "decoder.up.1.block.0": {
    "l2_value": 0.0003383354633115232,
    "cosine_value": 0.015189766883850098,
    "shape": [
      1,
      256,
      256,
      256
    ],
    "method": "Both"
  },
  "decoder.up.1.block.1": {
    "l2_value": 0.0003497232391964644,
    "cosine_value": 0.016631722450256348,
    "shape": [
      1,
      256,
      256,
      256
    ],
    "method": "Both"
  },
  "decoder.up.1.block.2": {
    "l2_value": 0.000322307605529204,
    "cosine_value": 0.017893314361572266,
    "shape": [
      1,
      256,
      256,
      256
    ],
    "method": "Both"
  },
  "decoder.up.1.upsample": {
    "l2_value": 0.00037431527744047344,
    "cosine_value": 0.012202441692352295,
    "shape": [
      1,
      256,
      512,
      512
    ],
    "method": "Both"
  },
  "decoder.up.2.block.0": {
    "l2_value": 0.0002965247549582273,
    "cosine_value": 0.020271599292755127,
    "shape": [
      1,
      512,
      128,
      128
    ],
    "method": "Both"
  },
  "decoder.up.2.block.1": {
    "l2_value": 0.00030523125315085053,
    "cosine_value": 0.02051067352294922,
    "shape": [
      1,
      512,
      128,
      128
    ],
    "method": "Both"
  },
  "decoder.up.2.block.2": {
    "l2_value": 0.000266542483586818,
    "cosine_value": 0.022727012634277344,
    "shape": [
      1,
      512,
      128,
      128
    ],
    "method": "Both"
  },
  "decoder.up.2.upsample": {
    "l2_value": 0.00040202922536991537,
    "cosine_value": 0.019122779369354248,
    "shape": [
      1,
      512,
      256,
      256
    ],
    "method": "Both"
  },
  "decoder.up.3.block.0": {
    "l2_value": 0.00017994576774071902,
    "cosine_value": 0.023770570755004883,
    "shape": [
      1,
      512,
      64,
      64
    ],
    "method": "Both"
  },
  "decoder.up.3.block.1": {
    "l2_value": 0.00018886920588556677,
    "cosine_value": 0.025426208972930908,
    "shape": [
      1,
      512,
      64,
      64
    ],
    "method": "Both"
  },
  "decoder.up.3.block.2": {
    "l2_value": 0.00017102238780353218,
    "cosine_value": 0.02602565288543701,
    "shape": [
      1,
      512,
      64,
      64
    ],
    "method": "Both"
  },
  "decoder.up.3.upsample": {
    "l2_value": 0.0003064413904212415,
    "cosine_value": 0.022357583045959473,
    "shape": [
      1,
      512,
      128,
      128
    ],
    "method": "Both"
  },
  "decoder.conv_out": {
    "l2_value": 7.061950843005131e-05,
    "cosine_value": 0.014020025730133057,
    "shape": [
      1,
      3,
      512,
      512
    ],
    "method": "Both"
  }
}