{
  "decoder.conv_in": {
    "l2_value": 0.00028694563661701977,
    "cosine_value": 0.07568156719207764,
    "shape": [
      1,
      512,
      64,
      64
    ],
    "method": "Both"
  },
  "decoder.mid.block_1": {
    "l2_value": 0.0002647124929353595,
    "cosine_value": 0.06267166137695312,
    "shape": [
      1,
      512,
      64,
      64
    ],
    "method": "Both"
  },
  "decoder.mid.attn_1": {
    "l2_value": 0.0002647892397362739,
    "cosine_value": 0.06063419580459595,
    "shape": [
      1,
      512,
      64,
      64
    ],
    "method": "Both"
  },
  "decoder.mid.block_2": {
    "l2_value": 0.0002752241853158921,
    "cosine_value": 0.06092041730880737,
    "shape": [
      1,
      512,
      64,
      64
    ],
    "method": "Both"
  },
  "decoder.up.0.block.0": {
    "l2_value": 0.0008680244791321456,
    "cosine_value": 0.0092850923538208,
    "shape": [
      1,
      128,
      512,
      512
    ],
    "method": "Both"
  },
  "decoder.up.0.block.1": {
    "l2_value": 0.000881548214238137,
    "cosine_value": 0.007648050785064697,
    "shape": [
      1,
      128,
      512,
      512
    ],
    "method": "Both"
  },
  "decoder.up.0.block.2": {
    "l2_value": 0.0009051870438270271,
    "cosine_value": 0.006306648254394531,
    "shape": [
      1,
      128,
      512,
      512
    ],
    "method": "Both"
  },
  "decoder.up.1.block.0": {
    "l2_value": 0.0005758641636930406,
    "cosine_value": 0.036865174770355225,
    "shape": [
      1,
      256,
      256,
      256
    ],
    "method": "Both"
  },
  "decoder.up.1.block.1": {
    "l2_value": 0.000593746779486537,
    "cosine_value": 0.039863407611846924,
    "shape": [
      1,
      256,
      256,
      256
    ],
    "method": "Both"
  },
  "decoder.up.1.block.2": {
    "l2_value": 0.0005541121354326606,
    "cosine_value": 0.04204666614532471,
    "shape": [
      1,
      256,
      256,
      256
    ],
    "method": "Both"
  },
  "decoder.up.1.upsample": {
    "l2_value": 0.000640502548776567,
    "cosine_value": 0.029814541339874268,
    "shape": [
      1,
      256,
      512,
      512
    ],
    "method": "Both"
  },
  "decoder.up.2.block.0": {
    "l2_value": 0.0005055268411524594,
    "cosine_value": 0.05545604228973389,
    "shape": [
      1,
      512,
      128,
      128
    ],
    "method": "Both"
  },
  "decoder.up.2.block.1": {
    "l2_value": 0.0005200776504352689,
    "cosine_value": 0.05560356378555298,
    "shape": [
      1,
      512,
      128,
      128
    ],
    "method": "Both"
  },
  "decoder.up.2.block.2": {
    "l2_value": 0.00045773969031870365,
    "cosine_value": 0.058870673179626465,
    "shape": [
      1,
      512,
      128,
      128
    ],
    "method": "Both"
  },
  "decoder.up.2.upsample": {
    "l2_value": 0.0006917671416886151,
    "cosine_value": 0.048894524574279785,
    "shape": [
      1,
      512,
      256,
      256
    ],
    "method": "Both"
  },
  "decoder.up.3.block.0": {
    "l2_value": 0.0003042818862013519,
    "cosine_value": 0.06522291898727417,
    "shape": [
      1,
      512,
      64,
      64
    ],
    "method": "Both"
  },
  "decoder.up.3.block.1": {
    "l2_value": 0.0003196098259650171,
    "cosine_value": 0.06964921951293945,
    "shape": [
      1,
      512,
      64,
      64
    ],
    "method": "Both"
  },
  "decoder.up.3.block.2": {
    "l2_value": 0.0002876842918340117,
    "cosine_value": 0.06961667537689209,
    "shape": [
      1,
      512,
      64,
      64
    ],
    "method": "Both"
  },
  "decoder.up.3.upsample": {
    "l2_value": 0.000516629486810416,
    "cosine_value": 0.06052553653717041,
    "shape": [
      1,
      512,
      128,
      128
    ],
    "method": "Both"
  },
  "decoder.conv_out": {
    "l2_value": 0.00014909266610629857,
    "cosine_value": 0.0318223237991333,
    "shape": [
      1,
      3,
      512,
      512
    ],
    "method": "Both"
  }
}