{
  "decoder.conv_in": {
    "l2_value": 0.0006524440832436085,
    "cosine_value": 0.3236132264137268,
    "shape": [
      1,
      512,
      64,
      64
    ],
    "method": "Both"
  },
  "decoder.mid.block_1": {
    "l2_value": 0.0006939476006664336,
    "cosine_value": 0.34951043128967285,
    "shape": [
      1,
      512,
      64,
      64
    ],
    "method": "Both"
  },
  "decoder.mid.attn_1": {
    "l2_value": 0.0006672684103250504,
    "cosine_value": 0.323250949382782,
    "shape": [
      1,
      512,
      64,
      64
    ],
    "method": "Both"
  },
  "decoder.mid.block_2": {
    "l2_value": 0.0006770469481125474,
    "cosine_value": 0.31511425971984863,
    "shape": [
      1,
      512,
      64,
      64
    ],
    "method": "Both"
  },
  "decoder.up.0.block.0": {
    "l2_value": 0.003740450134500861,
    "cosine_value": 0.15351730585098267,
    "shape": [
      1,
      128,
      512,
      512
    ],
    "method": "Both"
  },
  "decoder.up.0.block.1": {
    "l2_value": 0.003972320351749659,
    "cosine_value": 0.14109456539154053,
    "shape": [
      1,
      128,
      512,
      512
    ],
    "method": "Both"
  },
  "decoder.up.0.block.2": {
    "l2_value": 0.004194539971649647,
    "cosine_value": 0.12494891881942749,
    "shape": [
      1,
      128,
      512,
      512
    ],
    "method": "Both"
  },
  "decoder.up.1.block.0": {
    "l2_value": 0.0016880122711881995,
    "cosine_value": 0.23231583833694458,
    "shape": [
      1,
      256,
      256,
      256
    ],
    "method": "Both"
  },
  "decoder.up.1.block.1": {
    "l2_value": 0.0016928305849432945,
    "cosine_value": 0.23608732223510742,
    "shape": [
      1,
      256,
      256,
      256
    ],
    "method": "Both"
  },
  "decoder.up.1.block.2": {
    "l2_value": 0.0016026090597733855,
    "cosine_value": 0.24417012929916382,
    "shape": [
      1,
      256,
      256,
      256
    ],
    "method": "Both"
  },
  "decoder.up.1.upsample": {
    "l2_value": 0.002093069488182664,
    "cosine_value": 0.23424828052520752,
    "shape": [
      1,
      256,
      512,
      512
    ],
    "method": "Both"
  },
  "decoder.up.2.block.0": {
    "l2_value": 0.0012330383760854602,
    "cosine_value": 0.27751410007476807,
    "shape": [
      1,
      512,
      128,
      128
    ],
    "method": "Both"
  },
  "decoder.up.2.block.1": {
    "l2_value": 0.0012715727789327502,
    "cosine_value": 0.2815319895744324,
    "shape": [
      1,
      512,
      128,
      128
    ],
    "method": "Both"
  },
  "decoder.up.2.block.2": {
    "l2_value": 0.001165601541288197,
    "cosine_value": 0.2988322377204895,
    "shape": [
      1,
      512,
      128,
      128
    ],
    "method": "Both"
  },
  "decoder.up.2.upsample": {
    "l2_value": 0.0018735904013738036,
    "cosine_value": 0.27249038219451904,
    "shape": [
      1,
      512,
      256,
      256
    ],
    "method": "Both"
  },
  "decoder.up.3.block.0": {
    "l2_value": 0.0007138996734283864,
    "cosine_value": 0.31605374813079834,
    "shape": [
      1,
      512,
      64,
      64
    ],
    "method": "Both"
  },
  "decoder.up.3.block.1": {
    "l2_value": 0.0007373248809017241,
    "cosine_value": 0.3263566493988037,
    "shape": [
      1,
      512,
      64,
      64
    ],
    "method": "Both"
  },
  "decoder.up.3.block.2": {
    "l2_value": 0.0006883034366182983,
    "cosine_value": 0.33223164081573486,
    "shape": [
      1,
      512,
      64,
      64
    ],
    "method": "Both"
  },
  "decoder.up.3.upsample": {
    "l2_value": 0.0012334996135905385,
    "cosine_value": 0.2897093892097473,
    "shape": [
      1,
      512,
      128,
      128
    ],
    "method": "Both"
  },
  "decoder.conv_out": {
    "l2_value": 0.0003762913402169943,
    "cosine_value": 0.0999951958656311,
    "shape": [
      1,
      3,
      512,
      512
    ],
    "method": "Both"
  }
}