{
  "decoder.conv_in": {
    "l2_value": 0.0002980969729833305,
    "cosine_value": 0.32570868730545044,
    "shape": [
      1,
      512,
      64,
      64
    ],
    "method": "Both"
  },
  "decoder.mid.block_1": {
    "l2_value": 0.0004040375351905823,
    "cosine_value": 0.2515900135040283,
    "shape": [
      1,
      512,
      64,
      64
    ],
    "method": "Both"
  },
  "decoder.mid.attn_1": {
    "l2_value": 0.00038179289549589157,
    "cosine_value": 0.21198326349258423,
    "shape": [
      1,
      512,
      64,
      64
    ],
    "method": "Both"
  },
  "decoder.mid.block_2": {
    "l2_value": 0.0003944469499401748,
    "cosine_value": 0.2061787247657776,
    "shape": [
      1,
      512,
      64,
      64
    ],
    "method": "Both"
  },
  "decoder.up.0.block.0": {
    "l2_value": 0.002006648341193795,
    "cosine_value": 0.09388852119445801,
    "shape": [
      1,
      128,
      512,
      512
    ],
    "method": "Both"
  },
  "decoder.up.0.block.1": {
    "l2_value": 0.0020881183445453644,
    "cosine_value": 0.07406359910964966,
    "shape": [
      1,
      128,
      512,
      512
    ],
    "method": "Both"
  },
  "decoder.up.0.block.2": {
    "l2_value": 0.002224150113761425,
    "cosine_value": 0.06079918146133423,
    "shape": [
      1,
      128,
      512,
      512
    ],
    "method": "Both"
  },
  "decoder.up.1.block.0": {
    "l2_value": 0.001032177358865738,
    "cosine_value": 0.1525551676750183,
    "shape": [
      1,
      256,
      256,
      256
    ],
    "method": "Both"
  },
  "decoder.up.1.block.1": {
    "l2_value": 0.0010387663496658206,
    "cosine_value": 0.15139484405517578,
    "shape": [
      1,
      256,
      256,
      256
    ],
    "method": "Both"
  },
  "decoder.up.1.block.2": {
    "l2_value": 0.0009716020431369543,
    "cosine_value": 0.1724308729171753,
    "shape": [
      1,
      256,
      256,
      256
    ],
    "method": "Both"
  },
  "decoder.up.1.upsample": {
    "l2_value": 0.0011483102571219206,
    "cosine_value": 0.15105700492858887,
    "shape": [
      1,
      256,
      512,
      512
    ],
    "method": "Both"
  },
  "decoder.up.2.block.0": {
    "l2_value": 0.0007462194771505892,
    "cosine_value": 0.17997074127197266,
    "shape": [
      1,
      512,
      128,
      128
    ],
    "method": "Both"
  },
  "decoder.up.2.block.1": {
    "l2_value": 0.000784085423219949,
    "cosine_value": 0.19517260789871216,
    "shape": [
      1,
      512,
      128,
      128
    ],
    "method": "Both"
  },
  "decoder.up.2.block.2": {
    "l2_value": 0.0007236759411171079,
    "cosine_value": 0.2393953800201416,
    "shape": [
      1,
      512,
      128,
      128
    ],
    "method": "Both"
  },
  "decoder.up.2.upsample": {
    "l2_value": 0.0011307104723528028,
    "cosine_value": 0.20809966325759888,
    "shape": [
      1,
      512,
      256,
      256
    ],
    "method": "Both"
  },
  "decoder.up.3.block.0": {
    "l2_value": 0.0004361996834632009,
    "cosine_value": 0.21749210357666016,
    "shape": [
      1,
      512,
      64,
      64
    ],
    "method": "Both"
  },
  "decoder.up.3.block.1": {
    "l2_value": 0.0004544333787634969,
    "cosine_value": 0.2220137119293213,
    "shape": [
      1,
      512,
      64,
      64
    ],
    "method": "Both"
  },
  "decoder.up.3.block.2": {
    "l2_value": 0.000431354419561103,
    "cosine_value": 0.24483895301818848,
    "shape": [
      1,
      512,
      64,
      64
    ],
    "method": "Both"
  },
  "decoder.up.3.upsample": {
    "l2_value": 0.0007348387152887881,
    "cosine_value": 0.19456231594085693,
    "shape": [
      1,
      512,
      128,
      128
    ],
    "method": "Both"
  },
  "decoder.conv_out": {
    "l2_value": 0.00037864048499614,
    "cosine_value": 0.10714191198348999,
    "shape": [
      1,
      3,
      512,
      512
    ],
    "method": "Both"
  }
}