{
  "decoder.conv_in": {
    "l2_value": 0.00041522079845890403,
    "cosine_value": 0.09629201889038086,
    "shape": [
      1,
      512,
      64,
      64
    ],
    "method": "Both"
  },
  "decoder.mid.block_1": {
    "l2_value": 0.00040798800182528794,
    "cosine_value": 0.0942811369895935,
    "shape": [
      1,
      512,
      64,
      64
    ],
    "method": "Both"
  },
  "decoder.mid.attn_1": {
    "l2_value": 0.0003990518453065306,
    "cosine_value": 0.0911828875541687,
    "shape": [
      1,
      512,
      64,
      64
    ],
    "method": "Both"
  },
  "decoder.mid.block_2": {
    "l2_value": 0.0004184475401416421,
    "cosine_value": 0.09457403421401978,
    "shape": [
      1,
      512,
      64,
      64
    ],
    "method": "Both"
  },
  "decoder.up.0.block.0": {
    "l2_value": 0.001884670346044004,
    "cosine_value": 0.03790813684463501,
    "shape": [
      1,
      128,
      512,
      512
    ],
    "method": "Both"
  },
  "decoder.up.0.block.1": {
    "l2_value": 0.0019681639969348907,
    "cosine_value": 0.03444039821624756,
    "shape": [
      1,
      128,
      512,
      512
    ],
    "method": "Both"
  },
  "decoder.up.0.block.2": {
    "l2_value": 0.002091490663588047,
    "cosine_value": 0.03152555227279663,
    "shape": [
      1,
      128,
      512,
      512
    ],
    "method": "Both"
  },
  "decoder.up.1.block.0": {
    "l2_value": 0.0009697295026853681,
    "cosine_value": 0.06098651885986328,
    "shape": [
      1,
      256,
      256,
      256
    ],
    "method": "Both"
  },
  "decoder.up.1.block.1": {
    "l2_value": 0.0009909964865073562,
    "cosine_value": 0.0644790530204773,
    "shape": [
      1,
      256,
      256,
      256
    ],
    "method": "Both"
  },
  "decoder.up.1.block.2": {
    "l2_value": 0.0009367168531753123,
    "cosine_value": 0.06592029333114624,
    "shape": [
      1,
      256,
      256,
      256
    ],
    "method": "Both"
  },
  "decoder.up.1.upsample": {
    "l2_value": 0.0011438255896791816,
    "cosine_value": 0.057332396507263184,
    "shape": [
      1,
      256,
      512,
      512
    ],
    "method": "Both"
  },
  "decoder.up.2.block.0": {
    "l2_value": 0.0007698112167418003,
    "cosine_value": 0.08652561902999878,
    "shape": [
      1,
      512,
      128,
      128
    ],
    "method": "Both"
  },
  "decoder.up.2.block.1": {
    "l2_value": 0.0007889014668762684,
    "cosine_value": 0.08787131309509277,
    "shape": [
      1,
      512,
      128,
      128
    ],
    "method": "Both"
  },
  "decoder.up.2.block.2": {
    "l2_value": 0.000710914668161422,
    "cosine_value": 0.08713316917419434,
    "shape": [
      1,
      512,
      128,
      128
    ],
    "method": "Both"
  },
  "decoder.up.2.upsample": {
    "l2_value": 0.0011180781293660402,
    "cosine_value": 0.0756680965423584,
    "shape": [
      1,
      512,
      256,
      256
    ],
    "method": "Both"
  },
  "decoder.up.3.block.0": {
    "l2_value": 0.000456200068583712,
    "cosine_value": 0.10327792167663574,
    "shape": [
      1,
      512,
      64,
      64
    ],
    "method": "Both"
  },
  "decoder.up.3.block.1": {
    "l2_value": 0.00047878417535685003,
    "cosine_value": 0.10959988832473755,
    "shape": [
      1,
      512,
      64,
      64
    ],
    "method": "Both"
  },
  "decoder.up.3.block.2": {
    "l2_value": 0.000438444985775277,
    "cosine_value": 0.10281544923782349,
    "shape": [
      1,
      512,
      64,
      64
    ],
    "method": "Both"
  },
  "decoder.up.3.upsample": {
    "l2_value": 0.0007838054443709552,
    "cosine_value": 0.09201902151107788,
    "shape": [
      1,
      512,
      128,
      128
    ],
    "method": "Both"
  },
  "decoder.conv_out": {
    "l2_value": 0.00026275562898566324,
    "cosine_value": 0.04075413942337036,
    "shape": [
      1,
      3,
      512,
      512
    ],
    "method": "Both"
  }
}