{
  "decoder.conv_in": {
    "l2_value": 0.00014702981570735574,
    "cosine_value": 0.06668442487716675,
    "shape": [
      1,
      512,
      64,
      64
    ],
    "method": "Both"
  },
  "decoder.mid.block_1": {
    "l2_value": 0.00015539833111688495,
    "cosine_value": 0.042485952377319336,
    "shape": [
      1,
      512,
      64,
      64
    ],
    "method": "Both"
  },
  "decoder.mid.attn_1": {
    "l2_value": 0.00015541228640358895,
    "cosine_value": 0.03751331567764282,
    "shape": [
      1,
      512,
      64,
      64
    ],
    "method": "Both"
  },
  "decoder.mid.block_2": {
    "l2_value": 0.00016412300465162843,
    "cosine_value": 0.0378727912902832,
    "shape": [
      1,
      512,
      64,
      64
    ],
    "method": "Both"
  },
  "decoder.up.0.block.0": {
    "l2_value": 0.0006605737144127488,
    "cosine_value": 0.011161208152770996,
    "shape": [
      1,
      128,
      512,
      512
    ],
    "method": "Both"
  },
  "decoder.up.0.block.1": {
    "l2_value": 0.000682186393532902,
    "cosine_value": 0.00855487585067749,
    "shape": [
      1,
      128,
      512,
      512
    ],
    "method": "Both"
  },
  "decoder.up.0.block.2": {
    "l2_value": 0.0007176133804023266,
    "cosine_value": 0.00672680139541626,
    "shape": [
      1,
      128,
      512,
      512
    ],
    "method": "Both"
  },
  "decoder.up.1.block.0": {
    "l2_value": 0.0004304162575863302,
    "cosine_value": 0.029687941074371338,
    "shape": [
      1,
      256,
      256,
      256
    ],
    "method": "Both"
  },
  "decoder.up.1.block.1": {
    "l2_value": 0.0004308421048335731,
    "cosine_value": 0.029123961925506592,
    "shape": [
      1,
      256,
      256,
      256
    ],
    "method": "Both"
  },
  "decoder.up.1.block.2": {
    "l2_value": 0.0003876655246131122,
    "cosine_value": 0.03177022933959961,
    "shape": [
      1,
      256,
      256,
      256
    ],
    "method": "Both"
  },
  "decoder.up.1.upsample": {
    "l2_value": 0.0004317605053074658,
    "cosine_value": 0.024694204330444336,
    "shape": [
      1,
      256,
      512,
      512
    ],
    "method": "Both"
  },
  "decoder.up.2.block.0": {
    "l2_value": 0.0003224164538551122,
    "cosine_value": 0.0353468656539917,
    "shape": [
      1,
      512,
      128,
      128
    ],
    "method": "Both"
  },
  "decoder.up.2.block.1": {
    "l2_value": 0.00033597374567762017,
    "cosine_value": 0.037707626819610596,
    "shape": [
      1,
      512,
      128,
      128
    ],
    "method": "Both"
  },
  "decoder.up.2.block.2": {
    "l2_value": 0.00030205893563106656,
    "cosine_value": 0.04548436403274536,
    "shape": [
      1,
      512,
      128,
      128
    ],
    "method": "Both"
  },
  "decoder.up.2.upsample": {
    "l2_value": 0.0004793515254277736,
    "cosine_value": 0.040126264095306396,
    "shape": [
      1,
      512,
      256,
      256
    ],
    "method": "Both"
  },
  "decoder.up.3.block.0": {
    "l2_value": 0.00018532991816755384,
    "cosine_value": 0.041098594665527344,
    "shape": [
      1,
      512,
      64,
      64
    ],
    "method": "Both"
  },
  "decoder.up.3.block.1": {
    "l2_value": 0.0001948437129613012,
    "cosine_value": 0.04180121421813965,
    "shape": [
      1,
      512,
      64,
      64
    ],
    "method": "Both"
  },
  "decoder.up.3.block.2": {
    "l2_value": 0.00018269935389980674,
    "cosine_value": 0.047133564949035645,
    "shape": [
      1,
      512,
      64,
      64
    ],
    "method": "Both"
  },
  "decoder.up.3.upsample": {
    "l2_value": 0.0003238979261368513,
    "cosine_value": 0.039197444915771484,
    "shape": [
      1,
      512,
      128,
      128
    ],
    "method": "Both"
  },
  "decoder.conv_out": {
    "l2_value": 0.00016241647729960582,
    "cosine_value": 0.03911012411117554,
    "shape": [
      1,
      3,
      512,
      512
    ],
    "method": "Both"
  }
}