{
  "decoder.conv_in": {
    "l2_value": 0.00021712272427976131,
    "cosine_value": 0.16074836254119873,
    "shape": [
      1,
      512,
      64,
      64
    ],
    "method": "Both"
  },
  "decoder.mid.block_1": {
    "l2_value": 0.00024750144802965224,
    "cosine_value": 0.10764646530151367,
    "shape": [
      1,
      512,
      64,
      64
    ],
    "method": "Both"
  },
  "decoder.mid.attn_1": {
    "l2_value": 0.00024369751918129623,
    "cosine_value": 0.09348535537719727,
    "shape": [
      1,
      512,
      64,
      64
    ],
    "method": "Both"
  },
  "decoder.mid.block_2": {
    "l2_value": 0.0002581310400273651,
    "cosine_value": 0.09470999240875244,
    "shape": [
      1,
      512,
      64,
      64
    ],
    "method": "Both"
  },
  "decoder.up.0.block.0": {
    "l2_value": 0.002959813689813018,
    "cosine_value": 0.2177852988243103,
    "shape": [
      1,
      128,
      512,
      512
    ],
    "method": "Both"
  },
  "decoder.up.0.block.1": {
    "l2_value": 0.003581626107916236,
    "cosine_value": 0.2287747859954834,
    "shape": [
      1,
      128,
      512,
      512
    ],
    "method": "Both"
  },
  "decoder.up.0.block.2": {
    "l2_value": 0.004319900646805763,
    "cosine_value": 0.2372959852218628,
    "shape": [
      1,
      128,
      512,
      512
    ],
    "method": "Both"
  },
  "decoder.up.1.block.0": {
    "l2_value": 0.0006667528068646789,
    "cosine_value": 0.07137376070022583,
    "shape": [
      1,
      256,
      256,
      256
    ],
    "method": "Both"
  },
  "decoder.up.1.block.1": {
    "l2_value": 0.0006743225967511535,
    "cosine_value": 0.07146435976028442,
    "shape": [
      1,
      256,
      256,
      256
    ],
    "method": "Both"
  },
  "decoder.up.1.block.2": {
    "l2_value": 0.0006256728665903211,
    "cosine_value": 0.08245521783828735,
    "shape": [
      1,
      256,
      256,
      256
    ],
    "method": "Both"
  },
  "decoder.up.1.upsample": {
    "l2_value": 0.0008341135107912123,
    "cosine_value": 0.09129124879837036,
    "shape": [
      1,
      256,
      512,
      512
    ],
    "method": "Both"
  },
  "decoder.up.2.block.0": {
    "l2_value": 0.0004929585848003626,
    "cosine_value": 0.08319824934005737,
    "shape": [
      1,
      512,
      128,
      128
    ],
    "method": "Both"
  },
  "decoder.up.2.block.1": {
    "l2_value": 0.0005170595250092447,
    "cosine_value": 0.08954089879989624,
    "shape": [
      1,
      512,
      128,
      128
    ],
    "method": "Both"
  },
  "decoder.up.2.block.2": {
    "l2_value": 0.00047031277790665627,
    "cosine_value": 0.11060154438018799,
    "shape": [
      1,
      512,
      128,
      128
    ],
    "method": "Both"
  },
  "decoder.up.2.upsample": {
    "l2_value": 0.0007385610369965434,
    "cosine_value": 0.0959172248840332,
    "shape": [
      1,
      512,
      256,
      256
    ],
    "method": "Both"
  },
  "decoder.up.3.block.0": {
    "l2_value": 0.0002913591160904616,
    "cosine_value": 0.1022939682006836,
    "shape": [
      1,
      512,
      64,
      64
    ],
    "method": "Both"
  },
  "decoder.up.3.block.1": {
    "l2_value": 0.00030406005680561066,
    "cosine_value": 0.103360116481781,
    "shape": [
      1,
      512,
      64,
      64
    ],
    "method": "Both"
  },
  "decoder.up.3.block.2": {
    "l2_value": 0.0002851848548743874,
    "cosine_value": 0.11546206474304199,
    "shape": [
      1,
      512,
      64,
      64
    ],
    "method": "Both"
  },
  "decoder.up.3.upsample": {
    "l2_value": 0.0004933706950396299,
    "cosine_value": 0.09243565797805786,
    "shape": [
      1,
      512,
      128,
      128
    ],
    "method": "Both"
  },
  "decoder.conv_out": {
    "l2_value": 0.0002524299779906869,
    "cosine_value": 0.08583056926727295,
    "shape": [
      1,
      3,
      512,
      512
    ],
    "method": "Both"
  }
}