{
  "decoder.conv_in": {
    "l2_value": 0.00014997161633800715,
    "cosine_value": 0.07768356800079346,
    "shape": [
      1,
      512,
      64,
      64
    ],
    "method": "Both"
  },
  "decoder.mid.block_1": {
    "l2_value": 0.00016818793665152043,
    "cosine_value": 0.05081909894943237,
    "shape": [
      1,
      512,
      64,
      64
    ],
    "method": "Both"
  },
  "decoder.mid.attn_1": {
    "l2_value": 0.0001678284752415493,
    "cosine_value": 0.04492807388305664,
    "shape": [
      1,
      512,
      64,
      64
    ],
    "method": "Both"
  },
  "decoder.mid.block_2": {
    "l2_value": 0.00017842146917246282,
    "cosine_value": 0.04628831148147583,
    "shape": [
      1,
      512,
      64,
      64
    ],
    "method": "Both"
  },
  "decoder.up.0.block.0": {
    "l2_value": 0.000774478365201503,
    "cosine_value": 0.013904035091400146,
    "shape": [
      1,
      128,
      512,
      512
    ],
    "method": "Both"
  },
  "decoder.up.0.block.1": {
    "l2_value": 0.0008534687804058194,
    "cosine_value": 0.012200713157653809,
    "shape": [
      1,
      128,
      512,
      512
    ],
    "method": "Both"
  },
  "decoder.up.0.block.2": {
    "l2_value": 0.0009569899993948638,
    "cosine_value": 0.010900735855102539,
    "shape": [
      1,
      128,
      512,
      512
    ],
    "method": "Both"
  },
  "decoder.up.1.block.0": {
    "l2_value": 0.00045182809117250144,
    "cosine_value": 0.035090506076812744,
    "shape": [
      1,
      256,
      256,
      256
    ],
    "method": "Both"
  },
  "decoder.up.1.block.1": {
    "l2_value": 0.0004565782437566668,
    "cosine_value": 0.03500103950500488,
    "shape": [
      1,
      256,
      256,
      256
    ],
    "method": "Both"
  },
  "decoder.up.1.block.2": {
    "l2_value": 0.0004100885125808418,
    "cosine_value": 0.03818392753601074,
    "shape": [
      1,
      256,
      256,
      256
    ],
    "method": "Both"
  },
  "decoder.up.1.upsample": {
    "l2_value": 0.0004507238045334816,
    "cosine_value": 0.028005540370941162,
    "shape": [
      1,
      256,
      512,
      512
    ],
    "method": "Both"
  },
  "decoder.up.2.block.0": {
    "l2_value": 0.00035166501766070724,
    "cosine_value": 0.043697357177734375,
    "shape": [
      1,
      512,
      128,
      128
    ],
    "method": "Both"
  },
  "decoder.up.2.block.1": {
    "l2_value": 0.00036934667150489986,
    "cosine_value": 0.04726070165634155,
    "shape": [
      1,
      512,
      128,
      128
    ],
    "method": "Both"
  },
  "decoder.up.2.block.2": {
    "l2_value": 0.0003320894902572036,
    "cosine_value": 0.058447182178497314,
    "shape": [
      1,
      512,
      128,
      128
    ],
    "method": "Both"
  },
  "decoder.up.2.upsample": {
    "l2_value": 0.0005137220723554492,
    "cosine_value": 0.04941260814666748,
    "shape": [
      1,
      512,
      256,
      256
    ],
    "method": "Both"
  },
  "decoder.up.3.block.0": {
    "l2_value": 0.00020564818987622857,
    "cosine_value": 0.05228227376937866,
    "shape": [
      1,
      512,
      64,
      64
    ],
    "method": "Both"
  },
  "decoder.up.3.block.1": {
    "l2_value": 0.00021761063544545323,
    "cosine_value": 0.05447810888290405,
    "shape": [
      1,
      512,
      64,
      64
    ],
    "method": "Both"
  },
  "decoder.up.3.block.2": {
    "l2_value": 0.00020263521582819521,
    "cosine_value": 0.060378313064575195,
    "shape": [
      1,
      512,
      64,
      64
    ],
    "method": "Both"
  },
  "decoder.up.3.upsample": {
    "l2_value": 0.00035171827767044306,
    "cosine_value": 0.048406124114990234,
    "shape": [
      1,
      512,
      128,
      128
    ],
    "method": "Both"
  },
  "decoder.conv_out": {
    "l2_value": 0.00014515516037742296,
    "cosine_value": 0.043894827365875244,
    "shape": [
      1,
      3,
      512,
      512
    ],
    "method": "Both"
  }
}