{
  "decoder.conv_in": {
    "l2_value": 0.0002748646948020905,
    "cosine_value": 0.07745778560638428,
    "shape": [
      1,
      512,
      64,
      64
    ],
    "method": "Both"
  },
  "decoder.mid.block_1": {
    "l2_value": 0.00025696464581415057,
    "cosine_value": 0.06351399421691895,
    "shape": [
      1,
      512,
      64,
      64
    ],
    "method": "Both"
  },
  "decoder.mid.attn_1": {
    "l2_value": 0.000258080632193014,
    "cosine_value": 0.061057865619659424,
    "shape": [
      1,
      512,
      64,
      64
    ],
    "method": "Both"
  },
  "decoder.mid.block_2": {
    "l2_value": 0.000269067328190431,
    "cosine_value": 0.06197857856750488,
    "shape": [
      1,
      512,
      64,
      64
    ],
    "method": "Both"
  },
  "decoder.up.0.block.0": {
    "l2_value": 0.0009240814251825213,
    "cosine_value": 0.01023334264755249,
    "shape": [
      1,
      128,
      512,
      512
    ],
    "method": "Both"
  },
  "decoder.up.0.block.1": {
    "l2_value": 0.0009691082523204386,
    "cosine_value": 0.008861720561981201,
    "shape": [
      1,
      128,
      512,
      512
    ],
    "method": "Both"
  },
  "decoder.up.0.block.2": {
    "l2_value": 0.0010237179230898619,
    "cosine_value": 0.0076964497566223145,
    "shape": [
      1,
      128,
      512,
      512
    ],
    "method": "Both"
  },
  "decoder.up.1.block.0": {
    "l2_value": 0.0005622439202852547,
    "cosine_value": 0.03930807113647461,
    "shape": [
      1,
      256,
      256,
      256
    ],
    "method": "Both"
  },
  "decoder.up.1.block.1": {
    "l2_value": 0.0005835611955262721,
    "cosine_value": 0.04300332069396973,
    "shape": [
      1,
      256,
      256,
      256
    ],
    "method": "Both"
  },
  "decoder.up.1.block.2": {
    "l2_value": 0.0005479267565533519,
    "cosine_value": 0.04656541347503662,
    "shape": [
      1,
      256,
      256,
      256
    ],
    "method": "Both"
  },
  "decoder.up.1.upsample": {
    "l2_value": 0.0006345756119117141,
    "cosine_value": 0.03131711483001709,
    "shape": [
      1,
      256,
      512,
      512
    ],
    "method": "Both"
  },
  "decoder.up.2.block.0": {
    "l2_value": 0.0004968953435309231,
    "cosine_value": 0.0575026273727417,
    "shape": [
      1,
      512,
      128,
      128
    ],
    "method": "Both"
  },
  "decoder.up.2.block.1": {
    "l2_value": 0.000513087899889797,
    "cosine_value": 0.05803591012954712,
    "shape": [
      1,
      512,
      128,
      128
    ],
    "method": "Both"
  },
  "decoder.up.2.block.2": {
    "l2_value": 0.00045439298264682293,
    "cosine_value": 0.06412124633789062,
    "shape": [
      1,
      512,
      128,
      128
    ],
    "method": "Both"
  },
  "decoder.up.2.upsample": {
    "l2_value": 0.0006785939331166446,
    "cosine_value": 0.05264461040496826,
    "shape": [
      1,
      512,
      256,
      256
    ],
    "method": "Both"
  },
  "decoder.up.3.block.0": {
    "l2_value": 0.0003000697761308402,
    "cosine_value": 0.06725609302520752,
    "shape": [
      1,
      512,
      64,
      64
    ],
    "method": "Both"
  },
  "decoder.up.3.block.1": {
    "l2_value": 0.00031605237745679915,
    "cosine_value": 0.07277226448059082,
    "shape": [
      1,
      512,
      64,
      64
    ],
    "method": "Both"
  },
  "decoder.up.3.block.2": {
    "l2_value": 0.0002855677157640457,
    "cosine_value": 0.07439833879470825,
    "shape": [
      1,
      512,
      64,
      64
    ],
    "method": "Both"
  },
  "decoder.up.3.upsample": {
    "l2_value": 0.0005037621012888849,
    "cosine_value": 0.062043845653533936,
    "shape": [
      1,
      512,
      128,
      128
    ],
    "method": "Both"
  },
  "decoder.conv_out": {
    "l2_value": 0.00014338214532472193,
    "cosine_value": 0.04219317436218262,
    "shape": [
      1,
      3,
      512,
      512
    ],
    "method": "Both"
  }
}