{
  "decoder.conv_in": {
    "l2_value": 0.00046621926594525576,
    "cosine_value": 0.18220460414886475,
    "shape": [
      1,
      512,
      64,
      64
    ],
    "method": "Both"
  },
  "decoder.mid.block_1": {
    "l2_value": 0.00044464750681072474,
    "cosine_value": 0.16460734605789185,
    "shape": [
      1,
      512,
      64,
      64
    ],
    "method": "Both"
  },
  "decoder.mid.attn_1": {
    "l2_value": 0.0004382551123853773,
    "cosine_value": 0.15618371963500977,
    "shape": [
      1,
      512,
      64,
      64
    ],
    "method": "Both"
  },
  "decoder.mid.block_2": {
    "l2_value": 0.0004547998250927776,
    "cosine_value": 0.15660029649734497,
    "shape": [
      1,
      512,
      64,
      64
    ],
    "method": "Both"
  },
  "decoder.up.0.block.0": {
    "l2_value": 0.0018885624594986439,
    "cosine_value": 0.044056475162506104,
    "shape": [
      1,
      128,
      512,
      512
    ],
    "method": "Both"
  },
  "decoder.up.0.block.1": {
    "l2_value": 0.00198101787827909,
    "cosine_value": 0.03863400220870972,
    "shape": [
      1,
      128,
      512,
      512
    ],
    "method": "Both"
  },
  "decoder.up.0.block.2": {
    "l2_value": 0.002078545745462179,
    "cosine_value": 0.03322356939315796,
    "shape": [
      1,
      128,
      512,
      512
    ],
    "method": "Both"
  },
  "decoder.up.1.block.0": {
    "l2_value": 0.0010070028947666287,
    "cosine_value": 0.10497987270355225,
    "shape": [
      1,
      256,
      256,
      256
    ],
    "method": "Both"
  },
  "decoder.up.1.block.1": {
    "l2_value": 0.001031551044434309,
    "cosine_value": 0.11176913976669312,
    "shape": [
      1,
      256,
      256,
      256
    ],
    "method": "Both"
  },
  "decoder.up.1.block.2": {
    "l2_value": 0.0009727295837365091,
    "cosine_value": 0.11921215057373047,
    "shape": [
      1,
      256,
      256,
      256
    ],
    "method": "Both"
  },
  "decoder.up.1.upsample": {
    "l2_value": 0.001175816636532545,
    "cosine_value": 0.09480220079421997,
    "shape": [
      1,
      256,
      512,
      512
    ],
    "method": "Both"
  },
  "decoder.up.2.block.0": {
    "l2_value": 0.0008219468290917575,
    "cosine_value": 0.13862234354019165,
    "shape": [
      1,
      512,
      128,
      128
    ],
    "method": "Both"
  },
  "decoder.up.2.block.1": {
    "l2_value": 0.0008439272060059011,
    "cosine_value": 0.13875555992126465,
    "shape": [
      1,
      512,
      128,
      128
    ],
    "method": "Both"
  },
  "decoder.up.2.block.2": {
    "l2_value": 0.0007544211111962795,
    "cosine_value": 0.14933443069458008,
    "shape": [
      1,
      512,
      128,
      128
    ],
    "method": "Both"
  },
  "decoder.up.2.upsample": {
    "l2_value": 0.0011716036824509501,
    "cosine_value": 0.12998414039611816,
    "shape": [
      1,
      512,
      256,
      256
    ],
    "method": "Both"
  },
  "decoder.up.3.block.0": {
    "l2_value": 0.0004970516893081367,
    "cosine_value": 0.1649763584136963,
    "shape": [
      1,
      512,
      64,
      64
    ],
    "method": "Both"
  },
  "decoder.up.3.block.1": {
    "l2_value": 0.0005177648272365332,
    "cosine_value": 0.1733471155166626,
    "shape": [
      1,
      512,
      64,
      64
    ],
    "method": "Both"
  },
  "decoder.up.3.block.2": {
    "l2_value": 0.000470155879156664,
    "cosine_value": 0.17373430728912354,
    "shape": [
      1,
      512,
      64,
      64
    ],
    "method": "Both"
  },
  "decoder.up.3.upsample": {
    "l2_value": 0.0008406095439568162,
    "cosine_value": 0.15103477239608765,
    "shape": [
      1,
      512,
      128,
      128
    ],
    "method": "Both"
  },
  "decoder.conv_out": {
    "l2_value": 0.00027904964129750925,
    "cosine_value": 0.0970258116722107,
    "shape": [
      1,
      3,
      512,
      512
    ],
    "method": "Both"
  }
}