{
  "decoder.conv_in": {
    "l2_value": 0.0005343371303752065,
    "cosine_value": 0.26450681686401367,
    "shape": [
      1,
      512,
      64,
      64
    ],
    "method": "Both"
  },
  "decoder.mid.block_1": {
    "l2_value": 0.000497254659421742,
    "cosine_value": 0.20543932914733887,
    "shape": [
      1,
      512,
      64,
      64
    ],
    "method": "Both"
  },
  "decoder.mid.attn_1": {
    "l2_value": 0.0004953399766236544,
    "cosine_value": 0.20481401681900024,
    "shape": [
      1,
      512,
      64,
      64
    ],
    "method": "Both"
  },
  "decoder.mid.block_2": {
    "l2_value": 0.0005245826905593276,
    "cosine_value": 0.21458321809768677,
    "shape": [
      1,
      512,
      64,
      64
    ],
    "method": "Both"
  },
  "decoder.up.0.block.0": {
    "l2_value": 0.0015349539462476969,
    "cosine_value": 0.028680086135864258,
    "shape": [
      1,
      128,
      512,
      512
    ],
    "method": "Both"
  },
  "decoder.up.0.block.1": {
    "l2_value": 0.0015462490264326334,
    "cosine_value": 0.023033499717712402,
    "shape": [
      1,
      128,
      512,
      512
    ],
    "method": "Both"
  },
  "decoder.up.0.block.2": {
    "l2_value": 0.0015723735559731722,
    "cosine_value": 0.018599629402160645,
    "shape": [
      1,
      128,
      512,
      512
    ],
    "method": "Both"
  },
  "decoder.up.1.block.0": {
    "l2_value": 0.0010920062195509672,
    "cosine_value": 0.1308307647705078,
    "shape": [
      1,
      256,
      256,
      256
    ],
    "method": "Both"
  },
  "decoder.up.1.block.1": {
    "l2_value": 0.0011449282756075263,
    "cosine_value": 0.14627325534820557,
    "shape": [
      1,
      256,
      256,
      256
    ],
    "method": "Both"
  },
  "decoder.up.1.block.2": {
    "l2_value": 0.0010722670704126358,
    "cosine_value": 0.1554892659187317,
    "shape": [
      1,
      256,
      256,
      256
    ],
    "method": "Both"
  },
  "decoder.up.1.upsample": {
    "l2_value": 0.0012189795961603522,
    "cosine_value": 0.10303986072540283,
    "shape": [
      1,
      256,
      512,
      512
    ],
    "method": "Both"
  },
  "decoder.up.2.block.0": {
    "l2_value": 0.0009728972217999399,
    "cosine_value": 0.19829297065734863,
    "shape": [
      1,
      512,
      128,
      128
    ],
    "method": "Both"
  },
  "decoder.up.2.block.1": {
    "l2_value": 0.0010066713439300656,
    "cosine_value": 0.2013210654258728,
    "shape": [
      1,
      512,
      128,
      128
    ],
    "method": "Both"
  },
  "decoder.up.2.block.2": {
    "l2_value": 0.0008896781946532428,
    "cosine_value": 0.21398192644119263,
    "shape": [
      1,
      512,
      128,
      128
    ],
    "method": "Both"
  },
  "decoder.up.2.upsample": {
    "l2_value": 0.0013312788214534521,
    "cosine_value": 0.17596715688705444,
    "shape": [
      1,
      512,
      256,
      256
    ],
    "method": "Both"
  },
  "decoder.up.3.block.0": {
    "l2_value": 0.0005948796169832349,
    "cosine_value": 0.242706298828125,
    "shape": [
      1,
      512,
      64,
      64
    ],
    "method": "Both"
  },
  "decoder.up.3.block.1": {
    "l2_value": 0.0006305946153588593,
    "cosine_value": 0.26363128423690796,
    "shape": [
      1,
      512,
      64,
      64
    ],
    "method": "Both"
  },
  "decoder.up.3.block.2": {
    "l2_value": 0.0005609712679870427,
    "cosine_value": 0.2529880404472351,
    "shape": [
      1,
      512,
      64,
      64
    ],
    "method": "Both"
  },
  "decoder.up.3.upsample": {
    "l2_value": 0.0009911353699862957,
    "cosine_value": 0.2172619104385376,
    "shape": [
      1,
      512,
      128,
      128
    ],
    "method": "Both"
  },
  "decoder.conv_out": {
    "l2_value": 0.000276455810914437,
    "cosine_value": 0.13708525896072388,
    "shape": [
      1,
      3,
      512,
      512
    ],
    "method": "Both"
  }
}