{
  "decoder.conv_in": {
    "l2_value": 0.0002847370633389801,
    "cosine_value": 0.2883903384208679,
    "shape": [
      1,
      512,
      64,
      64
    ],
    "method": "Both"
  },
  "decoder.mid.block_1": {
    "l2_value": 0.00032267114147543907,
    "cosine_value": 0.17592018842697144,
    "shape": [
      1,
      512,
      64,
      64
    ],
    "method": "Both"
  },
  "decoder.mid.attn_1": {
    "l2_value": 0.00032213685335591435,
    "cosine_value": 0.16014879941940308,
    "shape": [
      1,
      512,
      64,
      64
    ],
    "method": "Both"
  },
  "decoder.mid.block_2": {
    "l2_value": 0.00034603095264174044,
    "cosine_value": 0.1666460633277893,
    "shape": [
      1,
      512,
      64,
      64
    ],
    "method": "Both"
  },
  "decoder.up.0.block.0": {
    "l2_value": 0.0011515812948346138,
    "cosine_value": 0.032090604305267334,
    "shape": [
      1,
      128,
      512,
      512
    ],
    "method": "Both"
  },
  "decoder.up.0.block.1": {
    "l2_value": 0.0011809549760073423,
    "cosine_value": 0.024257242679595947,
    "shape": [
      1,
      128,
      512,
      512
    ],
    "method": "Both"
  },
  "decoder.up.0.block.2": {
    "l2_value": 0.0012299687368795276,
    "cosine_value": 0.018718957901000977,
    "shape": [
      1,
      128,
      512,
      512
    ],
    "method": "Both"
  },
  "decoder.up.1.block.0": {
    "l2_value": 0.0008809883729554713,
    "cosine_value": 0.12960779666900635,
    "shape": [
      1,
      256,
      256,
      256
    ],
    "method": "Both"
  },
  "decoder.up.1.block.1": {
    "l2_value": 0.000894383352715522,
    "cosine_value": 0.13108932971954346,
    "shape": [
      1,
      256,
      256,
      256
    ],
    "method": "Both"
  },
  "decoder.up.1.block.2": {
    "l2_value": 0.0007982754032127559,
    "cosine_value": 0.14091837406158447,
    "shape": [
      1,
      256,
      256,
      256
    ],
    "method": "Both"
  },
  "decoder.up.1.upsample": {
    "l2_value": 0.0008456384530290961,
    "cosine_value": 0.09739828109741211,
    "shape": [
      1,
      256,
      512,
      512
    ],
    "method": "Both"
  },
  "decoder.up.2.block.0": {
    "l2_value": 0.0006968159577809274,
    "cosine_value": 0.1639193892478943,
    "shape": [
      1,
      512,
      128,
      128
    ],
    "method": "Both"
  },
  "decoder.up.2.block.1": {
    "l2_value": 0.0007308183121494949,
    "cosine_value": 0.17651361227035522,
    "shape": [
      1,
      512,
      128,
      128
    ],
    "method": "Both"
  },
  "decoder.up.2.block.2": {
    "l2_value": 0.0006538309389725327,
    "cosine_value": 0.21091419458389282,
    "shape": [
      1,
      512,
      128,
      128
    ],
    "method": "Both"
  },
  "decoder.up.2.upsample": {
    "l2_value": 0.001009139115922153,
    "cosine_value": 0.1842004656791687,
    "shape": [
      1,
      512,
      256,
      256
    ],
    "method": "Both"
  },
  "decoder.up.3.block.0": {
    "l2_value": 0.00040930716204456985,
    "cosine_value": 0.19757544994354248,
    "shape": [
      1,
      512,
      64,
      64
    ],
    "method": "Both"
  },
  "decoder.up.3.block.1": {
    "l2_value": 0.000436895526945591,
    "cosine_value": 0.2096022367477417,
    "shape": [
      1,
      512,
      64,
      64
    ],
    "method": "Both"
  },
  "decoder.up.3.block.2": {
    "l2_value": 0.00040382135193794966,
    "cosine_value": 0.22367578744888306,
    "shape": [
      1,
      512,
      64,
      64
    ],
    "method": "Both"
  },
  "decoder.up.3.upsample": {
    "l2_value": 0.0006978991441428661,
    "cosine_value": 0.18452411890029907,
    "shape": [
      1,
      512,
      128,
      128
    ],
    "method": "Both"
  },
  "decoder.conv_out": {
    "l2_value": 0.0002809157012961805,
    "cosine_value": 0.1461489200592041,
    "shape": [
      1,
      3,
      512,
      512
    ],
    "method": "Both"
  }
}