{
  "decoder.conv_in": {
    "l2_value": 0.0005476560909301043,
    "cosine_value": 0.2484269142150879,
    "shape": [
      1,
      512,
      64,
      64
    ],
    "method": "Both"
  },
  "decoder.mid.block_1": {
    "l2_value": 0.0005716594168916345,
    "cosine_value": 0.2686948776245117,
    "shape": [
      1,
      512,
      64,
      64
    ],
    "method": "Both"
  },
  "decoder.mid.attn_1": {
    "l2_value": 0.0005700303008779883,
    "cosine_value": 0.257232666015625,
    "shape": [
      1,
      512,
      64,
      64
    ],
    "method": "Both"
  },
  "decoder.mid.block_2": {
    "l2_value": 0.0005849793669767678,
    "cosine_value": 0.2503288984298706,
    "shape": [
      1,
      512,
      64,
      64
    ],
    "method": "Both"
  },
  "decoder.up.0.block.0": {
    "l2_value": 0.007136261090636253,
    "cosine_value": 0.6761692464351654,
    "shape": [
      1,
      128,
      512,
      512
    ],
    "method": "Both"
  },
  "decoder.up.0.block.1": {
    "l2_value": 0.008227277547121048,
    "cosine_value": 0.7172984778881073,
    "shape": [
      1,
      128,
      512,
      512
    ],
    "method": "Both"
  },
  "decoder.up.0.block.2": {
    "l2_value": 0.009520183317363262,
    "cosine_value": 0.7487965822219849,
    "shape": [
      1,
      128,
      512,
      512
    ],
    "method": "Both"
  },
  "decoder.up.1.block.0": {
    "l2_value": 0.0013332599774003029,
    "cosine_value": 0.1758442521095276,
    "shape": [
      1,
      256,
      256,
      256
    ],
    "method": "Both"
  },
  "decoder.up.1.block.1": {
    "l2_value": 0.0013472293503582478,
    "cosine_value": 0.1835513710975647,
    "shape": [
      1,
      256,
      256,
      256
    ],
    "method": "Both"
  },
  "decoder.up.1.block.2": {
    "l2_value": 0.0012681158259510994,
    "cosine_value": 0.19843679666519165,
    "shape": [
      1,
      256,
      256,
      256
    ],
    "method": "Both"
  },
  "decoder.up.1.upsample": {
    "l2_value": 0.002137739211320877,
    "cosine_value": 0.32118743658065796,
    "shape": [
      1,
      256,
      512,
      512
    ],
    "method": "Both"
  },
  "decoder.up.2.block.0": {
    "l2_value": 0.0010112725431099534,
    "cosine_value": 0.1987023949623108,
    "shape": [
      1,
      512,
      128,
      128
    ],
    "method": "Both"
  },
  "decoder.up.2.block.1": {
    "l2_value": 0.0010422833729535341,
    "cosine_value": 0.20147138833999634,
    "shape": [
      1,
      512,
      128,
      128
    ],
    "method": "Both"
  },
  "decoder.up.2.block.2": {
    "l2_value": 0.0009258159552700818,
    "cosine_value": 0.21601521968841553,
    "shape": [
      1,
      512,
      128,
      128
    ],
    "method": "Both"
  },
  "decoder.up.2.upsample": {
    "l2_value": 0.0014606346376240253,
    "cosine_value": 0.19428712129592896,
    "shape": [
      1,
      512,
      256,
      256
    ],
    "method": "Both"
  },
  "decoder.up.3.block.0": {
    "l2_value": 0.000627317582257092,
    "cosine_value": 0.25330185890197754,
    "shape": [
      1,
      512,
      64,
      64
    ],
    "method": "Both"
  },
  "decoder.up.3.block.1": {
    "l2_value": 0.000634850759524852,
    "cosine_value": 0.2493816614151001,
    "shape": [
      1,
      512,
      64,
      64
    ],
    "method": "Both"
  },
  "decoder.up.3.block.2": {
    "l2_value": 0.0005715033621527255,
    "cosine_value": 0.2441176176071167,
    "shape": [
      1,
      512,
      64,
      64
    ],
    "method": "Both"
  },
  "decoder.up.3.upsample": {
    "l2_value": 0.0010270389029756188,
    "cosine_value": 0.21074819564819336,
    "shape": [
      1,
      512,
      128,
      128
    ],
    "method": "Both"
  },
  "decoder.conv_out": {
    "l2_value": 0.00028352623727793497,
    "cosine_value": 0.08338499069213867,
    "shape": [
      1,
      3,
      512,
      512
    ],
    "method": "Both"
  }
}