{
  "decoder.conv_in": {
    "l2_value": 0.00025206731515936553,
    "cosine_value": 0.24510318040847778,
    "shape": [
      1,
      512,
      64,
      64
    ],
    "method": "Both"
  },
  "decoder.mid.block_1": {
    "l2_value": 0.0003176371392328292,
    "cosine_value": 0.18626391887664795,
    "shape": [
      1,
      512,
      64,
      64
    ],
    "method": "Both"
  },
  "decoder.mid.attn_1": {
    "l2_value": 0.00030344349215738475,
    "cosine_value": 0.14687156677246094,
    "shape": [
      1,
      512,
      64,
      64
    ],
    "method": "Both"
  },
  "decoder.mid.block_2": {
    "l2_value": 0.00031660465174354613,
    "cosine_value": 0.14371299743652344,
    "shape": [
      1,
      512,
      64,
      64
    ],
    "method": "Both"
  },
  "decoder.up.0.block.0": {
    "l2_value": 0.0014702262124046683,
    "cosine_value": 0.0523456335067749,
    "shape": [
      1,
      128,
      512,
      512
    ],
    "method": "Both"
  },
  "decoder.up.0.block.1": {
    "l2_value": 0.0015445187455043197,
    "cosine_value": 0.04177969694137573,
    "shape": [
      1,
      128,
      512,
      512
    ],
    "method": "Both"
  },
  "decoder.up.0.block.2": {
    "l2_value": 0.0016521263169124722,
    "cosine_value": 0.034571826457977295,
    "shape": [
      1,
      128,
      512,
      512
    ],
    "method": "Both"
  },
  "decoder.up.1.block.0": {
    "l2_value": 0.0008167788619175553,
    "cosine_value": 0.1067705750465393,
    "shape": [
      1,
      256,
      256,
      256
    ],
    "method": "Both"
  },
  "decoder.up.1.block.1": {
    "l2_value": 0.00083063606871292,
    "cosine_value": 0.10716807842254639,
    "shape": [
      1,
      256,
      256,
      256
    ],
    "method": "Both"
  },
  "decoder.up.1.block.2": {
    "l2_value": 0.0007636190275661647,
    "cosine_value": 0.12123715877532959,
    "shape": [
      1,
      256,
      256,
      256
    ],
    "method": "Both"
  },
  "decoder.up.1.upsample": {
    "l2_value": 0.0008674947894178331,
    "cosine_value": 0.09608161449432373,
    "shape": [
      1,
      256,
      512,
      512
    ],
    "method": "Both"
  },
  "decoder.up.2.block.0": {
    "l2_value": 0.0006127849337644875,
    "cosine_value": 0.1305694580078125,
    "shape": [
      1,
      512,
      128,
      128
    ],
    "method": "Both"
  },
  "decoder.up.2.block.1": {
    "l2_value": 0.0006393357180058956,
    "cosine_value": 0.1389753818511963,
    "shape": [
      1,
      512,
      128,
      128
    ],
    "method": "Both"
  },
  "decoder.up.2.block.2": {
    "l2_value": 0.0005839169025421143,
    "cosine_value": 0.17295145988464355,
    "shape": [
      1,
      512,
      128,
      128
    ],
    "method": "Both"
  },
  "decoder.up.2.upsample": {
    "l2_value": 0.00091939716367051,
    "cosine_value": 0.15188312530517578,
    "shape": [
      1,
      512,
      256,
      256
    ],
    "method": "Both"
  },
  "decoder.up.3.block.0": {
    "l2_value": 0.00035869795829057693,
    "cosine_value": 0.15610671043395996,
    "shape": [
      1,
      512,
      64,
      64
    ],
    "method": "Both"
  },
  "decoder.up.3.block.1": {
    "l2_value": 0.0003725389251485467,
    "cosine_value": 0.15570038557052612,
    "shape": [
      1,
      512,
      64,
      64
    ],
    "method": "Both"
  },
  "decoder.up.3.block.2": {
    "l2_value": 0.00035049612051807344,
    "cosine_value": 0.17547035217285156,
    "shape": [
      1,
      512,
      64,
      64
    ],
    "method": "Both"
  },
  "decoder.up.3.upsample": {
    "l2_value": 0.0006010872311890125,
    "cosine_value": 0.13977515697479248,
    "shape": [
      1,
      512,
      128,
      128
    ],
    "method": "Both"
  },
  "decoder.conv_out": {
    "l2_value": 0.00029466801788657904,
    "cosine_value": 0.09284114837646484,
    "shape": [
      1,
      3,
      512,
      512
    ],
    "method": "Both"
  }
}