{
  "decoder.conv_in": {
    "l2_value": 0.0003318488597869873,
    "cosine_value": 0.10156059265136719,
    "shape": [
      1,
      512,
      64,
      64
    ],
    "method": "Both"
  },
  "decoder.mid.block_1": {
    "l2_value": 0.0003076446882914752,
    "cosine_value": 0.0865291953086853,
    "shape": [
      1,
      512,
      64,
      64
    ],
    "method": "Both"
  },
  "decoder.mid.attn_1": {
    "l2_value": 0.00030774404876865447,
    "cosine_value": 0.08314311504364014,
    "shape": [
      1,
      512,
      64,
      64
    ],
    "method": "Both"
  },
  "decoder.mid.block_2": {
    "l2_value": 0.000321354455081746,
    "cosine_value": 0.08422267436981201,
    "shape": [
      1,
      512,
      64,
      64
    ],
    "method": "Both"
  },
  "decoder.up.0.block.0": {
    "l2_value": 0.0009823618456721306,
    "cosine_value": 0.012666702270507812,
    "shape": [
      1,
      128,
      512,
      512
    ],
    "method": "Both"
  },
  "decoder.up.0.block.1": {
    "l2_value": 0.0010170217137783766,
    "cosine_value": 0.010694384574890137,
    "shape": [
      1,
      128,
      512,
      512
    ],
    "method": "Both"
  },
  "decoder.up.0.block.2": {
    "l2_value": 0.0010605644201859832,
    "cosine_value": 0.009010553359985352,
    "shape": [
      1,
      128,
      512,
      512
    ],
    "method": "Both"
  },
  "decoder.up.1.block.0": {
    "l2_value": 0.0006701458478346467,
    "cosine_value": 0.053783416748046875,
    "shape": [
      1,
      256,
      256,
      256
    ],
    "method": "Both"
  },
  "decoder.up.1.block.1": {
    "l2_value": 0.0006936536519788206,
    "cosine_value": 0.058842480182647705,
    "shape": [
      1,
      256,
      256,
      256
    ],
    "method": "Both"
  },
  "decoder.up.1.block.2": {
    "l2_value": 0.0006384649896062911,
    "cosine_value": 0.06165003776550293,
    "shape": [
      1,
      256,
      256,
      256
    ],
    "method": "Both"
  },
  "decoder.up.1.upsample": {
    "l2_value": 0.0007302227313630283,
    "cosine_value": 0.04219377040863037,
    "shape": [
      1,
      256,
      512,
      512
    ],
    "method": "Both"
  },
  "decoder.up.2.block.0": {
    "l2_value": 0.000591794028878212,
    "cosine_value": 0.07697200775146484,
    "shape": [
      1,
      512,
      128,
      128
    ],
    "method": "Both"
  },
  "decoder.up.2.block.1": {
    "l2_value": 0.0006095668068155646,
    "cosine_value": 0.07787871360778809,
    "shape": [
      1,
      512,
      128,
      128
    ],
    "method": "Both"
  },
  "decoder.up.2.block.2": {
    "l2_value": 0.0005329005070962012,
    "cosine_value": 0.0832253098487854,
    "shape": [
      1,
      512,
      128,
      128
    ],
    "method": "Both"
  },
  "decoder.up.2.upsample": {
    "l2_value": 0.0008051343611441553,
    "cosine_value": 0.0694764256477356,
    "shape": [
      1,
      512,
      256,
      256
    ],
    "method": "Both"
  },
  "decoder.up.3.block.0": {
    "l2_value": 0.0003555987495929003,
    "cosine_value": 0.09011602401733398,
    "shape": [
      1,
      512,
      64,
      64
    ],
    "method": "Both"
  },
  "decoder.up.3.block.1": {
    "l2_value": 0.0003734503698069602,
    "cosine_value": 0.09620952606201172,
    "shape": [
      1,
      512,
      64,
      64
    ],
    "method": "Both"
  },
  "decoder.up.3.block.2": {
    "l2_value": 0.00033914903178811073,
    "cosine_value": 0.0975332260131836,
    "shape": [
      1,
      512,
      64,
      64
    ],
    "method": "Both"
  },
  "decoder.up.3.upsample": {
    "l2_value": 0.0006088557420298457,
    "cosine_value": 0.08477967977523804,
    "shape": [
      1,
      512,
      128,
      128
    ],
    "method": "Both"
  },
  "decoder.conv_out": {
    "l2_value": 0.00015188685695951185,
    "cosine_value": 0.04093813896179199,
    "shape": [
      1,
      3,
      512,
      512
    ],
    "method": "Both"
  }
}