{
  "decoder.conv_in": {
    "l2_value": 0.00018838381220120937,
    "cosine_value": 0.10315018892288208,
    "shape": [
      1,
      512,
      64,
      64
    ],
    "method": "Both"
  },
  "decoder.mid.block_1": {
    "l2_value": 0.00020733947167173028,
    "cosine_value": 0.07593399286270142,
    "shape": [
      1,
      512,
      64,
      64
    ],
    "method": "Both"
  },
  "decoder.mid.attn_1": {
    "l2_value": 0.00020803308871109039,
    "cosine_value": 0.06587105989456177,
    "shape": [
      1,
      512,
      64,
      64
    ],
    "method": "Both"
  },
  "decoder.mid.block_2": {
    "l2_value": 0.00022046563390176743,
    "cosine_value": 0.06710857152938843,
    "shape": [
      1,
      512,
      64,
      64
    ],
    "method": "Both"
  },
  "decoder.up.0.block.0": {
    "l2_value": 0.0007480394560843706,
    "cosine_value": 0.013628780841827393,
    "shape": [
      1,
      128,
      512,
      512
    ],
    "method": "Both"
  },
  "decoder.up.0.block.1": {
    "l2_value": 0.0007838892634026706,
    "cosine_value": 0.01079869270324707,
    "shape": [
      1,
      128,
      512,
      512
    ],
    "method": "Both"
  },
  "decoder.up.0.block.2": {
    "l2_value": 0.0008383732638321817,
    "cosine_value": 0.008788526058197021,
    "shape": [
      1,
      128,
      512,
      512
    ],
    "method": "Both"
  },
  "decoder.up.1.block.0": {
    "l2_value": 0.0005613803514279425,
    "cosine_value": 0.05093294382095337,
    "shape": [
      1,
      256,
      256,
      256
    ],
    "method": "Both"
  },
  "decoder.up.1.block.1": {
    "l2_value": 0.0005663185729645193,
    "cosine_value": 0.050977885723114014,
    "shape": [
      1,
      256,
      256,
      256
    ],
    "method": "Both"
  },
  "decoder.up.1.block.2": {
    "l2_value": 0.0004978106589987874,
    "cosine_value": 0.053378403186798096,
    "shape": [
      1,
      256,
      256,
      256
    ],
    "method": "Both"
  },
  "decoder.up.1.upsample": {
    "l2_value": 0.0005301383207552135,
    "cosine_value": 0.03738349676132202,
    "shape": [
      1,
      256,
      512,
      512
    ],
    "method": "Both"
  },
  "decoder.up.2.block.0": {
    "l2_value": 0.0004323463363107294,
    "cosine_value": 0.06275612115859985,
    "shape": [
      1,
      512,
      128,
      128
    ],
    "method": "Both"
  },
  "decoder.up.2.block.1": {
    "l2_value": 0.00045304521336220205,
    "cosine_value": 0.06806141138076782,
    "shape": [
      1,
      512,
      128,
      128
    ],
    "method": "Both"
  },
  "decoder.up.2.block.2": {
    "l2_value": 0.0004040823841933161,
    "cosine_value": 0.08126717805862427,
    "shape": [
      1,
      512,
      128,
      128
    ],
    "method": "Both"
  },
  "decoder.up.2.upsample": {
    "l2_value": 0.0006368683534674346,
    "cosine_value": 0.07014542818069458,
    "shape": [
      1,
      512,
      256,
      256
    ],
    "method": "Both"
  },
  "decoder.up.3.block.0": {
    "l2_value": 0.00025092423311434686,
    "cosine_value": 0.07473897933959961,
    "shape": [
      1,
      512,
      64,
      64
    ],
    "method": "Both"
  },
  "decoder.up.3.block.1": {
    "l2_value": 0.0002638788428157568,
    "cosine_value": 0.07642954587936401,
    "shape": [
      1,
      512,
      64,
      64
    ],
    "method": "Both"
  },
  "decoder.up.3.block.2": {
    "l2_value": 0.0002462886623106897,
    "cosine_value": 0.08483994007110596,
    "shape": [
      1,
      512,
      64,
      64
    ],
    "method": "Both"
  },
  "decoder.up.3.upsample": {
    "l2_value": 0.00043548987014219165,
    "cosine_value": 0.07003253698348999,
    "shape": [
      1,
      512,
      128,
      128
    ],
    "method": "Both"
  },
  "decoder.conv_out": {
    "l2_value": 0.00015444478291707733,
    "cosine_value": 0.04330039024353027,
    "shape": [
      1,
      3,
      512,
      512
    ],
    "method": "Both"
  }
}