{
  "decoder.conv_in": {
    "l2_value": 0.0001171633557532914,
    "cosine_value": 0.03491652011871338,
    "shape": [
      1,
      512,
      64,
      64
    ],
    "method": "Both"
  },
  "decoder.mid.block_1": {
    "l2_value": 0.00014083988207858056,
    "cosine_value": 0.0262601375579834,
    "shape": [
      1,
      512,
      64,
      64
    ],
    "method": "Both"
  },
  "decoder.mid.attn_1": {
    "l2_value": 0.00014177711273077875,
    "cosine_value": 0.025420963764190674,
    "shape": [
      1,
      512,
      64,
      64
    ],
    "method": "Both"
  },
  "decoder.mid.block_2": {
    "l2_value": 0.00016625129501335323,
    "cosine_value": 0.031945645809173584,
    "shape": [
      1,
      512,
      64,
      64
    ],
    "method": "Both"
  },
  "decoder.up.0.block.0": {
    "l2_value": 0.0037597850896418095,
    "cosine_value": 0.3182833194732666,
    "shape": [
      1,
      128,
      512,
      512
    ],
    "method": "Both"
  },
  "decoder.up.0.block.1": {
    "l2_value": 0.00479667354375124,
    "cosine_value": 0.38356953859329224,
    "shape": [
      1,
      128,
      512,
      512
    ],
    "method": "Both"
  },
  "decoder.up.0.block.2": {
    "l2_value": 0.005930566694587469,
    "cosine_value": 0.43158334493637085,
    "shape": [
      1,
      128,
      512,
      512
    ],
    "method": "Both"
  },
  "decoder.up.1.block.0": {
    "l2_value": 0.0003987275995314121,
    "cosine_value": 0.01935786008834839,
    "shape": [
      1,
      256,
      256,
      256
    ],
    "method": "Both"
  },
  "decoder.up.1.block.1": {
    "l2_value": 0.0004050470015499741,
    "cosine_value": 0.01968914270401001,
    "shape": [
      1,
      256,
      256,
      256
    ],
    "method": "Both"
  },
  "decoder.up.1.block.2": {
    "l2_value": 0.00039859049138613045,
    "cosine_value": 0.024303436279296875,
    "shape": [
      1,
      256,
      256,
      256
    ],
    "method": "Both"
  },
  "decoder.up.1.upsample": {
    "l2_value": 0.000690239598043263,
    "cosine_value": 0.04638385772705078,
    "shape": [
      1,
      256,
      512,
      512
    ],
    "method": "Both"
  },
  "decoder.up.2.block.0": {
    "l2_value": 0.00031879404559731483,
    "cosine_value": 0.02893984317779541,
    "shape": [
      1,
      512,
      128,
      128
    ],
    "method": "Both"
  },
  "decoder.up.2.block.1": {
    "l2_value": 0.0003378577239345759,
    "cosine_value": 0.03168201446533203,
    "shape": [
      1,
      512,
      128,
      128
    ],
    "method": "Both"
  },
  "decoder.up.2.block.2": {
    "l2_value": 0.0003047434729523957,
    "cosine_value": 0.035847485065460205,
    "shape": [
      1,
      512,
      128,
      128
    ],
    "method": "Both"
  },
  "decoder.up.2.upsample": {
    "l2_value": 0.00046043551992625,
    "cosine_value": 0.028437376022338867,
    "shape": [
      1,
      512,
      256,
      256
    ],
    "method": "Both"
  },
  "decoder.up.3.block.0": {
    "l2_value": 0.00019240514666307718,
    "cosine_value": 0.03764629364013672,
    "shape": [
      1,
      512,
      64,
      64
    ],
    "method": "Both"
  },
  "decoder.up.3.block.1": {
    "l2_value": 0.00020130311895627528,
    "cosine_value": 0.0388638973236084,
    "shape": [
      1,
      512,
      64,
      64
    ],
    "method": "Both"
  },
  "decoder.up.3.block.2": {
    "l2_value": 0.0001882877986645326,
    "cosine_value": 0.04066479206085205,
    "shape": [
      1,
      512,
      64,
      64
    ],
    "method": "Both"
  },
  "decoder.up.3.upsample": {
    "l2_value": 0.00032152188941836357,
    "cosine_value": 0.03270149230957031,
    "shape": [
      1,
      512,
      128,
      128
    ],
    "method": "Both"
  },
  "decoder.conv_out": {
    "l2_value": 0.00010592460360688467,
    "cosine_value": 0.008491814136505127,
    "shape": [
      1,
      3,
      512,
      512
    ],
    "method": "Both"
  }
}