{
  "decoder.conv_in": {
    "l2_value": 0.00023246090859174728,
    "cosine_value": 0.030369818210601807,
    "shape": [
      1,
      512,
      64,
      64
    ],
    "method": "Both"
  },
  "decoder.mid.block_1": {
    "l2_value": 0.0002583531604614109,
    "cosine_value": 0.036635518074035645,
    "shape": [
      1,
      512,
      64,
      64
    ],
    "method": "Both"
  },
  "decoder.mid.attn_1": {
    "l2_value": 0.0002591581433080137,
    "cosine_value": 0.03762388229370117,
    "shape": [
      1,
      512,
      64,
      64
    ],
    "method": "Both"
  },
  "decoder.mid.block_2": {
    "l2_value": 0.0002798949717544019,
    "cosine_value": 0.04196023941040039,
    "shape": [
      1,
      512,
      64,
      64
    ],
    "method": "Both"
  },
  "decoder.up.0.block.0": {
    "l2_value": 0.004881770350039005,
    "cosine_value": 0.24649423360824585,
    "shape": [
      1,
      128,
      512,
      512
    ],
    "method": "Both"
  },
  "decoder.up.0.block.1": {
    "l2_value": 0.005801787134259939,
    "cosine_value": 0.2889145612716675,
    "shape": [
      1,
      128,
      512,
      512
    ],
    "method": "Both"
  },
  "decoder.up.0.block.2": {
    "l2_value": 0.006856631021946669,
    "cosine_value": 0.32710063457489014,
    "shape": [
      1,
      128,
      512,
      512
    ],
    "method": "Both"
  },
  "decoder.up.1.block.0": {
    "l2_value": 0.0006149888504296541,
    "cosine_value": 0.024442732334136963,
    "shape": [
      1,
      256,
      256,
      256
    ],
    "method": "Both"
  },
  "decoder.up.1.block.1": {
    "l2_value": 0.0006263158284127712,
    "cosine_value": 0.025684058666229248,
    "shape": [
      1,
      256,
      256,
      256
    ],
    "method": "Both"
  },
  "decoder.up.1.block.2": {
    "l2_value": 0.000605634821113199,
    "cosine_value": 0.027467966079711914,
    "shape": [
      1,
      256,
      256,
      256
    ],
    "method": "Both"
  },
  "decoder.up.1.upsample": {
    "l2_value": 0.0012238422641530633,
    "cosine_value": 0.06480950117111206,
    "shape": [
      1,
      256,
      512,
      512
    ],
    "method": "Both"
  },
  "decoder.up.2.block.0": {
    "l2_value": 0.0004452977154869586,
    "cosine_value": 0.0287168025970459,
    "shape": [
      1,
      512,
      128,
      128
    ],
    "method": "Both"
  },
  "decoder.up.2.block.1": {
    "l2_value": 0.00045609730295836926,
    "cosine_value": 0.029346346855163574,
    "shape": [
      1,
      512,
      128,
      128
    ],
    "method": "Both"
  },
  "decoder.up.2.block.2": {
    "l2_value": 0.00040502630872651935,
    "cosine_value": 0.028441548347473145,
    "shape": [
      1,
      512,
      128,
      128
    ],
    "method": "Both"
  },
  "decoder.up.2.upsample": {
    "l2_value": 0.0006452532834373415,
    "cosine_value": 0.025245249271392822,
    "shape": [
      1,
      512,
      256,
      256
    ],
    "method": "Both"
  },
  "decoder.up.3.block.0": {
    "l2_value": 0.00029597635148093104,
    "cosine_value": 0.043311476707458496,
    "shape": [
      1,
      512,
      64,
      64
    ],
    "method": "Both"
  },
  "decoder.up.3.block.1": {
    "l2_value": 0.0002832403697539121,
    "cosine_value": 0.03861057758331299,
    "shape": [
      1,
      512,
      64,
      64
    ],
    "method": "Both"
  },
  "decoder.up.3.block.2": {
    "l2_value": 0.00025102857034653425,
    "cosine_value": 0.03357917070388794,
    "shape": [
      1,
      512,
      64,
      64
    ],
    "method": "Both"
  },
  "decoder.up.3.upsample": {
    "l2_value": 0.00044756944407708943,
    "cosine_value": 0.030043721199035645,
    "shape": [
      1,
      512,
      128,
      128
    ],
    "method": "Both"
  },
  "decoder.conv_out": {
    "l2_value": 0.000107083508434395,
    "cosine_value": 0.008350789546966553,
    "shape": [
      1,
      3,
      512,
      512
    ],
    "method": "Both"
  }
}