{
  "decoder.conv_in": {
    "l2_value": 0.0001709556090645492,
    "cosine_value": 0.10658228397369385,
    "shape": [
      1,
      512,
      64,
      64
    ],
    "method": "Both"
  },
  "decoder.mid.block_1": {
    "l2_value": 0.00019099532801192254,
    "cosine_value": 0.06831640005111694,
    "shape": [
      1,
      512,
      64,
      64
    ],
    "method": "Both"
  },
  "decoder.mid.attn_1": {
    "l2_value": 0.0001910187565954402,
    "cosine_value": 0.05928319692611694,
    "shape": [
      1,
      512,
      64,
      64
    ],
    "method": "Both"
  },
  "decoder.mid.block_2": {
    "l2_value": 0.00020169980416540056,
    "cosine_value": 0.060117363929748535,
    "shape": [
      1,
      512,
      64,
      64
    ],
    "method": "Both"
  },
  "decoder.up.0.block.0": {
    "l2_value": 0.0007022891077212989,
    "cosine_value": 0.011677920818328857,
    "shape": [
      1,
      128,
      512,
      512
    ],
    "method": "Both"
  },
  "decoder.up.0.block.1": {
    "l2_value": 0.0007055820315144956,
    "cosine_value": 0.00852745771408081,
    "shape": [
      1,
      128,
      512,
      512
    ],
    "method": "Both"
  },
  "decoder.up.0.block.2": {
    "l2_value": 0.0007184904534369707,
    "cosine_value": 0.006308853626251221,
    "shape": [
      1,
      128,
      512,
      512
    ],
    "method": "Both"
  },
  "decoder.up.1.block.0": {
    "l2_value": 0.0005158560816198587,
    "cosine_value": 0.04636663198471069,
    "shape": [
      1,
      256,
      256,
      256
    ],
    "method": "Both"
  },
  "decoder.up.1.block.1": {
    "l2_value": 0.000522912829183042,
    "cosine_value": 0.04638516902923584,
    "shape": [
      1,
      256,
      256,
      256
    ],
    "method": "Both"
  },
  "decoder.up.1.block.2": {
    "l2_value": 0.00047061676741577685,
    "cosine_value": 0.05128210783004761,
    "shape": [
      1,
      256,
      256,
      256
    ],
    "method": "Both"
  },
  "decoder.up.1.upsample": {
    "l2_value": 0.0005066037992946804,
    "cosine_value": 0.03586757183074951,
    "shape": [
      1,
      256,
      512,
      512
    ],
    "method": "Both"
  },
  "decoder.up.2.block.0": {
    "l2_value": 0.00039828967419452965,
    "cosine_value": 0.056810855865478516,
    "shape": [
      1,
      512,
      128,
      128
    ],
    "method": "Both"
  },
  "decoder.up.2.block.1": {
    "l2_value": 0.00041734991827979684,
    "cosine_value": 0.06106376647949219,
    "shape": [
      1,
      512,
      128,
      128
    ],
    "method": "Both"
  },
  "decoder.up.2.block.2": {
    "l2_value": 0.0003747171722352505,
    "cosine_value": 0.0758507251739502,
    "shape": [
      1,
      512,
      128,
      128
    ],
    "method": "Both"
  },
  "decoder.up.2.upsample": {
    "l2_value": 0.0005859649972990155,
    "cosine_value": 0.06563907861709595,
    "shape": [
      1,
      512,
      256,
      256
    ],
    "method": "Both"
  },
  "decoder.up.3.block.0": {
    "l2_value": 0.00023150676861405373,
    "cosine_value": 0.06693756580352783,
    "shape": [
      1,
      512,
      64,
      64
    ],
    "method": "Both"
  },
  "decoder.up.3.block.1": {
    "l2_value": 0.00024505917099304497,
    "cosine_value": 0.06954491138458252,
    "shape": [
      1,
      512,
      64,
      64
    ],
    "method": "Both"
  },
  "decoder.up.3.block.2": {
    "l2_value": 0.00022843467013444752,
    "cosine_value": 0.07790893316268921,
    "shape": [
      1,
      512,
      64,
      64
    ],
    "method": "Both"
  },
  "decoder.up.3.upsample": {
    "l2_value": 0.00039800183731131256,
    "cosine_value": 0.0627896785736084,
    "shape": [
      1,
      512,
      128,
      128
    ],
    "method": "Both"
  },
  "decoder.conv_out": {
    "l2_value": 0.000182736839633435,
    "cosine_value": 0.0709572434425354,
    "shape": [
      1,
      3,
      512,
      512
    ],
    "method": "Both"
  }
}