{
  "decoder.conv_in": {
    "l2_value": 0.00027968030190095305,
    "cosine_value": 0.23868781328201294,
    "shape": [
      1,
      512,
      64,
      64
    ],
    "method": "Both"
  },
  "decoder.mid.block_1": {
    "l2_value": 0.0003372602805029601,
    "cosine_value": 0.18444836139678955,
    "shape": [
      1,
      512,
      64,
      64
    ],
    "method": "Both"
  },
  "decoder.mid.attn_1": {
    "l2_value": 0.0003289658925496042,
    "cosine_value": 0.1622139811515808,
    "shape": [
      1,
      512,
      64,
      64
    ],
    "method": "Both"
  },
  "decoder.mid.block_2": {
    "l2_value": 0.0003565841761883348,
    "cosine_value": 0.17081797122955322,
    "shape": [
      1,
      512,
      64,
      64
    ],
    "method": "Both"
  },
  "decoder.up.0.block.0": {
    "l2_value": 0.0014191019581630826,
    "cosine_value": 0.04744422435760498,
    "shape": [
      1,
      128,
      512,
      512
    ],
    "method": "Both"
  },
  "decoder.up.0.block.1": {
    "l2_value": 0.0014973818324506283,
    "cosine_value": 0.03858667612075806,
    "shape": [
      1,
      128,
      512,
      512
    ],
    "method": "Both"
  },
  "decoder.up.0.block.2": {
    "l2_value": 0.0016130435978993773,
    "cosine_value": 0.032378315925598145,
    "shape": [
      1,
      128,
      512,
      512
    ],
    "method": "Both"
  },
  "decoder.up.1.block.0": {
    "l2_value": 0.0009108509984798729,
    "cosine_value": 0.12132573127746582,
    "shape": [
      1,
      256,
      256,
      256
    ],
    "method": "Both"
  },
  "decoder.up.1.block.1": {
    "l2_value": 0.0009316768264397979,
    "cosine_value": 0.12292236089706421,
    "shape": [
      1,
      256,
      256,
      256
    ],
    "method": "Both"
  },
  "decoder.up.1.block.2": {
    "l2_value": 0.0008374342578463256,
    "cosine_value": 0.12823545932769775,
    "shape": [
      1,
      256,
      256,
      256
    ],
    "method": "Both"
  },
  "decoder.up.1.upsample": {
    "l2_value": 0.0009158026077784598,
    "cosine_value": 0.0957368016242981,
    "shape": [
      1,
      256,
      512,
      512
    ],
    "method": "Both"
  },
  "decoder.up.2.block.0": {
    "l2_value": 0.0006983017083257437,
    "cosine_value": 0.1607379913330078,
    "shape": [
      1,
      512,
      128,
      128
    ],
    "method": "Both"
  },
  "decoder.up.2.block.1": {
    "l2_value": 0.000739593175239861,
    "cosine_value": 0.17501622438430786,
    "shape": [
      1,
      512,
      128,
      128
    ],
    "method": "Both"
  },
  "decoder.up.2.block.2": {
    "l2_value": 0.0006690314039587975,
    "cosine_value": 0.2060146927833557,
    "shape": [
      1,
      512,
      128,
      128
    ],
    "method": "Both"
  },
  "decoder.up.2.upsample": {
    "l2_value": 0.0010323124006390572,
    "cosine_value": 0.17123287916183472,
    "shape": [
      1,
      512,
      256,
      256
    ],
    "method": "Both"
  },
  "decoder.up.3.block.0": {
    "l2_value": 0.0004154557245783508,
    "cosine_value": 0.19800418615341187,
    "shape": [
      1,
      512,
      64,
      64
    ],
    "method": "Both"
  },
  "decoder.up.3.block.1": {
    "l2_value": 0.0004353150725364685,
    "cosine_value": 0.2022349238395691,
    "shape": [
      1,
      512,
      64,
      64
    ],
    "method": "Both"
  },
  "decoder.up.3.block.2": {
    "l2_value": 0.0004042930668219924,
    "cosine_value": 0.21845966577529907,
    "shape": [
      1,
      512,
      64,
      64
    ],
    "method": "Both"
  },
  "decoder.up.3.upsample": {
    "l2_value": 0.0006888862699270248,
    "cosine_value": 0.1733187437057495,
    "shape": [
      1,
      512,
      128,
      128
    ],
    "method": "Both"
  },
  "decoder.conv_out": {
    "l2_value": 0.0002581698354333639,
    "cosine_value": 0.05253344774246216,
    "shape": [
      1,
      3,
      512,
      512
    ],
    "method": "Both"
  }
}