{
  "decoder.conv_in": {
    "l2_value": 0.0005974752712063491,
    "cosine_value": 0.2803586721420288,
    "shape": [
      1,
      512,
      64,
      64
    ],
    "method": "Both"
  },
  "decoder.mid.block_1": {
    "l2_value": 0.000578593579120934,
    "cosine_value": 0.26270705461502075,
    "shape": [
      1,
      512,
      64,
      64
    ],
    "method": "Both"
  },
  "decoder.mid.attn_1": {
    "l2_value": 0.0005708588287234306,
    "cosine_value": 0.2510376572608948,
    "shape": [
      1,
      512,
      64,
      64
    ],
    "method": "Both"
  },
  "decoder.mid.block_2": {
    "l2_value": 0.0005922963027842343,
    "cosine_value": 0.25123709440231323,
    "shape": [
      1,
      512,
      64,
      64
    ],
    "method": "Both"
  },
  "decoder.up.0.block.0": {
    "l2_value": 0.0024130751844495535,
    "cosine_value": 0.07042115926742554,
    "shape": [
      1,
      128,
      512,
      512
    ],
    "method": "Both"
  },
  "decoder.up.0.block.1": {
    "l2_value": 0.002547983080148697,
    "cosine_value": 0.0637660026550293,
    "shape": [
      1,
      128,
      512,
      512
    ],
    "method": "Both"
  },
  "decoder.up.0.block.2": {
    "l2_value": 0.0026854448951780796,
    "cosine_value": 0.05580204725265503,
    "shape": [
      1,
      128,
      512,
      512
    ],
    "method": "Both"
  },
  "decoder.up.1.block.0": {
    "l2_value": 0.0013086545513942838,
    "cosine_value": 0.15085071325302124,
    "shape": [
      1,
      256,
      256,
      256
    ],
    "method": "Both"
  },
  "decoder.up.1.block.1": {
    "l2_value": 0.0013442544732242823,
    "cosine_value": 0.161515474319458,
    "shape": [
      1,
      256,
      256,
      256
    ],
    "method": "Both"
  },
  "decoder.up.1.block.2": {
    "l2_value": 0.0012486731866374612,
    "cosine_value": 0.1633005142211914,
    "shape": [
      1,
      256,
      256,
      256
    ],
    "method": "Both"
  },
  "decoder.up.1.upsample": {
    "l2_value": 0.0015280010411515832,
    "cosine_value": 0.1398714780807495,
    "shape": [
      1,
      256,
      512,
      512
    ],
    "method": "Both"
  },
  "decoder.up.2.block.0": {
    "l2_value": 0.0010635997168719769,
    "cosine_value": 0.21726137399673462,
    "shape": [
      1,
      512,
      128,
      128
    ],
    "method": "Both"
  },
  "decoder.up.2.block.1": {
    "l2_value": 0.001105208764784038,
    "cosine_value": 0.22092992067337036,
    "shape": [
      1,
      512,
      128,
      128
    ],
    "method": "Both"
  },
  "decoder.up.2.block.2": {
    "l2_value": 0.0009880472207441926,
    "cosine_value": 0.22744792699813843,
    "shape": [
      1,
      512,
      128,
      128
    ],
    "method": "Both"
  },
  "decoder.up.2.upsample": {
    "l2_value": 0.0015186337986961007,
    "cosine_value": 0.19142383337020874,
    "shape": [
      1,
      512,
      256,
      256
    ],
    "method": "Both"
  },
  "decoder.up.3.block.0": {
    "l2_value": 0.0006442173616960645,
    "cosine_value": 0.2642848491668701,
    "shape": [
      1,
      512,
      64,
      64
    ],
    "method": "Both"
  },
  "decoder.up.3.block.1": {
    "l2_value": 0.0006733541376888752,
    "cosine_value": 0.2782546877861023,
    "shape": [
      1,
      512,
      64,
      64
    ],
    "method": "Both"
  },
  "decoder.up.3.block.2": {
    "l2_value": 0.0006087899673730135,
    "cosine_value": 0.27130579948425293,
    "shape": [
      1,
      512,
      64,
      64
    ],
    "method": "Both"
  },
  "decoder.up.3.upsample": {
    "l2_value": 0.0010780335869640112,
    "cosine_value": 0.2325378656387329,
    "shape": [
      1,
      512,
      128,
      128
    ],
    "method": "Both"
  },
  "decoder.conv_out": {
    "l2_value": 0.00025761026578644913,
    "cosine_value": 0.049505531787872314,
    "shape": [
      1,
      3,
      512,
      512
    ],
    "method": "Both"
  }
}