{
  "decoder.conv_in": {
    "l2_value": 0.00019953139417339116,
    "cosine_value": 0.11431097984313965,
    "shape": [
      1,
      512,
      64,
      64
    ],
    "method": "Both"
  },
  "decoder.mid.block_1": {
    "l2_value": 0.0002294537698617205,
    "cosine_value": 0.08470702171325684,
    "shape": [
      1,
      512,
      64,
      64
    ],
    "method": "Both"
  },
  "decoder.mid.attn_1": {
    "l2_value": 0.0002311433490831405,
    "cosine_value": 0.07877641916275024,
    "shape": [
      1,
      512,
      64,
      64
    ],
    "method": "Both"
  },
  "decoder.mid.block_2": {
    "l2_value": 0.0002511419006623328,
    "cosine_value": 0.08377385139465332,
    "shape": [
      1,
      512,
      64,
      64
    ],
    "method": "Both"
  },
  "decoder.up.0.block.0": {
    "l2_value": 0.004719691351056099,
    "cosine_value": 0.5461461246013641,
    "shape": [
      1,
      128,
      512,
      512
    ],
    "method": "Both"
  },
  "decoder.up.0.block.1": {
    "l2_value": 0.005860305856913328,
    "cosine_value": 0.6081610918045044,
    "shape": [
      1,
      128,
      512,
      512
    ],
    "method": "Both"
  },
  "decoder.up.0.block.2": {
    "l2_value": 0.007176968734711409,
    "cosine_value": 0.6539948880672455,
    "shape": [
      1,
      128,
      512,
      512
    ],
    "method": "Both"
  },
  "decoder.up.1.block.0": {
    "l2_value": 0.000608601258136332,
    "cosine_value": 0.05504852533340454,
    "shape": [
      1,
      256,
      256,
      256
    ],
    "method": "Both"
  },
  "decoder.up.1.block.1": {
    "l2_value": 0.0006216478068381548,
    "cosine_value": 0.05607479810714722,
    "shape": [
      1,
      256,
      256,
      256
    ],
    "method": "Both"
  },
  "decoder.up.1.block.2": {
    "l2_value": 0.0005811859737150371,
    "cosine_value": 0.06443721055984497,
    "shape": [
      1,
      256,
      256,
      256
    ],
    "method": "Both"
  },
  "decoder.up.1.upsample": {
    "l2_value": 0.000961227051448077,
    "cosine_value": 0.11141479015350342,
    "shape": [
      1,
      256,
      512,
      512
    ],
    "method": "Both"
  },
  "decoder.up.2.block.0": {
    "l2_value": 0.0004741149896290153,
    "cosine_value": 0.07231312990188599,
    "shape": [
      1,
      512,
      128,
      128
    ],
    "method": "Both"
  },
  "decoder.up.2.block.1": {
    "l2_value": 0.0004953046445734799,
    "cosine_value": 0.07689982652664185,
    "shape": [
      1,
      512,
      128,
      128
    ],
    "method": "Both"
  },
  "decoder.up.2.block.2": {
    "l2_value": 0.00044274874380789697,
    "cosine_value": 0.08821415901184082,
    "shape": [
      1,
      512,
      128,
      128
    ],
    "method": "Both"
  },
  "decoder.up.2.upsample": {
    "l2_value": 0.0006917485734447837,
    "cosine_value": 0.07565432786941528,
    "shape": [
      1,
      512,
      256,
      256
    ],
    "method": "Both"
  },
  "decoder.up.3.block.0": {
    "l2_value": 0.00028869250672869384,
    "cosine_value": 0.094532310962677,
    "shape": [
      1,
      512,
      64,
      64
    ],
    "method": "Both"
  },
  "decoder.up.3.block.1": {
    "l2_value": 0.00029903306858614087,
    "cosine_value": 0.09383285045623779,
    "shape": [
      1,
      512,
      64,
      64
    ],
    "method": "Both"
  },
  "decoder.up.3.block.2": {
    "l2_value": 0.00027652920107357204,
    "cosine_value": 0.0995950698852539,
    "shape": [
      1,
      512,
      64,
      64
    ],
    "method": "Both"
  },
  "decoder.up.3.upsample": {
    "l2_value": 0.0004753943358082324,
    "cosine_value": 0.08126991987228394,
    "shape": [
      1,
      512,
      128,
      128
    ],
    "method": "Both"
  },
  "decoder.conv_out": {
    "l2_value": 0.00016543014983957013,
    "cosine_value": 0.03414338827133179,
    "shape": [
      1,
      3,
      512,
      512
    ],
    "method": "Both"
  }
}