{
  "decoder.conv_in": {
    "l2_value": 0.00036657025339081883,
    "cosine_value": 0.10246056318283081,
    "shape": [
      1,
      512,
      64,
      64
    ],
    "method": "Both"
  },
  "decoder.mid.block_1": {
    "l2_value": 0.0003581037453841418,
    "cosine_value": 0.09628266096115112,
    "shape": [
      1,
      512,
      64,
      64
    ],
    "method": "Both"
  },
  "decoder.mid.attn_1": {
    "l2_value": 0.00035861635114997625,
    "cosine_value": 0.09703034162521362,
    "shape": [
      1,
      512,
      64,
      64
    ],
    "method": "Both"
  },
  "decoder.mid.block_2": {
    "l2_value": 0.00037761751445941627,
    "cosine_value": 0.10012608766555786,
    "shape": [
      1,
      512,
      64,
      64
    ],
    "method": "Both"
  },
  "decoder.up.0.block.0": {
    "l2_value": 0.0038728774525225163,
    "cosine_value": 0.18669593334197998,
    "shape": [
      1,
      128,
      512,
      512
    ],
    "method": "Both"
  },
  "decoder.up.0.block.1": {
    "l2_value": 0.004494129680097103,
    "cosine_value": 0.20127379894256592,
    "shape": [
      1,
      128,
      512,
      512
    ],
    "method": "Both"
  },
  "decoder.up.0.block.2": {
    "l2_value": 0.00523414695635438,
    "cosine_value": 0.21437954902648926,
    "shape": [
      1,
      128,
      512,
      512
    ],
    "method": "Both"
  },
  "decoder.up.1.block.0": {
    "l2_value": 0.0007789588416926563,
    "cosine_value": 0.05710494518280029,
    "shape": [
      1,
      256,
      256,
      256
    ],
    "method": "Both"
  },
  "decoder.up.1.block.1": {
    "l2_value": 0.0008135567186400294,
    "cosine_value": 0.06305378675460815,
    "shape": [
      1,
      256,
      256,
      256
    ],
    "method": "Both"
  },
  "decoder.up.1.block.2": {
    "l2_value": 0.0007665478042326868,
    "cosine_value": 0.06652045249938965,
    "shape": [
      1,
      256,
      256,
      256
    ],
    "method": "Both"
  },
  "decoder.up.1.upsample": {
    "l2_value": 0.0011900204699486494,
    "cosine_value": 0.08797383308410645,
    "shape": [
      1,
      256,
      512,
      512
    ],
    "method": "Both"
  },
  "decoder.up.2.block.0": {
    "l2_value": 0.0006667411071248353,
    "cosine_value": 0.08376610279083252,
    "shape": [
      1,
      512,
      128,
      128
    ],
    "method": "Both"
  },
  "decoder.up.2.block.1": {
    "l2_value": 0.0006863446324132383,
    "cosine_value": 0.08467346429824829,
    "shape": [
      1,
      512,
      128,
      128
    ],
    "method": "Both"
  },
  "decoder.up.2.block.2": {
    "l2_value": 0.0006023895693942904,
    "cosine_value": 0.08539915084838867,
    "shape": [
      1,
      512,
      128,
      128
    ],
    "method": "Both"
  },
  "decoder.up.2.upsample": {
    "l2_value": 0.0009112970437854528,
    "cosine_value": 0.07046574354171753,
    "shape": [
      1,
      512,
      256,
      256
    ],
    "method": "Both"
  },
  "decoder.up.3.block.0": {
    "l2_value": 0.0004190838662907481,
    "cosine_value": 0.10943973064422607,
    "shape": [
      1,
      512,
      64,
      64
    ],
    "method": "Both"
  },
  "decoder.up.3.block.1": {
    "l2_value": 0.00043308830936439335,
    "cosine_value": 0.11215341091156006,
    "shape": [
      1,
      512,
      64,
      64
    ],
    "method": "Both"
  },
  "decoder.up.3.block.2": {
    "l2_value": 0.00038231900543905795,
    "cosine_value": 0.10371053218841553,
    "shape": [
      1,
      512,
      64,
      64
    ],
    "method": "Both"
  },
  "decoder.up.3.upsample": {
    "l2_value": 0.0006762451375834644,
    "cosine_value": 0.09000641107559204,
    "shape": [
      1,
      512,
      128,
      128
    ],
    "method": "Both"
  },
  "decoder.conv_out": {
    "l2_value": 0.0001633293383444349,
    "cosine_value": 0.032388389110565186,
    "shape": [
      1,
      3,
      512,
      512
    ],
    "method": "Both"
  }
}