{
  "decoder.conv_in": {
    "l2_value": 0.00015878082194831222,
    "cosine_value": 0.0730137825012207,
    "shape": [
      1,
      512,
      64,
      64
    ],
    "method": "Both"
  },
  "decoder.mid.block_1": {
    "l2_value": 0.00017263737390749156,
    "cosine_value": 0.04984164237976074,
    "shape": [
      1,
      512,
      64,
      64
    ],
    "method": "Both"
  },
  "decoder.mid.attn_1": {
    "l2_value": 0.00017320175538770854,
    "cosine_value": 0.04421812295913696,
    "shape": [
      1,
      512,
      64,
      64
    ],
    "method": "Both"
  },
  "decoder.mid.block_2": {
    "l2_value": 0.0001859204494394362,
    "cosine_value": 0.04635941982269287,
    "shape": [
      1,
      512,
      64,
      64
    ],
    "method": "Both"
  },
  "decoder.up.0.block.0": {
    "l2_value": 0.0005693016573786736,
    "cosine_value": 0.007983088493347168,
    "shape": [
      1,
      128,
      512,
      512
    ],
    "method": "Both"
  },
  "decoder.up.0.block.1": {
    "l2_value": 0.0005775378085672855,
    "cosine_value": 0.0059372782707214355,
    "shape": [
      1,
      128,
      512,
      512
    ],
    "method": "Both"
  },
  "decoder.up.0.block.2": {
    "l2_value": 0.0005948496982455254,
    "cosine_value": 0.0045133233070373535,
    "shape": [
      1,
      128,
      512,
      512
    ],
    "method": "Both"
  },
  "decoder.up.1.block.0": {
    "l2_value": 0.0004744143516290933,
    "cosine_value": 0.033303678035736084,
    "shape": [
      1,
      256,
      256,
      256
    ],
    "method": "Both"
  },
  "decoder.up.1.block.1": {
    "l2_value": 0.0004798898589797318,
    "cosine_value": 0.033381104469299316,
    "shape": [
      1,
      256,
      256,
      256
    ],
    "method": "Both"
  },
  "decoder.up.1.block.2": {
    "l2_value": 0.00042174317059107125,
    "cosine_value": 0.03419727087020874,
    "shape": [
      1,
      256,
      256,
      256
    ],
    "method": "Both"
  },
  "decoder.up.1.upsample": {
    "l2_value": 0.00043961245683021843,
    "cosine_value": 0.0233648419380188,
    "shape": [
      1,
      256,
      512,
      512
    ],
    "method": "Both"
  },
  "decoder.up.2.block.0": {
    "l2_value": 0.00037406187038868666,
    "cosine_value": 0.04501080513000488,
    "shape": [
      1,
      512,
      128,
      128
    ],
    "method": "Both"
  },
  "decoder.up.2.block.1": {
    "l2_value": 0.0003911826352123171,
    "cosine_value": 0.04844015836715698,
    "shape": [
      1,
      512,
      128,
      128
    ],
    "method": "Both"
  },
  "decoder.up.2.block.2": {
    "l2_value": 0.00034781175781972706,
    "cosine_value": 0.055999934673309326,
    "shape": [
      1,
      512,
      128,
      128
    ],
    "method": "Both"
  },
  "decoder.up.2.upsample": {
    "l2_value": 0.0005440681125037372,
    "cosine_value": 0.047736287117004395,
    "shape": [
      1,
      512,
      256,
      256
    ],
    "method": "Both"
  },
  "decoder.up.3.block.0": {
    "l2_value": 0.00021655498130712658,
    "cosine_value": 0.05414891242980957,
    "shape": [
      1,
      512,
      64,
      64
    ],
    "method": "Both"
  },
  "decoder.up.3.block.1": {
    "l2_value": 0.00022884811914991587,
    "cosine_value": 0.05574518442153931,
    "shape": [
      1,
      512,
      64,
      64
    ],
    "method": "Both"
  },
  "decoder.up.3.block.2": {
    "l2_value": 0.00021298542560543865,
    "cosine_value": 0.060611188411712646,
    "shape": [
      1,
      512,
      64,
      64
    ],
    "method": "Both"
  },
  "decoder.up.3.upsample": {
    "l2_value": 0.00037638432695530355,
    "cosine_value": 0.0504109263420105,
    "shape": [
      1,
      512,
      128,
      128
    ],
    "method": "Both"
  },
  "decoder.conv_out": {
    "l2_value": 0.00013722736427250007,
    "cosine_value": 0.021933555603027344,
    "shape": [
      1,
      3,
      512,
      512
    ],
    "method": "Both"
  }
}