{
  "decoder.conv_in": {
    "l2_value": 0.0002890041214413941,
    "cosine_value": 0.0659799575805664,
    "shape": [
      1,
      512,
      64,
      64
    ],
    "method": "Both"
  },
  "decoder.mid.block_1": {
    "l2_value": 0.0002661477483343333,
    "cosine_value": 0.056529104709625244,
    "shape": [
      1,
      512,
      64,
      64
    ],
    "method": "Both"
  },
  "decoder.mid.attn_1": {
    "l2_value": 0.0002656099677551538,
    "cosine_value": 0.05535179376602173,
    "shape": [
      1,
      512,
      64,
      64
    ],
    "method": "Both"
  },
  "decoder.mid.block_2": {
    "l2_value": 0.0002793628955259919,
    "cosine_value": 0.05690640211105347,
    "shape": [
      1,
      512,
      64,
      64
    ],
    "method": "Both"
  },
  "decoder.up.0.block.0": {
    "l2_value": 0.000786013959441334,
    "cosine_value": 0.007888257503509521,
    "shape": [
      1,
      128,
      512,
      512
    ],
    "method": "Both"
  },
  "decoder.up.0.block.1": {
    "l2_value": 0.000801176589448005,
    "cosine_value": 0.006534397602081299,
    "shape": [
      1,
      128,
      512,
      512
    ],
    "method": "Both"
  },
  "decoder.up.0.block.2": {
    "l2_value": 0.0008247832884080708,
    "cosine_value": 0.005414366722106934,
    "shape": [
      1,
      128,
      512,
      512
    ],
    "method": "Both"
  },
  "decoder.up.1.block.0": {
    "l2_value": 0.0005707130767405033,
    "cosine_value": 0.03195488452911377,
    "shape": [
      1,
      256,
      256,
      256
    ],
    "method": "Both"
  },
  "decoder.up.1.block.1": {
    "l2_value": 0.000592499622143805,
    "cosine_value": 0.03507620096206665,
    "shape": [
      1,
      256,
      256,
      256
    ],
    "method": "Both"
  },
  "decoder.up.1.block.2": {
    "l2_value": 0.000544421433005482,
    "cosine_value": 0.03557091951370239,
    "shape": [
      1,
      256,
      256,
      256
    ],
    "method": "Both"
  },
  "decoder.up.1.upsample": {
    "l2_value": 0.0006148068350739777,
    "cosine_value": 0.025125563144683838,
    "shape": [
      1,
      256,
      512,
      512
    ],
    "method": "Both"
  },
  "decoder.up.2.block.0": {
    "l2_value": 0.0005143388989381492,
    "cosine_value": 0.05154585838317871,
    "shape": [
      1,
      512,
      128,
      128
    ],
    "method": "Both"
  },
  "decoder.up.2.block.1": {
    "l2_value": 0.0005287282401695848,
    "cosine_value": 0.05201047658920288,
    "shape": [
      1,
      512,
      128,
      128
    ],
    "method": "Both"
  },
  "decoder.up.2.block.2": {
    "l2_value": 0.00046011534868739545,
    "cosine_value": 0.05246400833129883,
    "shape": [
      1,
      512,
      128,
      128
    ],
    "method": "Both"
  },
  "decoder.up.2.upsample": {
    "l2_value": 0.000690651941113174,
    "cosine_value": 0.04252523183822632,
    "shape": [
      1,
      512,
      256,
      256
    ],
    "method": "Both"
  },
  "decoder.up.3.block.0": {
    "l2_value": 0.0003118530730716884,
    "cosine_value": 0.06281405687332153,
    "shape": [
      1,
      512,
      64,
      64
    ],
    "method": "Both"
  },
  "decoder.up.3.block.1": {
    "l2_value": 0.00032797842868603766,
    "cosine_value": 0.06680864095687866,
    "shape": [
      1,
      512,
      64,
      64
    ],
    "method": "Both"
  },
  "decoder.up.3.block.2": {
    "l2_value": 0.000295397883746773,
    "cosine_value": 0.06478381156921387,
    "shape": [
      1,
      512,
      64,
      64
    ],
    "method": "Both"
  },
  "decoder.up.3.upsample": {
    "l2_value": 0.0005317362956702709,
    "cosine_value": 0.05704456567764282,
    "shape": [
      1,
      512,
      128,
      128
    ],
    "method": "Both"
  },
  "decoder.conv_out": {
    "l2_value": 0.00013458026417841515,
    "cosine_value": 0.0202786922454834,
    "shape": [
      1,
      3,
      512,
      512
    ],
    "method": "Both"
  }
}