{
  "decoder.conv_in": {
    "l2_value": 0.0001752602111082524,
    "cosine_value": 0.11488765478134155,
    "shape": [
      1,
      512,
      64,
      64
    ],
    "method": "Both"
  },
  "decoder.mid.block_1": {
    "l2_value": 0.0002156883419957012,
    "cosine_value": 0.08927935361862183,
    "shape": [
      1,
      512,
      64,
      64
    ],
    "method": "Both"
  },
  "decoder.mid.attn_1": {
    "l2_value": 0.00021292545716278255,
    "cosine_value": 0.07443296909332275,
    "shape": [
      1,
      512,
      64,
      64
    ],
    "method": "Both"
  },
  "decoder.mid.block_2": {
    "l2_value": 0.00021690709399990737,
    "cosine_value": 0.07057273387908936,
    "shape": [
      1,
      512,
      64,
      64
    ],
    "method": "Both"
  },
  "decoder.up.0.block.0": {
    "l2_value": 0.004747019615024328,
    "cosine_value": 0.5448324680328369,
    "shape": [
      1,
      128,
      512,
      512
    ],
    "method": "Both"
  },
  "decoder.up.0.block.1": {
    "l2_value": 0.005747891031205654,
    "cosine_value": 0.5769135057926178,
    "shape": [
      1,
      128,
      512,
      512
    ],
    "method": "Both"
  },
  "decoder.up.0.block.2": {
    "l2_value": 0.006913416087627411,
    "cosine_value": 0.5957107841968536,
    "shape": [
      1,
      128,
      512,
      512
    ],
    "method": "Both"
  },
  "decoder.up.1.block.0": {
    "l2_value": 0.000570355448871851,
    "cosine_value": 0.055074334144592285,
    "shape": [
      1,
      256,
      256,
      256
    ],
    "method": "Both"
  },
  "decoder.up.1.block.1": {
    "l2_value": 0.0005851094610989094,
    "cosine_value": 0.05631721019744873,
    "shape": [
      1,
      256,
      256,
      256
    ],
    "method": "Both"
  },
  "decoder.up.1.block.2": {
    "l2_value": 0.000568704679608345,
    "cosine_value": 0.07260632514953613,
    "shape": [
      1,
      256,
      256,
      256
    ],
    "method": "Both"
  },
  "decoder.up.1.upsample": {
    "l2_value": 0.0010318425484001637,
    "cosine_value": 0.14613574743270874,
    "shape": [
      1,
      256,
      512,
      512
    ],
    "method": "Both"
  },
  "decoder.up.2.block.0": {
    "l2_value": 0.00038852173020131886,
    "cosine_value": 0.054934918880462646,
    "shape": [
      1,
      512,
      128,
      128
    ],
    "method": "Both"
  },
  "decoder.up.2.block.1": {
    "l2_value": 0.00040112665737979114,
    "cosine_value": 0.05754220485687256,
    "shape": [
      1,
      512,
      128,
      128
    ],
    "method": "Both"
  },
  "decoder.up.2.block.2": {
    "l2_value": 0.0003685502742882818,
    "cosine_value": 0.07400166988372803,
    "shape": [
      1,
      512,
      128,
      128
    ],
    "method": "Both"
  },
  "decoder.up.2.upsample": {
    "l2_value": 0.0005878170486539602,
    "cosine_value": 0.0661323070526123,
    "shape": [
      1,
      512,
      256,
      256
    ],
    "method": "Both"
  },
  "decoder.up.3.block.0": {
    "l2_value": 0.00023780188348609954,
    "cosine_value": 0.07192754745483398,
    "shape": [
      1,
      512,
      64,
      64
    ],
    "method": "Both"
  },
  "decoder.up.3.block.1": {
    "l2_value": 0.0002362914674449712,
    "cosine_value": 0.06616014242172241,
    "shape": [
      1,
      512,
      64,
      64
    ],
    "method": "Both"
  },
  "decoder.up.3.block.2": {
    "l2_value": 0.0002229492529295385,
    "cosine_value": 0.07577115297317505,
    "shape": [
      1,
      512,
      64,
      64
    ],
    "method": "Both"
  },
  "decoder.up.3.upsample": {
    "l2_value": 0.00038713993853889406,
    "cosine_value": 0.060794711112976074,
    "shape": [
      1,
      512,
      128,
      128
    ],
    "method": "Both"
  },
  "decoder.conv_out": {
    "l2_value": 0.0002178224385716021,
    "cosine_value": 0.09211105108261108,
    "shape": [
      1,
      3,
      512,
      512
    ],
    "method": "Both"
  }
}