{
  "decoder.conv_in": {
    "l2_value": 0.00013741842121817172,
    "cosine_value": 0.05924570560455322,
    "shape": [
      1,
      512,
      64,
      64
    ],
    "method": "Both"
  },
  "decoder.mid.block_1": {
    "l2_value": 0.0001475900789955631,
    "cosine_value": 0.03566849231719971,
    "shape": [
      1,
      512,
      64,
      64
    ],
    "method": "Both"
  },
  "decoder.mid.attn_1": {
    "l2_value": 0.00014628030476160347,
    "cosine_value": 0.032561421394348145,
    "shape": [
      1,
      512,
      64,
      64
    ],
    "method": "Both"
  },
  "decoder.mid.block_2": {
    "l2_value": 0.0001575205533299595,
    "cosine_value": 0.034233689308166504,
    "shape": [
      1,
      512,
      64,
      64
    ],
    "method": "Both"
  },
  "decoder.up.0.block.0": {
    "l2_value": 0.0005986181786283851,
    "cosine_value": 0.008222460746765137,
    "shape": [
      1,
      128,
      512,
      512
    ],
    "method": "Both"
  },
  "decoder.up.0.block.1": {
    "l2_value": 0.0005998839624226093,
    "cosine_value": 0.006010890007019043,
    "shape": [
      1,
      128,
      512,
      512
    ],
    "method": "Both"
  },
  "decoder.up.0.block.2": {
    "l2_value": 0.0006092012044973671,
    "cosine_value": 0.00445181131362915,
    "shape": [
      1,
      128,
      512,
      512
    ],
    "method": "Both"
  },
  "decoder.up.1.block.0": {
    "l2_value": 0.0004097895580343902,
    "cosine_value": 0.026377320289611816,
    "shape": [
      1,
      256,
      256,
      256
    ],
    "method": "Both"
  },
  "decoder.up.1.block.1": {
    "l2_value": 0.000414751295465976,
    "cosine_value": 0.02603602409362793,
    "shape": [
      1,
      256,
      256,
      256
    ],
    "method": "Both"
  },
  "decoder.up.1.block.2": {
    "l2_value": 0.0003776443481910974,
    "cosine_value": 0.02816551923751831,
    "shape": [
      1,
      256,
      256,
      256
    ],
    "method": "Both"
  },
  "decoder.up.1.upsample": {
    "l2_value": 0.00041482719825580716,
    "cosine_value": 0.021118581295013428,
    "shape": [
      1,
      256,
      512,
      512
    ],
    "method": "Both"
  },
  "decoder.up.2.block.0": {
    "l2_value": 0.00031557411421090364,
    "cosine_value": 0.03386479616165161,
    "shape": [
      1,
      512,
      128,
      128
    ],
    "method": "Both"
  },
  "decoder.up.2.block.1": {
    "l2_value": 0.0003324196732137352,
    "cosine_value": 0.036413609981536865,
    "shape": [
      1,
      512,
      128,
      128
    ],
    "method": "Both"
  },
  "decoder.up.2.block.2": {
    "l2_value": 0.0003002393350470811,
    "cosine_value": 0.04328179359436035,
    "shape": [
      1,
      512,
      128,
      128
    ],
    "method": "Both"
  },
  "decoder.up.2.upsample": {
    "l2_value": 0.0004669051559176296,
    "cosine_value": 0.03711378574371338,
    "shape": [
      1,
      512,
      256,
      256
    ],
    "method": "Both"
  },
  "decoder.up.3.block.0": {
    "l2_value": 0.00018333968182560056,
    "cosine_value": 0.03939598798751831,
    "shape": [
      1,
      512,
      64,
      64
    ],
    "method": "Both"
  },
  "decoder.up.3.block.1": {
    "l2_value": 0.000194796928553842,
    "cosine_value": 0.041211724281311035,
    "shape": [
      1,
      512,
      64,
      64
    ],
    "method": "Both"
  },
  "decoder.up.3.block.2": {
    "l2_value": 0.00018227123655378819,
    "cosine_value": 0.04549306631088257,
    "shape": [
      1,
      512,
      64,
      64
    ],
    "method": "Both"
  },
  "decoder.up.3.upsample": {
    "l2_value": 0.00031476846197620034,
    "cosine_value": 0.03733271360397339,
    "shape": [
      1,
      512,
      128,
      128
    ],
    "method": "Both"
  },
  "decoder.conv_out": {
    "l2_value": 0.00016427408748616776,
    "cosine_value": 0.031947433948516846,
    "shape": [
      1,
      3,
      512,
      512
    ],
    "method": "Both"
  }
}