{
  "decoder.conv_in": {
    "l2_value": 0.00021222011127974838,
    "cosine_value": 0.1592234969139099,
    "shape": [
      1,
      512,
      64,
      64
    ],
    "method": "Both"
  },
  "decoder.mid.block_1": {
    "l2_value": 0.0002456087968312204,
    "cosine_value": 0.1041266918182373,
    "shape": [
      1,
      512,
      64,
      64
    ],
    "method": "Both"
  },
  "decoder.mid.attn_1": {
    "l2_value": 0.00024240939819719642,
    "cosine_value": 0.09299784898757935,
    "shape": [
      1,
      512,
      64,
      64
    ],
    "method": "Both"
  },
  "decoder.mid.block_2": {
    "l2_value": 0.0002581130829639733,
    "cosine_value": 0.09497803449630737,
    "shape": [
      1,
      512,
      64,
      64
    ],
    "method": "Both"
  },
  "decoder.up.0.block.0": {
    "l2_value": 0.0029363748617470264,
    "cosine_value": 0.20288914442062378,
    "shape": [
      1,
      128,
      512,
      512
    ],
    "method": "Both"
  },
  "decoder.up.0.block.1": {
    "l2_value": 0.003548471024259925,
    "cosine_value": 0.21457403898239136,
    "shape": [
      1,
      128,
      512,
      512
    ],
    "method": "Both"
  },
  "decoder.up.0.block.2": {
    "l2_value": 0.004262119997292757,
    "cosine_value": 0.22217923402786255,
    "shape": [
      1,
      128,
      512,
      512
    ],
    "method": "Both"
  },
  "decoder.up.1.block.0": {
    "l2_value": 0.0006619714549742639,
    "cosine_value": 0.07016861438751221,
    "shape": [
      1,
      256,
      256,
      256
    ],
    "method": "Both"
  },
  "decoder.up.1.block.1": {
    "l2_value": 0.0006723609403707087,
    "cosine_value": 0.0697203278541565,
    "shape": [
      1,
      256,
      256,
      256
    ],
    "method": "Both"
  },
  "decoder.up.1.block.2": {
    "l2_value": 0.0006203201483003795,
    "cosine_value": 0.0780450701713562,
    "shape": [
      1,
      256,
      256,
      256
    ],
    "method": "Both"
  },
  "decoder.up.1.upsample": {
    "l2_value": 0.0008313501020893455,
    "cosine_value": 0.0867922306060791,
    "shape": [
      1,
      256,
      512,
      512
    ],
    "method": "Both"
  },
  "decoder.up.2.block.0": {
    "l2_value": 0.0004935468314215541,
    "cosine_value": 0.0855666995048523,
    "shape": [
      1,
      512,
      128,
      128
    ],
    "method": "Both"
  },
  "decoder.up.2.block.1": {
    "l2_value": 0.0005151109653525054,
    "cosine_value": 0.09021854400634766,
    "shape": [
      1,
      512,
      128,
      128
    ],
    "method": "Both"
  },
  "decoder.up.2.block.2": {
    "l2_value": 0.0004657892568502575,
    "cosine_value": 0.1078869104385376,
    "shape": [
      1,
      512,
      128,
      128
    ],
    "method": "Both"
  },
  "decoder.up.2.upsample": {
    "l2_value": 0.0007341595483012497,
    "cosine_value": 0.0946759581565857,
    "shape": [
      1,
      512,
      256,
      256
    ],
    "method": "Both"
  },
  "decoder.up.3.block.0": {
    "l2_value": 0.0002927919558715075,
    "cosine_value": 0.10341376066207886,
    "shape": [
      1,
      512,
      64,
      64
    ],
    "method": "Both"
  },
  "decoder.up.3.block.1": {
    "l2_value": 0.0003022176679223776,
    "cosine_value": 0.10238468647003174,
    "shape": [
      1,
      512,
      64,
      64
    ],
    "method": "Both"
  },
  "decoder.up.3.block.2": {
    "l2_value": 0.0002822071546688676,
    "cosine_value": 0.113375723361969,
    "shape": [
      1,
      512,
      64,
      64
    ],
    "method": "Both"
  },
  "decoder.up.3.upsample": {
    "l2_value": 0.0004912363365292549,
    "cosine_value": 0.09461241960525513,
    "shape": [
      1,
      512,
      128,
      128
    ],
    "method": "Both"
  },
  "decoder.conv_out": {
    "l2_value": 0.000242383840183417,
    "cosine_value": 0.07162123918533325,
    "shape": [
      1,
      3,
      512,
      512
    ],
    "method": "Both"
  }
}