{
  "decoder.conv_in": {
    "l2_value": 0.00015933958638925105,
    "cosine_value": 0.07698923349380493,
    "shape": [
      1,
      512,
      64,
      64
    ],
    "method": "Both"
  },
  "decoder.mid.block_1": {
    "l2_value": 0.00017556353122927248,
    "cosine_value": 0.05268508195877075,
    "shape": [
      1,
      512,
      64,
      64
    ],
    "method": "Both"
  },
  "decoder.mid.attn_1": {
    "l2_value": 0.00017437794303987175,
    "cosine_value": 0.046688973903656006,
    "shape": [
      1,
      512,
      64,
      64
    ],
    "method": "Both"
  },
  "decoder.mid.block_2": {
    "l2_value": 0.00018641952192410827,
    "cosine_value": 0.048187315464019775,
    "shape": [
      1,
      512,
      64,
      64
    ],
    "method": "Both"
  },
  "decoder.up.0.block.0": {
    "l2_value": 0.0006840641144663095,
    "cosine_value": 0.011220693588256836,
    "shape": [
      1,
      128,
      512,
      512
    ],
    "method": "Both"
  },
  "decoder.up.0.block.1": {
    "l2_value": 0.0007080073119141161,
    "cosine_value": 0.008708655834197998,
    "shape": [
      1,
      128,
      512,
      512
    ],
    "method": "Both"
  },
  "decoder.up.0.block.2": {
    "l2_value": 0.0007448262767866254,
    "cosine_value": 0.006891429424285889,
    "shape": [
      1,
      128,
      512,
      512
    ],
    "method": "Both"
  },
  "decoder.up.1.block.0": {
    "l2_value": 0.0004721525765489787,
    "cosine_value": 0.03442901372909546,
    "shape": [
      1,
      256,
      256,
      256
    ],
    "method": "Both"
  },
  "decoder.up.1.block.1": {
    "l2_value": 0.00047558132791891694,
    "cosine_value": 0.03389960527420044,
    "shape": [
      1,
      256,
      256,
      256
    ],
    "method": "Both"
  },
  "decoder.up.1.block.2": {
    "l2_value": 0.0004258219269104302,
    "cosine_value": 0.035811662673950195,
    "shape": [
      1,
      256,
      256,
      256
    ],
    "method": "Both"
  },
  "decoder.up.1.upsample": {
    "l2_value": 0.00046429791836999357,
    "cosine_value": 0.026651740074157715,
    "shape": [
      1,
      256,
      512,
      512
    ],
    "method": "Both"
  },
  "decoder.up.2.block.0": {
    "l2_value": 0.0003638840571511537,
    "cosine_value": 0.04480999708175659,
    "shape": [
      1,
      512,
      128,
      128
    ],
    "method": "Both"
  },
  "decoder.up.2.block.1": {
    "l2_value": 0.00038034122553654015,
    "cosine_value": 0.04771906137466431,
    "shape": [
      1,
      512,
      128,
      128
    ],
    "method": "Both"
  },
  "decoder.up.2.block.2": {
    "l2_value": 0.0003407926997169852,
    "cosine_value": 0.0562899112701416,
    "shape": [
      1,
      512,
      128,
      128
    ],
    "method": "Both"
  },
  "decoder.up.2.upsample": {
    "l2_value": 0.0005334427114576101,
    "cosine_value": 0.0479159951210022,
    "shape": [
      1,
      512,
      256,
      256
    ],
    "method": "Both"
  },
  "decoder.up.3.block.0": {
    "l2_value": 0.000211612437851727,
    "cosine_value": 0.05299961566925049,
    "shape": [
      1,
      512,
      64,
      64
    ],
    "method": "Both"
  },
  "decoder.up.3.block.1": {
    "l2_value": 0.0002218024746980518,
    "cosine_value": 0.05401968955993652,
    "shape": [
      1,
      512,
      64,
      64
    ],
    "method": "Both"
  },
  "decoder.up.3.block.2": {
    "l2_value": 0.00020746425434481353,
    "cosine_value": 0.059764564037323,
    "shape": [
      1,
      512,
      64,
      64
    ],
    "method": "Both"
  },
  "decoder.up.3.upsample": {
    "l2_value": 0.0003638605121523142,
    "cosine_value": 0.049517035484313965,
    "shape": [
      1,
      512,
      128,
      128
    ],
    "method": "Both"
  },
  "decoder.conv_out": {
    "l2_value": 0.0001613728430432578,
    "cosine_value": 0.031112849712371826,
    "shape": [
      1,
      3,
      512,
      512
    ],
    "method": "Both"
  }
}