{
  "decoder.conv_in": {
    "l2_value": 0.00025833872496150434,
    "cosine_value": 0.06231206655502319,
    "shape": [
      1,
      512,
      64,
      64
    ],
    "method": "Both"
  },
  "decoder.mid.block_1": {
    "l2_value": 0.00025407763314433396,
    "cosine_value": 0.05858659744262695,
    "shape": [
      1,
      512,
      64,
      64
    ],
    "method": "Both"
  },
  "decoder.mid.attn_1": {
    "l2_value": 0.0002606497146189213,
    "cosine_value": 0.05941879749298096,
    "shape": [
      1,
      512,
      64,
      64
    ],
    "method": "Both"
  },
  "decoder.mid.block_2": {
    "l2_value": 0.0002692202397156507,
    "cosine_value": 0.05879586935043335,
    "shape": [
      1,
      512,
      64,
      64
    ],
    "method": "Both"
  },
  "decoder.up.0.block.0": {
    "l2_value": 0.0008965048473328352,
    "cosine_value": 0.009731054306030273,
    "shape": [
      1,
      128,
      512,
      512
    ],
    "method": "Both"
  },
  "decoder.up.0.block.1": {
    "l2_value": 0.0009398967958986759,
    "cosine_value": 0.008553743362426758,
    "shape": [
      1,
      128,
      512,
      512
    ],
    "method": "Both"
  },
  "decoder.up.0.block.2": {
    "l2_value": 0.001004292513243854,
    "cosine_value": 0.007655143737792969,
    "shape": [
      1,
      128,
      512,
      512
    ],
    "method": "Both"
  },
  "decoder.up.1.block.0": {
    "l2_value": 0.0005696505540981889,
    "cosine_value": 0.035833537578582764,
    "shape": [
      1,
      256,
      256,
      256
    ],
    "method": "Both"
  },
  "decoder.up.1.block.1": {
    "l2_value": 0.0005768854171037674,
    "cosine_value": 0.03735947608947754,
    "shape": [
      1,
      256,
      256,
      256
    ],
    "method": "Both"
  },
  "decoder.up.1.block.2": {
    "l2_value": 0.0005317833856679499,
    "cosine_value": 0.03834313154220581,
    "shape": [
      1,
      256,
      256,
      256
    ],
    "method": "Both"
  },
  "decoder.up.1.upsample": {
    "l2_value": 0.0006326058646664023,
    "cosine_value": 0.02849721908569336,
    "shape": [
      1,
      256,
      512,
      512
    ],
    "method": "Both"
  },
  "decoder.up.2.block.0": {
    "l2_value": 0.0004967976128682494,
    "cosine_value": 0.05454897880554199,
    "shape": [
      1,
      512,
      128,
      128
    ],
    "method": "Both"
  },
  "decoder.up.2.block.1": {
    "l2_value": 0.000515951425768435,
    "cosine_value": 0.05502188205718994,
    "shape": [
      1,
      512,
      128,
      128
    ],
    "method": "Both"
  },
  "decoder.up.2.block.2": {
    "l2_value": 0.00045028203749097884,
    "cosine_value": 0.05661332607269287,
    "shape": [
      1,
      512,
      128,
      128
    ],
    "method": "Both"
  },
  "decoder.up.2.upsample": {
    "l2_value": 0.0006853279774077237,
    "cosine_value": 0.04775357246398926,
    "shape": [
      1,
      512,
      256,
      256
    ],
    "method": "Both"
  },
  "decoder.up.3.block.0": {
    "l2_value": 0.00029336384613998234,
    "cosine_value": 0.06107640266418457,
    "shape": [
      1,
      512,
      64,
      64
    ],
    "method": "Both"
  },
  "decoder.up.3.block.1": {
    "l2_value": 0.0003073221305385232,
    "cosine_value": 0.06480574607849121,
    "shape": [
      1,
      512,
      64,
      64
    ],
    "method": "Both"
  },
  "decoder.up.3.block.2": {
    "l2_value": 0.0002781561342999339,
    "cosine_value": 0.06539201736450195,
    "shape": [
      1,
      512,
      64,
      64
    ],
    "method": "Both"
  },
  "decoder.up.3.upsample": {
    "l2_value": 0.0005005259299650788,
    "cosine_value": 0.05837702751159668,
    "shape": [
      1,
      512,
      128,
      128
    ],
    "method": "Both"
  },
  "decoder.conv_out": {
    "l2_value": 0.0001240919518750161,
    "cosine_value": 0.02049154043197632,
    "shape": [
      1,
      3,
      512,
      512
    ],
    "method": "Both"
  }
}