{
  "decoder.conv_in": {
    "l2_value": 0.00035945503623224795,
    "cosine_value": 0.12228769063949585,
    "shape": [
      1,
      512,
      64,
      64
    ],
    "method": "Both"
  },
  "decoder.mid.block_1": {
    "l2_value": 0.00034018789301626384,
    "cosine_value": 0.10840141773223877,
    "shape": [
      1,
      512,
      64,
      64
    ],
    "method": "Both"
  },
  "decoder.mid.attn_1": {
    "l2_value": 0.00034020209568552673,
    "cosine_value": 0.10248112678527832,
    "shape": [
      1,
      512,
      64,
      64
    ],
    "method": "Both"
  },
  "decoder.mid.block_2": {
    "l2_value": 0.0003549304383341223,
    "cosine_value": 0.10224241018295288,
    "shape": [
      1,
      512,
      64,
      64
    ],
    "method": "Both"
  },
  "decoder.up.0.block.0": {
    "l2_value": 0.002640536753460765,
    "cosine_value": 0.09306871891021729,
    "shape": [
      1,
      128,
      512,
      512
    ],
    "method": "Both"
  },
  "decoder.up.0.block.1": {
    "l2_value": 0.0029837593901902437,
    "cosine_value": 0.09427052736282349,
    "shape": [
      1,
      128,
      512,
      512
    ],
    "method": "Both"
  },
  "decoder.up.0.block.2": {
    "l2_value": 0.0033931825309991837,
    "cosine_value": 0.09469348192214966,
    "shape": [
      1,
      128,
      512,
      512
    ],
    "method": "Both"
  },
  "decoder.up.1.block.0": {
    "l2_value": 0.0007503171218559146,
    "cosine_value": 0.06561797857284546,
    "shape": [
      1,
      256,
      256,
      256
    ],
    "method": "Both"
  },
  "decoder.up.1.block.1": {
    "l2_value": 0.0007761431625112891,
    "cosine_value": 0.07203710079193115,
    "shape": [
      1,
      256,
      256,
      256
    ],
    "method": "Both"
  },
  "decoder.up.1.block.2": {
    "l2_value": 0.0007262732833623886,
    "cosine_value": 0.07861959934234619,
    "shape": [
      1,
      256,
      256,
      256
    ],
    "method": "Both"
  },
  "decoder.up.1.upsample": {
    "l2_value": 0.0010022830683737993,
    "cosine_value": 0.07983219623565674,
    "shape": [
      1,
      256,
      512,
      512
    ],
    "method": "Both"
  },
  "decoder.up.2.block.0": {
    "l2_value": 0.0006338290986604989,
    "cosine_value": 0.08668291568756104,
    "shape": [
      1,
      512,
      128,
      128
    ],
    "method": "Both"
  },
  "decoder.up.2.block.1": {
    "l2_value": 0.0006527608493342996,
    "cosine_value": 0.08739936351776123,
    "shape": [
      1,
      512,
      128,
      128
    ],
    "method": "Both"
  },
  "decoder.up.2.block.2": {
    "l2_value": 0.0005743755027651787,
    "cosine_value": 0.09599447250366211,
    "shape": [
      1,
      512,
      128,
      128
    ],
    "method": "Both"
  },
  "decoder.up.2.upsample": {
    "l2_value": 0.0008732210844755173,
    "cosine_value": 0.08120518922805786,
    "shape": [
      1,
      512,
      256,
      256
    ],
    "method": "Both"
  },
  "decoder.up.3.block.0": {
    "l2_value": 0.0003914346161764115,
    "cosine_value": 0.10829854011535645,
    "shape": [
      1,
      512,
      64,
      64
    ],
    "method": "Both"
  },
  "decoder.up.3.block.1": {
    "l2_value": 0.0004079742357134819,
    "cosine_value": 0.11353552341461182,
    "shape": [
      1,
      512,
      64,
      64
    ],
    "method": "Both"
  },
  "decoder.up.3.block.2": {
    "l2_value": 0.0003654300235211849,
    "cosine_value": 0.11283129453659058,
    "shape": [
      1,
      512,
      64,
      64
    ],
    "method": "Both"
  },
  "decoder.up.3.upsample": {
    "l2_value": 0.0006529680103994906,
    "cosine_value": 0.09491163492202759,
    "shape": [
      1,
      512,
      128,
      128
    ],
    "method": "Both"
  },
  "decoder.conv_out": {
    "l2_value": 0.000184988040321817,
    "cosine_value": 0.05253434181213379,
    "shape": [
      1,
      3,
      512,
      512
    ],
    "method": "Both"
  }
}