{
  "decoder.conv_in": {
    "l2_value": 0.00026340750628151,
    "cosine_value": 0.25582629442214966,
    "shape": [
      1,
      512,
      64,
      64
    ],
    "method": "Both"
  },
  "decoder.mid.block_1": {
    "l2_value": 0.0002939984551630914,
    "cosine_value": 0.1614137887954712,
    "shape": [
      1,
      512,
      64,
      64
    ],
    "method": "Both"
  },
  "decoder.mid.attn_1": {
    "l2_value": 0.0002937413228210062,
    "cosine_value": 0.14136093854904175,
    "shape": [
      1,
      512,
      64,
      64
    ],
    "method": "Both"
  },
  "decoder.mid.block_2": {
    "l2_value": 0.00030782452085986733,
    "cosine_value": 0.1410263180732727,
    "shape": [
      1,
      512,
      64,
      64
    ],
    "method": "Both"
  },
  "decoder.up.0.block.0": {
    "l2_value": 0.001958842622116208,
    "cosine_value": 0.08904498815536499,
    "shape": [
      1,
      128,
      512,
      512
    ],
    "method": "Both"
  },
  "decoder.up.0.block.1": {
    "l2_value": 0.0022326826583594084,
    "cosine_value": 0.08406347036361694,
    "shape": [
      1,
      128,
      512,
      512
    ],
    "method": "Both"
  },
  "decoder.up.0.block.2": {
    "l2_value": 0.002586801303550601,
    "cosine_value": 0.08050572872161865,
    "shape": [
      1,
      128,
      512,
      512
    ],
    "method": "Both"
  },
  "decoder.up.1.block.0": {
    "l2_value": 0.000796178006567061,
    "cosine_value": 0.11121475696563721,
    "shape": [
      1,
      256,
      256,
      256
    ],
    "method": "Both"
  },
  "decoder.up.1.block.1": {
    "l2_value": 0.0008027778821997344,
    "cosine_value": 0.10974311828613281,
    "shape": [
      1,
      256,
      256,
      256
    ],
    "method": "Both"
  },
  "decoder.up.1.block.2": {
    "l2_value": 0.0007297589909285307,
    "cosine_value": 0.1231423020362854,
    "shape": [
      1,
      256,
      256,
      256
    ],
    "method": "Both"
  },
  "decoder.up.1.upsample": {
    "l2_value": 0.0008504238212481141,
    "cosine_value": 0.10061711072921753,
    "shape": [
      1,
      256,
      512,
      512
    ],
    "method": "Both"
  },
  "decoder.up.2.block.0": {
    "l2_value": 0.0005960987764410675,
    "cosine_value": 0.1295158863067627,
    "shape": [
      1,
      512,
      128,
      128
    ],
    "method": "Both"
  },
  "decoder.up.2.block.1": {
    "l2_value": 0.000623621919658035,
    "cosine_value": 0.13845902681350708,
    "shape": [
      1,
      512,
      128,
      128
    ],
    "method": "Both"
  },
  "decoder.up.2.block.2": {
    "l2_value": 0.0005624911282211542,
    "cosine_value": 0.17216622829437256,
    "shape": [
      1,
      512,
      128,
      128
    ],
    "method": "Both"
  },
  "decoder.up.2.upsample": {
    "l2_value": 0.0008919663960114121,
    "cosine_value": 0.15282869338989258,
    "shape": [
      1,
      512,
      256,
      256
    ],
    "method": "Both"
  },
  "decoder.up.3.block.0": {
    "l2_value": 0.0003479683946352452,
    "cosine_value": 0.15202641487121582,
    "shape": [
      1,
      512,
      64,
      64
    ],
    "method": "Both"
  },
  "decoder.up.3.block.1": {
    "l2_value": 0.0003634521854110062,
    "cosine_value": 0.15469574928283691,
    "shape": [
      1,
      512,
      64,
      64
    ],
    "method": "Both"
  },
  "decoder.up.3.block.2": {
    "l2_value": 0.00034010555827990174,
    "cosine_value": 0.1743028163909912,
    "shape": [
      1,
      512,
      64,
      64
    ],
    "method": "Both"
  },
  "decoder.up.3.upsample": {
    "l2_value": 0.0005974365049041808,
    "cosine_value": 0.14460879564285278,
    "shape": [
      1,
      512,
      128,
      128
    ],
    "method": "Both"
  },
  "decoder.conv_out": {
    "l2_value": 0.0002969139604829252,
    "cosine_value": 0.19822955131530762,
    "shape": [
      1,
      3,
      512,
      512
    ],
    "method": "Both"
  }
}