{
  "decoder.conv_in": {
    "l2_value": 0.0003072108083870262,
    "cosine_value": 0.0826607346534729,
    "shape": [
      1,
      512,
      64,
      64
    ],
    "method": "Both"
  },
  "decoder.mid.block_1": {
    "l2_value": 0.000380875077098608,
    "cosine_value": 0.12449878454208374,
    "shape": [
      1,
      512,
      64,
      64
    ],
    "method": "Both"
  },
  "decoder.mid.attn_1": {
    "l2_value": 0.0003802100254688412,
    "cosine_value": 0.12138956785202026,
    "shape": [
      1,
      512,
      64,
      64
    ],
    "method": "Both"
  },
  "decoder.mid.block_2": {
    "l2_value": 0.0003762062406167388,
    "cosine_value": 0.1102520227432251,
    "shape": [
      1,
      512,
      64,
      64
    ],
    "method": "Both"
  },
  "decoder.up.0.block.0": {
    "l2_value": 0.007309483364224434,
    "cosine_value": 0.6374877393245697,
    "shape": [
      1,
      128,
      512,
      512
    ],
    "method": "Both"
  },
  "decoder.up.0.block.1": {
    "l2_value": 0.008422951214015484,
    "cosine_value": 0.6779992878437042,
    "shape": [
      1,
      128,
      512,
      512
    ],
    "method": "Both"
  },
  "decoder.up.0.block.2": {
    "l2_value": 0.009734775871038437,
    "cosine_value": 0.708871603012085,
    "shape": [
      1,
      128,
      512,
      512
    ],
    "method": "Both"
  },
  "decoder.up.1.block.0": {
    "l2_value": 0.0008900773245841265,
    "cosine_value": 0.08286309242248535,
    "shape": [
      1,
      256,
      256,
      256
    ],
    "method": "Both"
  },
  "decoder.up.1.block.1": {
    "l2_value": 0.0009147470118477941,
    "cosine_value": 0.08874475955963135,
    "shape": [
      1,
      256,
      256,
      256
    ],
    "method": "Both"
  },
  "decoder.up.1.block.2": {
    "l2_value": 0.000896455894690007,
    "cosine_value": 0.1021120548248291,
    "shape": [
      1,
      256,
      256,
      256
    ],
    "method": "Both"
  },
  "decoder.up.1.upsample": {
    "l2_value": 0.001963326008990407,
    "cosine_value": 0.26077938079833984,
    "shape": [
      1,
      256,
      512,
      512
    ],
    "method": "Both"
  },
  "decoder.up.2.block.0": {
    "l2_value": 0.0005677635199390352,
    "cosine_value": 0.06798100471496582,
    "shape": [
      1,
      512,
      128,
      128
    ],
    "method": "Both"
  },
  "decoder.up.2.block.1": {
    "l2_value": 0.0005784062668681145,
    "cosine_value": 0.06652837991714478,
    "shape": [
      1,
      512,
      128,
      128
    ],
    "method": "Both"
  },
  "decoder.up.2.block.2": {
    "l2_value": 0.0005210866220295429,
    "cosine_value": 0.07246017456054688,
    "shape": [
      1,
      512,
      128,
      128
    ],
    "method": "Both"
  },
  "decoder.up.2.upsample": {
    "l2_value": 0.0008439740631729364,
    "cosine_value": 0.06874293088912964,
    "shape": [
      1,
      512,
      256,
      256
    ],
    "method": "Both"
  },
  "decoder.up.3.block.0": {
    "l2_value": 0.0003939064918085933,
    "cosine_value": 0.10627710819244385,
    "shape": [
      1,
      512,
      64,
      64
    ],
    "method": "Both"
  },
  "decoder.up.3.block.1": {
    "l2_value": 0.00036859724787063897,
    "cosine_value": 0.09016555547714233,
    "shape": [
      1,
      512,
      64,
      64
    ],
    "method": "Both"
  },
  "decoder.up.3.block.2": {
    "l2_value": 0.00031949172262102365,
    "cosine_value": 0.0824931263923645,
    "shape": [
      1,
      512,
      64,
      64
    ],
    "method": "Both"
  },
  "decoder.up.3.upsample": {
    "l2_value": 0.0005679643363691866,
    "cosine_value": 0.07126772403717041,
    "shape": [
      1,
      512,
      128,
      128
    ],
    "method": "Both"
  },
  "decoder.conv_out": {
    "l2_value": 0.0001335187698714435,
    "cosine_value": 0.022808074951171875,
    "shape": [
      1,
      3,
      512,
      512
    ],
    "method": "Both"
  }
}