{
  "decoder.conv_in": {
    "l2_value": 0.00013471132842823863,
    "cosine_value": 0.05621981620788574,
    "shape": [
      1,
      512,
      64,
      64
    ],
    "method": "Both"
  },
  "decoder.mid.block_1": {
    "l2_value": 0.00016505962412338704,
    "cosine_value": 0.046262502670288086,
    "shape": [
      1,
      512,
      64,
      64
    ],
    "method": "Both"
  },
  "decoder.mid.attn_1": {
    "l2_value": 0.00016438130114693195,
    "cosine_value": 0.04165935516357422,
    "shape": [
      1,
      512,
      64,
      64
    ],
    "method": "Both"
  },
  "decoder.mid.block_2": {
    "l2_value": 0.00017183113959617913,
    "cosine_value": 0.041037559509277344,
    "shape": [
      1,
      512,
      64,
      64
    ],
    "method": "Both"
  },
  "decoder.up.0.block.0": {
    "l2_value": 0.0047523705288767815,
    "cosine_value": 0.528357058763504,
    "shape": [
      1,
      128,
      512,
      512
    ],
    "method": "Both"
  },
  "decoder.up.0.block.1": {
    "l2_value": 0.005825352855026722,
    "cosine_value": 0.5775889158248901,
    "shape": [
      1,
      128,
      512,
      512
    ],
    "method": "Both"
  },
  "decoder.up.0.block.2": {
    "l2_value": 0.007090525235980749,
    "cosine_value": 0.6124539077281952,
    "shape": [
      1,
      128,
      512,
      512
    ],
    "method": "Both"
  },
  "decoder.up.1.block.0": {
    "l2_value": 0.0004339767328929156,
    "cosine_value": 0.029440343379974365,
    "shape": [
      1,
      256,
      256,
      256
    ],
    "method": "Both"
  },
  "decoder.up.1.block.1": {
    "l2_value": 0.0004435407172422856,
    "cosine_value": 0.029784858226776123,
    "shape": [
      1,
      256,
      256,
      256
    ],
    "method": "Both"
  },
  "decoder.up.1.block.2": {
    "l2_value": 0.0004438588221091777,
    "cosine_value": 0.03926163911819458,
    "shape": [
      1,
      256,
      256,
      256
    ],
    "method": "Both"
  },
  "decoder.up.1.upsample": {
    "l2_value": 0.0009209022973664105,
    "cosine_value": 0.1050599217414856,
    "shape": [
      1,
      256,
      512,
      512
    ],
    "method": "Both"
  },
  "decoder.up.2.block.0": {
    "l2_value": 0.0002979191194754094,
    "cosine_value": 0.030350446701049805,
    "shape": [
      1,
      512,
      128,
      128
    ],
    "method": "Both"
  },
  "decoder.up.2.block.1": {
    "l2_value": 0.0003079086309298873,
    "cosine_value": 0.03152477741241455,
    "shape": [
      1,
      512,
      128,
      128
    ],
    "method": "Both"
  },
  "decoder.up.2.block.2": {
    "l2_value": 0.0002792796876747161,
    "cosine_value": 0.038080453872680664,
    "shape": [
      1,
      512,
      128,
      128
    ],
    "method": "Both"
  },
  "decoder.up.2.upsample": {
    "l2_value": 0.0004462518263608217,
    "cosine_value": 0.033927977085113525,
    "shape": [
      1,
      512,
      256,
      256
    ],
    "method": "Both"
  },
  "decoder.up.3.block.0": {
    "l2_value": 0.0001873037836048752,
    "cosine_value": 0.04159224033355713,
    "shape": [
      1,
      512,
      64,
      64
    ],
    "method": "Both"
  },
  "decoder.up.3.block.1": {
    "l2_value": 0.0001835645962273702,
    "cosine_value": 0.037135958671569824,
    "shape": [
      1,
      512,
      64,
      64
    ],
    "method": "Both"
  },
  "decoder.up.3.block.2": {
    "l2_value": 0.00017191798542626202,
    "cosine_value": 0.04115647077560425,
    "shape": [
      1,
      512,
      64,
      64
    ],
    "method": "Both"
  },
  "decoder.up.3.upsample": {
    "l2_value": 0.00030215829610824585,
    "cosine_value": 0.03453642129898071,
    "shape": [
      1,
      512,
      128,
      128
    ],
    "method": "Both"
  },
  "decoder.conv_out": {
    "l2_value": 0.00013391614387122294,
    "cosine_value": 0.02364879846572876,
    "shape": [
      1,
      3,
      512,
      512
    ],
    "method": "Both"
  }
}