{
  "decoder.conv_in": {
    "l2_value": 0.0003134694416075945,
    "cosine_value": 0.08373391628265381,
    "shape": [
      1,
      512,
      64,
      64
    ],
    "method": "Both"
  },
  "decoder.mid.block_1": {
    "l2_value": 0.00028644566191360354,
    "cosine_value": 0.06975144147872925,
    "shape": [
      1,
      512,
      64,
      64
    ],
    "method": "Both"
  },
  "decoder.mid.attn_1": {
    "l2_value": 0.00028693772037513554,
    "cosine_value": 0.06834089756011963,
    "shape": [
      1,
      512,
      64,
      64
    ],
    "method": "Both"
  },
  "decoder.mid.block_2": {
    "l2_value": 0.00029955169884487987,
    "cosine_value": 0.06898355484008789,
    "shape": [
      1,
      512,
      64,
      64
    ],
    "method": "Both"
  },
  "decoder.up.0.block.0": {
    "l2_value": 0.0009566561784595251,
    "cosine_value": 0.012230336666107178,
    "shape": [
      1,
      128,
      512,
      512
    ],
    "method": "Both"
  },
  "decoder.up.0.block.1": {
    "l2_value": 0.0009621394565328956,
    "cosine_value": 0.009823918342590332,
    "shape": [
      1,
      128,
      512,
      512
    ],
    "method": "Both"
  },
  "decoder.up.0.block.2": {
    "l2_value": 0.0009806600864976645,
    "cosine_value": 0.007955729961395264,
    "shape": [
      1,
      128,
      512,
      512
    ],
    "method": "Both"
  },
  "decoder.up.1.block.0": {
    "l2_value": 0.000645081396214664,
    "cosine_value": 0.044405460357666016,
    "shape": [
      1,
      256,
      256,
      256
    ],
    "method": "Both"
  },
  "decoder.up.1.block.1": {
    "l2_value": 0.0006607852992601693,
    "cosine_value": 0.04742652177810669,
    "shape": [
      1,
      256,
      256,
      256
    ],
    "method": "Both"
  },
  "decoder.up.1.block.2": {
    "l2_value": 0.0006131273694336414,
    "cosine_value": 0.04971170425415039,
    "shape": [
      1,
      256,
      256,
      256
    ],
    "method": "Both"
  },
  "decoder.up.1.upsample": {
    "l2_value": 0.0007069104467518628,
    "cosine_value": 0.03628075122833252,
    "shape": [
      1,
      256,
      512,
      512
    ],
    "method": "Both"
  },
  "decoder.up.2.block.0": {
    "l2_value": 0.0005554016679525375,
    "cosine_value": 0.06382220983505249,
    "shape": [
      1,
      512,
      128,
      128
    ],
    "method": "Both"
  },
  "decoder.up.2.block.1": {
    "l2_value": 0.0005715609877370298,
    "cosine_value": 0.06422662734985352,
    "shape": [
      1,
      512,
      128,
      128
    ],
    "method": "Both"
  },
  "decoder.up.2.block.2": {
    "l2_value": 0.0005042650736868382,
    "cosine_value": 0.06800830364227295,
    "shape": [
      1,
      512,
      128,
      128
    ],
    "method": "Both"
  },
  "decoder.up.2.upsample": {
    "l2_value": 0.0007689765188843012,
    "cosine_value": 0.0574573278427124,
    "shape": [
      1,
      512,
      256,
      256
    ],
    "method": "Both"
  },
  "decoder.up.3.block.0": {
    "l2_value": 0.0003337700036354363,
    "cosine_value": 0.07504743337631226,
    "shape": [
      1,
      512,
      64,
      64
    ],
    "method": "Both"
  },
  "decoder.up.3.block.1": {
    "l2_value": 0.00035051529994234443,
    "cosine_value": 0.07974469661712646,
    "shape": [
      1,
      512,
      64,
      64
    ],
    "method": "Both"
  },
  "decoder.up.3.block.2": {
    "l2_value": 0.00031761001446284354,
    "cosine_value": 0.08002710342407227,
    "shape": [
      1,
      512,
      64,
      64
    ],
    "method": "Both"
  },
  "decoder.up.3.upsample": {
    "l2_value": 0.000570331234484911,
    "cosine_value": 0.06978404521942139,
    "shape": [
      1,
      512,
      128,
      128
    ],
    "method": "Both"
  },
  "decoder.conv_out": {
    "l2_value": 0.00018609565449878573,
    "cosine_value": 0.04634886980056763,
    "shape": [
      1,
      3,
      512,
      512
    ],
    "method": "Both"
  }
}