{
  "decoder.conv_in": {
    "l2_value": 0.00018428184557706118,
    "cosine_value": 0.10299164056777954,
    "shape": [
      1,
      512,
      64,
      64
    ],
    "method": "Both"
  },
  "decoder.mid.block_1": {
    "l2_value": 0.0001928401179611683,
    "cosine_value": 0.06416928768157959,
    "shape": [
      1,
      512,
      64,
      64
    ],
    "method": "Both"
  },
  "decoder.mid.attn_1": {
    "l2_value": 0.00019385968334972858,
    "cosine_value": 0.057561397552490234,
    "shape": [
      1,
      512,
      64,
      64
    ],
    "method": "Both"
  },
  "decoder.mid.block_2": {
    "l2_value": 0.00020461148233152926,
    "cosine_value": 0.05791217088699341,
    "shape": [
      1,
      512,
      64,
      64
    ],
    "method": "Both"
  },
  "decoder.up.0.block.0": {
    "l2_value": 0.0007376089924946427,
    "cosine_value": 0.014061927795410156,
    "shape": [
      1,
      128,
      512,
      512
    ],
    "method": "Both"
  },
  "decoder.up.0.block.1": {
    "l2_value": 0.000748824852053076,
    "cosine_value": 0.010389745235443115,
    "shape": [
      1,
      128,
      512,
      512
    ],
    "method": "Both"
  },
  "decoder.up.0.block.2": {
    "l2_value": 0.0007746101473458111,
    "cosine_value": 0.007930457592010498,
    "shape": [
      1,
      128,
      512,
      512
    ],
    "method": "Both"
  },
  "decoder.up.1.block.0": {
    "l2_value": 0.0005309252883307636,
    "cosine_value": 0.04417622089385986,
    "shape": [
      1,
      256,
      256,
      256
    ],
    "method": "Both"
  },
  "decoder.up.1.block.1": {
    "l2_value": 0.000531057536136359,
    "cosine_value": 0.04323935508728027,
    "shape": [
      1,
      256,
      256,
      256
    ],
    "method": "Both"
  },
  "decoder.up.1.block.2": {
    "l2_value": 0.00047260080464184284,
    "cosine_value": 0.045908212661743164,
    "shape": [
      1,
      256,
      256,
      256
    ],
    "method": "Both"
  },
  "decoder.up.1.upsample": {
    "l2_value": 0.0005213113036006689,
    "cosine_value": 0.03514498472213745,
    "shape": [
      1,
      256,
      512,
      512
    ],
    "method": "Both"
  },
  "decoder.up.2.block.0": {
    "l2_value": 0.0004034362209495157,
    "cosine_value": 0.05429881811141968,
    "shape": [
      1,
      512,
      128,
      128
    ],
    "method": "Both"
  },
  "decoder.up.2.block.1": {
    "l2_value": 0.0004194862849544734,
    "cosine_value": 0.05750912427902222,
    "shape": [
      1,
      512,
      128,
      128
    ],
    "method": "Both"
  },
  "decoder.up.2.block.2": {
    "l2_value": 0.00037614372558891773,
    "cosine_value": 0.06849861145019531,
    "shape": [
      1,
      512,
      128,
      128
    ],
    "method": "Both"
  },
  "decoder.up.2.upsample": {
    "l2_value": 0.0005987553740851581,
    "cosine_value": 0.06066608428955078,
    "shape": [
      1,
      512,
      256,
      256
    ],
    "method": "Both"
  },
  "decoder.up.3.block.0": {
    "l2_value": 0.00023172781220637262,
    "cosine_value": 0.06313824653625488,
    "shape": [
      1,
      512,
      64,
      64
    ],
    "method": "Both"
  },
  "decoder.up.3.block.1": {
    "l2_value": 0.00024387439771089703,
    "cosine_value": 0.06456798315048218,
    "shape": [
      1,
      512,
      64,
      64
    ],
    "method": "Both"
  },
  "decoder.up.3.block.2": {
    "l2_value": 0.00022882614575792104,
    "cosine_value": 0.0724915862083435,
    "shape": [
      1,
      512,
      64,
      64
    ],
    "method": "Both"
  },
  "decoder.up.3.upsample": {
    "l2_value": 0.00040772330248728395,
    "cosine_value": 0.06122791767120361,
    "shape": [
      1,
      512,
      128,
      128
    ],
    "method": "Both"
  },
  "decoder.conv_out": {
    "l2_value": 0.00018960212279732028,
    "cosine_value": 0.049636781215667725,
    "shape": [
      1,
      3,
      512,
      512
    ],
    "method": "Both"
  }
}