{
  "decoder.conv_in": {
    "l2_value": 0.0004310896620154381,
    "cosine_value": 0.5541517436504364,
    "shape": [
      1,
      512,
      64,
      64
    ],
    "method": "Both"
  },
  "decoder.mid.block_1": {
    "l2_value": 0.0004780560848303139,
    "cosine_value": 0.37573301792144775,
    "shape": [
      1,
      512,
      64,
      64
    ],
    "method": "Both"
  },
  "decoder.mid.attn_1": {
    "l2_value": 0.00046979915350675583,
    "cosine_value": 0.32874923944473267,
    "shape": [
      1,
      512,
      64,
      64
    ],
    "method": "Both"
  },
  "decoder.mid.block_2": {
    "l2_value": 0.0004835888685192913,
    "cosine_value": 0.3165387511253357,
    "shape": [
      1,
      512,
      64,
      64
    ],
    "method": "Both"
  },
  "decoder.up.0.block.0": {
    "l2_value": 0.004449912812560797,
    "cosine_value": 0.46101880073547363,
    "shape": [
      1,
      128,
      512,
      512
    ],
    "method": "Both"
  },
  "decoder.up.0.block.1": {
    "l2_value": 0.005144712049514055,
    "cosine_value": 0.44957584142684937,
    "shape": [
      1,
      128,
      512,
      512
    ],
    "method": "Both"
  },
  "decoder.up.0.block.2": {
    "l2_value": 0.006015424150973558,
    "cosine_value": 0.4412685036659241,
    "shape": [
      1,
      128,
      512,
      512
    ],
    "method": "Both"
  },
  "decoder.up.1.block.0": {
    "l2_value": 0.0013399450108408928,
    "cosine_value": 0.27951300144195557,
    "shape": [
      1,
      256,
      256,
      256
    ],
    "method": "Both"
  },
  "decoder.up.1.block.1": {
    "l2_value": 0.001347492914646864,
    "cosine_value": 0.27755576372146606,
    "shape": [
      1,
      256,
      256,
      256
    ],
    "method": "Both"
  },
  "decoder.up.1.block.2": {
    "l2_value": 0.0012899397406727076,
    "cosine_value": 0.33850300312042236,
    "shape": [
      1,
      256,
      256,
      256
    ],
    "method": "Both"
  },
  "decoder.up.1.upsample": {
    "l2_value": 0.001645366894081235,
    "cosine_value": 0.33969002962112427,
    "shape": [
      1,
      256,
      512,
      512
    ],
    "method": "Both"
  },
  "decoder.up.2.block.0": {
    "l2_value": 0.0009075702982954681,
    "cosine_value": 0.26875680685043335,
    "shape": [
      1,
      512,
      128,
      128
    ],
    "method": "Both"
  },
  "decoder.up.2.block.1": {
    "l2_value": 0.0009326536674052477,
    "cosine_value": 0.27962541580200195,
    "shape": [
      1,
      512,
      128,
      128
    ],
    "method": "Both"
  },
  "decoder.up.2.block.2": {
    "l2_value": 0.0008705062791705132,
    "cosine_value": 0.3652883768081665,
    "shape": [
      1,
      512,
      128,
      128
    ],
    "method": "Both"
  },
  "decoder.up.2.upsample": {
    "l2_value": 0.0014454972697421908,
    "cosine_value": 0.35330498218536377,
    "shape": [
      1,
      512,
      256,
      256
    ],
    "method": "Both"
  },
  "decoder.up.3.block.0": {
    "l2_value": 0.000520181842148304,
    "cosine_value": 0.314461886882782,
    "shape": [
      1,
      512,
      64,
      64
    ],
    "method": "Both"
  },
  "decoder.up.3.block.1": {
    "l2_value": 0.0005347976111806929,
    "cosine_value": 0.3072304129600525,
    "shape": [
      1,
      512,
      64,
      64
    ],
    "method": "Both"
  },
  "decoder.up.3.block.2": {
    "l2_value": 0.0005090665654279292,
    "cosine_value": 0.3511427044868469,
    "shape": [
      1,
      512,
      64,
      64
    ],
    "method": "Both"
  },
  "decoder.up.3.upsample": {
    "l2_value": 0.0009119511814787984,
    "cosine_value": 0.2988474369049072,
    "shape": [
      1,
      512,
      128,
      128
    ],
    "method": "Both"
  },
  "decoder.conv_out": {
    "l2_value": 0.0006702120881527662,
    "cosine_value": 0.5979779660701752,
    "shape": [
      1,
      3,
      512,
      512
    ],
    "method": "Both"
  }
}