{
  "decoder.conv_in": {
    "l2_value": 0.0007614687201566994,
    "cosine_value": 0.5195119678974152,
    "shape": [
      1,
      512,
      64,
      64
    ],
    "method": "Both"
  },
  "decoder.mid.block_1": {
    "l2_value": 0.0007518914644606411,
    "cosine_value": 0.4932938814163208,
    "shape": [
      1,
      512,
      64,
      64
    ],
    "method": "Both"
  },
  "decoder.mid.attn_1": {
    "l2_value": 0.0007403753115795553,
    "cosine_value": 0.46046608686447144,
    "shape": [
      1,
      512,
      64,
      64
    ],
    "method": "Both"
  },
  "decoder.mid.block_2": {
    "l2_value": 0.0007516953046433628,
    "cosine_value": 0.44004517793655396,
    "shape": [
      1,
      512,
      64,
      64
    ],
    "method": "Both"
  },
  "decoder.up.0.block.0": {
    "l2_value": 0.007147744297981262,
    "cosine_value": 0.6453343331813812,
    "shape": [
      1,
      128,
      512,
      512
    ],
    "method": "Both"
  },
  "decoder.up.0.block.1": {
    "l2_value": 0.007997873239219189,
    "cosine_value": 0.6450778841972351,
    "shape": [
      1,
      128,
      512,
      512
    ],
    "method": "Both"
  },
  "decoder.up.0.block.2": {
    "l2_value": 0.009034712798893452,
    "cosine_value": 0.6431310176849365,
    "shape": [
      1,
      128,
      512,
      512
    ],
    "method": "Both"
  },
  "decoder.up.1.block.0": {
    "l2_value": 0.001900279545225203,
    "cosine_value": 0.3907968997955322,
    "shape": [
      1,
      256,
      256,
      256
    ],
    "method": "Both"
  },
  "decoder.up.1.block.1": {
    "l2_value": 0.0019253587815910578,
    "cosine_value": 0.4090162515640259,
    "shape": [
      1,
      256,
      256,
      256
    ],
    "method": "Both"
  },
  "decoder.up.1.block.2": {
    "l2_value": 0.0018633913714438677,
    "cosine_value": 0.4659119248390198,
    "shape": [
      1,
      256,
      256,
      256
    ],
    "method": "Both"
  },
  "decoder.up.1.upsample": {
    "l2_value": 0.0026554414071142673,
    "cosine_value": 0.511355459690094,
    "shape": [
      1,
      256,
      512,
      512
    ],
    "method": "Both"
  },
  "decoder.up.2.block.0": {
    "l2_value": 0.0013399397721514106,
    "cosine_value": 0.37590479850769043,
    "shape": [
      1,
      512,
      128,
      128
    ],
    "method": "Both"
  },
  "decoder.up.2.block.1": {
    "l2_value": 0.0013640064280480146,
    "cosine_value": 0.3695324659347534,
    "shape": [
      1,
      512,
      128,
      128
    ],
    "method": "Both"
  },
  "decoder.up.2.block.2": {
    "l2_value": 0.0012659368803724647,
    "cosine_value": 0.43693625926971436,
    "shape": [
      1,
      512,
      128,
      128
    ],
    "method": "Both"
  },
  "decoder.up.2.upsample": {
    "l2_value": 0.002069760812446475,
    "cosine_value": 0.4247947335243225,
    "shape": [
      1,
      512,
      256,
      256
    ],
    "method": "Both"
  },
  "decoder.up.3.block.0": {
    "l2_value": 0.0007947015110403299,
    "cosine_value": 0.4317973852157593,
    "shape": [
      1,
      512,
      64,
      64
    ],
    "method": "Both"
  },
  "decoder.up.3.block.1": {
    "l2_value": 0.0008082564454525709,
    "cosine_value": 0.42913442850112915,
    "shape": [
      1,
      512,
      64,
      64
    ],
    "method": "Both"
  },
  "decoder.up.3.block.2": {
    "l2_value": 0.0007505007088184357,
    "cosine_value": 0.4533984065055847,
    "shape": [
      1,
      512,
      64,
      64
    ],
    "method": "Both"
  },
  "decoder.up.3.upsample": {
    "l2_value": 0.0013582458486780524,
    "cosine_value": 0.40310102701187134,
    "shape": [
      1,
      512,
      128,
      128
    ],
    "method": "Both"
  },
  "decoder.conv_out": {
    "l2_value": 0.000673317505667607,
    "cosine_value": 0.578412264585495,
    "shape": [
      1,
      3,
      512,
      512
    ],
    "method": "Both"
  }
}