{
  "l2_distance": {
    "decoder.conv_in": {
      "mean": 0.0003983662662600788,
      "std": 0.000138374897289148
    },
    "decoder.mid.block_1": {
      "mean": 0.00039129059711870336,
      "std": 0.0001436674320231229
    },
    "decoder.mid.attn_1": {
      "mean": 0.00038773798920114393,
      "std": 0.0001398965684190143
    },
    "decoder.mid.block_2": {
      "mean": 0.0004003837078233205,
      "std": 0.00014106581695211393
    },
    "decoder.up.0.block.0": {
      "mean": 0.002705937364676391,
      "std": 0.002217341792007755
    },
    "decoder.up.0.block.1": {
      "mean": 0.002996773152595519,
      "std": 0.0025858141086837765
    },
    "decoder.up.0.block.2": {
      "mean": 0.0033386453894698725,
      "std": 0.0030174129985826425
    },
    "decoder.up.1.block.0": {
      "mean": 0.0008945643204718917,
      "std": 0.00035815546306746776
    },
    "decoder.up.1.block.1": {
      "mean": 0.0009166364749294838,
      "std": 0.00036006926294814863
    },
    "decoder.up.1.block.2": {
      "mean": 0.0008657588850751164,
      "std": 0.00034635691299825624
    },
    "decoder.up.1.upsample": {
      "mean": 0.0011828846187286433,
      "std": 0.0005840771252747292
    },
    "decoder.up.2.block.0": {
      "mean": 0.0007167202000606007,
      "std": 0.0002484372348754535
    },
    "decoder.up.2.block.1": {
      "mean": 0.0007372361422139441,
      "std": 0.0002539043875312826
    },
    "decoder.up.2.block.2": {
      "mean": 0.0006586592379746781,
      "std": 0.00023380566459343024
    },
    "decoder.up.2.upsample": {
      "mean": 0.0010218575810237477,
      "std": 0.00038341046665076094
    },
    "decoder.up.3.block.0": {
      "mean": 0.0004357778553163544,
      "std": 0.00014780403146571935
    },
    "decoder.up.3.block.1": {
      "mean": 0.000450332345679358,
      "std": 0.00014981698661189924
    },
    "decoder.up.3.block.2": {
      "mean": 0.0004080702279766445,
      "std": 0.00013873160703262294
    },
    "decoder.up.3.upsample": {
      "mean": 0.0007289796328959277,
      "std": 0.0002511084164011527
    },
    "decoder.conv_out": {
      "mean": 0.00022658437565763642,
      "std": 0.0001079531186462953
    }
  },
  "cosine_dissimilarity": {
    "decoder.conv_in": {
      "mean": 0.15089256110645477,
      "std": 0.10528764036076961
    },
    "decoder.mid.block_1": {
      "mean": 0.14393700531550815,
      "std": 0.10392149129447778
    },
    "decoder.mid.attn_1": {
      "mean": 0.1375100416796548,
      "std": 0.09752846798291336
    },
    "decoder.mid.block_2": {
      "mean": 0.1355417509873708,
      "std": 0.09381283369881946
    },
    "decoder.up.0.block.0": {
      "mean": 0.1465690126021703,
      "std": 0.21336490689853418
    },
    "decoder.up.0.block.1": {
      "mean": 0.15032241223823456,
      "std": 0.2251837692168572
    },
    "decoder.up.0.block.2": {
      "mean": 0.15265491739625023,
      "std": 0.2344717647737818
    },
    "decoder.up.1.block.0": {
      "mean": 0.09359365502993265,
      "std": 0.07409554563382566
    },
    "decoder.up.1.block.1": {
      "mean": 0.09938675136793228,
      "std": 0.07730116425075864
    },
    "decoder.up.1.block.2": {
      "mean": 0.10707456838516961,
      "std": 0.08512929102586683
    },
    "decoder.up.1.upsample": {
      "mean": 0.11547799834183284,
      "std": 0.11208946698852389
    },
    "decoder.up.2.block.0": {
      "mean": 0.1165521230016436,
      "std": 0.07993109487602333
    },
    "decoder.up.2.block.1": {
      "mean": 0.11673750905763536,
      "std": 0.07950827935487394
    },
    "decoder.up.2.block.2": {
      "mean": 0.12590613194874356,
      "std": 0.08881079732111018
    },
    "decoder.up.2.upsample": {
      "mean": 0.11075386830738612,
      "std": 0.08263370195755762
    },
    "decoder.up.3.block.0": {
      "mean": 0.14054803536051796,
      "std": 0.09370819261189269
    },
    "decoder.up.3.block.1": {
      "mean": 0.1445667706784748,
      "std": 0.09480602394242439
    },
    "decoder.up.3.block.2": {
      "mean": 0.14424923204240345,
      "std": 0.09691863788662888
    },
    "decoder.up.3.upsample": {
      "mean": 0.1254817082768395,
      "std": 0.08556695147995316
    },
    "decoder.conv_out": {
      "mean": 0.07822381243819282,
      "std": 0.08247757276052305
    }
  }
}