{
  "l2_distance": {
    "decoder.conv_in": {
      "mean": 0.00021102370225153642,
      "std": 7.131372334324148e-05
    },
    "decoder.mid.block_1": {
      "mean": 0.0002425985980413056,
      "std": 8.474309819784275e-05
    },
    "decoder.mid.attn_1": {
      "mean": 0.00024002601130632684,
      "std": 8.233566605250306e-05
    },
    "decoder.mid.block_2": {
      "mean": 0.0002539676532684271,
      "std": 8.454808128598942e-05
    },
    "decoder.up.0.block.0": {
      "mean": 0.0019598625457590622,
      "std": 0.0013848894433490162
    },
    "decoder.up.0.block.1": {
      "mean": 0.0022840092841458198,
      "std": 0.0017384392647408521
    },
    "decoder.up.0.block.2": {
      "mean": 0.0026720207310669745,
      "std": 0.002149155822900399
    },
    "decoder.up.1.block.0": {
      "mean": 0.0006513995164173788,
      "std": 0.00022699340599359824
    },
    "decoder.up.1.block.1": {
      "mean": 0.0006571007192611606,
      "std": 0.00022833359389102246
    },
    "decoder.up.1.block.2": {
      "mean": 0.0006014633482360902,
      "std": 0.0002161629902967297
    },
    "decoder.up.1.upsample": {
      "mean": 0.0007422943039619851,
      "std": 0.0002929503959848889
    },
    "decoder.up.2.block.0": {
      "mean": 0.0004887129564026725,
      "std": 0.00015786682588672763
    },
    "decoder.up.2.block.1": {
      "mean": 0.0005103626639798417,
      "std": 0.00016369569758575392
    },
    "decoder.up.2.block.2": {
      "mean": 0.0004610764316610238,
      "std": 0.0001513466296785864
    },
    "decoder.up.2.upsample": {
      "mean": 0.0007274580059207177,
      "std": 0.0002461961997972308
    },
    "decoder.up.3.block.0": {
      "mean": 0.00028632295753119424,
      "std": 9.181526859573276e-05
    },
    "decoder.up.3.block.1": {
      "mean": 0.0002985282150413176,
      "std": 9.446231405551783e-05
    },
    "decoder.up.3.block.2": {
      "mean": 0.00027943103971968714,
      "std": 8.933931490601773e-05
    },
    "decoder.up.3.upsample": {
      "mean": 0.0004886013506967131,
      "std": 0.00015670954278430353
    },
    "decoder.conv_out": {
      "mean": 0.00022843635674761907,
      "std": 0.00010800942217621035
    }
  },
  "cosine_dissimilarity": {
    "decoder.conv_in": {
      "mean": 0.15577580815269834,
      "std": 0.10722779296963703
    },
    "decoder.mid.block_1": {
      "mean": 0.1104296550864265,
      "std": 0.07715430399430365
    },
    "decoder.mid.attn_1": {
      "mean": 0.09715874620846339,
      "std": 0.06705853319275844
    },
    "decoder.mid.block_2": {
      "mean": 0.09790188953990028,
      "std": 0.06537258999363474
    },
    "decoder.up.0.block.0": {
      "mean": 0.13731557726860047,
      "std": 0.17710322723177804
    },
    "decoder.up.0.block.1": {
      "mean": 0.1426394256807509,
      "std": 0.19329555286941458
    },
    "decoder.up.0.block.2": {
      "mean": 0.14634521851936977,
      "std": 0.2049460819764445
    },
    "decoder.up.1.block.0": {
      "mean": 0.07315777455057416,
      "std": 0.051775179553754415
    },
    "decoder.up.1.block.1": {
      "mean": 0.07256805272329421,
      "std": 0.051209652594368334
    },
    "decoder.up.1.block.2": {
      "mean": 0.08107084575153532,
      "std": 0.05930082164673503
    },
    "decoder.up.1.upsample": {
      "mean": 0.07854214367412385,
      "std": 0.06110632555011495
    },
    "decoder.up.2.block.0": {
      "mean": 0.08777007943107969,
      "std": 0.05683758496482958
    },
    "decoder.up.2.block.1": {
      "mean": 0.09352805557705107,
      "std": 0.05998376020509032
    },
    "decoder.up.2.block.2": {
      "mean": 0.11294643453189306,
      "std": 0.0745765428412005
    },
    "decoder.up.2.upsample": {
      "mean": 0.09916797961507524,
      "std": 0.06790505731809336
    },
    "decoder.up.3.block.0": {
      "mean": 0.10564873218536378,
      "std": 0.0674572658869132
    },
    "decoder.up.3.block.1": {
      "mean": 0.10650555746895926,
      "std": 0.06720625644548169
    },
    "decoder.up.3.block.2": {
      "mean": 0.11768867174784342,
      "std": 0.0750803290366731
    },
    "decoder.up.3.upsample": {
      "mean": 0.09700289624077933,
      "std": 0.062448524386466094
    },
    "decoder.conv_out": {
      "mean": 0.08241371753669921,
      "std": 0.08606682189224657
    }
  }
}