{
  "decoder.conv_in": {
    "l2_value": 0.0005477175582200289,
    "cosine_value": 0.251533567905426,
    "shape": [
      1,
      512,
      64,
      64
    ],
    "method": "Both"
  },
  "decoder.mid.block_1": {
    "l2_value": 0.0005654850974678993,
    "cosine_value": 0.2653968930244446,
    "shape": [
      1,
      512,
      64,
      64
    ],
    "method": "Both"
  },
  "decoder.mid.attn_1": {
    "l2_value": 0.0005641615716740489,
    "cosine_value": 0.2533397674560547,
    "shape": [
      1,
      512,
      64,
      64
    ],
    "method": "Both"
  },
  "decoder.mid.block_2": {
    "l2_value": 0.000584322726354003,
    "cosine_value": 0.25026440620422363,
    "shape": [
      1,
      512,
      64,
      64
    ],
    "method": "Both"
  },
  "decoder.up.0.block.0": {
    "l2_value": 0.007090188562870026,
    "cosine_value": 0.6720972061157227,
    "shape": [
      1,
      128,
      512,
      512
    ],
    "method": "Both"
  },
  "decoder.up.0.block.1": {
    "l2_value": 0.008167481981217861,
    "cosine_value": 0.7141702473163605,
    "shape": [
      1,
      128,
      512,
      512
    ],
    "method": "Both"
  },
  "decoder.up.0.block.2": {
    "l2_value": 0.009437846019864082,
    "cosine_value": 0.7454273998737335,
    "shape": [
      1,
      128,
      512,
      512
    ],
    "method": "Both"
  },
  "decoder.up.1.block.0": {
    "l2_value": 0.0013166776625439525,
    "cosine_value": 0.1693999171257019,
    "shape": [
      1,
      256,
      256,
      256
    ],
    "method": "Both"
  },
  "decoder.up.1.block.1": {
    "l2_value": 0.0013323327293619514,
    "cosine_value": 0.17753320932388306,
    "shape": [
      1,
      256,
      256,
      256
    ],
    "method": "Both"
  },
  "decoder.up.1.block.2": {
    "l2_value": 0.001254970789887011,
    "cosine_value": 0.19188958406448364,
    "shape": [
      1,
      256,
      256,
      256
    ],
    "method": "Both"
  },
  "decoder.up.1.upsample": {
    "l2_value": 0.0021192000713199377,
    "cosine_value": 0.3141458034515381,
    "shape": [
      1,
      256,
      512,
      512
    ],
    "method": "Both"
  },
  "decoder.up.2.block.0": {
    "l2_value": 0.001002886681817472,
    "cosine_value": 0.19529730081558228,
    "shape": [
      1,
      512,
      128,
      128
    ],
    "method": "Both"
  },
  "decoder.up.2.block.1": {
    "l2_value": 0.001036437344737351,
    "cosine_value": 0.19859200716018677,
    "shape": [
      1,
      512,
      128,
      128
    ],
    "method": "Both"
  },
  "decoder.up.2.block.2": {
    "l2_value": 0.000922190782148391,
    "cosine_value": 0.21246492862701416,
    "shape": [
      1,
      512,
      128,
      128
    ],
    "method": "Both"
  },
  "decoder.up.2.upsample": {
    "l2_value": 0.0014460416277870536,
    "cosine_value": 0.18870222568511963,
    "shape": [
      1,
      512,
      256,
      256
    ],
    "method": "Both"
  },
  "decoder.up.3.block.0": {
    "l2_value": 0.0006284731207415462,
    "cosine_value": 0.25444549322128296,
    "shape": [
      1,
      512,
      64,
      64
    ],
    "method": "Both"
  },
  "decoder.up.3.block.1": {
    "l2_value": 0.0006370423943735659,
    "cosine_value": 0.2504289150238037,
    "shape": [
      1,
      512,
      64,
      64
    ],
    "method": "Both"
  },
  "decoder.up.3.block.2": {
    "l2_value": 0.0005715395673178136,
    "cosine_value": 0.24492782354354858,
    "shape": [
      1,
      512,
      64,
      64
    ],
    "method": "Both"
  },
  "decoder.up.3.upsample": {
    "l2_value": 0.0010169987799599767,
    "cosine_value": 0.20670086145401,
    "shape": [
      1,
      512,
      128,
      128
    ],
    "method": "Both"
  },
  "decoder.conv_out": {
    "l2_value": 0.000273887572499613,
    "cosine_value": 0.07559847831726074,
    "shape": [
      1,
      3,
      512,
      512
    ],
    "method": "Both"
  }
}