{
  "decoder.conv_in": {
    "l2_value": 0.0002872459590435028,
    "cosine_value": 0.2619829773902893,
    "shape": [
      1,
      512,
      64,
      64
    ],
    "method": "Both"
  },
  "decoder.mid.block_1": {
    "l2_value": 0.00033660666667856276,
    "cosine_value": 0.18993592262268066,
    "shape": [
      1,
      512,
      64,
      64
    ],
    "method": "Both"
  },
  "decoder.mid.attn_1": {
    "l2_value": 0.00033989091753028333,
    "cosine_value": 0.17292338609695435,
    "shape": [
      1,
      512,
      64,
      64
    ],
    "method": "Both"
  },
  "decoder.mid.block_2": {
    "l2_value": 0.0003613010048866272,
    "cosine_value": 0.1769353747367859,
    "shape": [
      1,
      512,
      64,
      64
    ],
    "method": "Both"
  },
  "decoder.up.0.block.0": {
    "l2_value": 0.004901406820863485,
    "cosine_value": 0.6211502254009247,
    "shape": [
      1,
      128,
      512,
      512
    ],
    "method": "Both"
  },
  "decoder.up.0.block.1": {
    "l2_value": 0.006056951358914375,
    "cosine_value": 0.6790536344051361,
    "shape": [
      1,
      128,
      512,
      512
    ],
    "method": "Both"
  },
  "decoder.up.0.block.2": {
    "l2_value": 0.0073648057878017426,
    "cosine_value": 0.7184571027755737,
    "shape": [
      1,
      128,
      512,
      512
    ],
    "method": "Both"
  },
  "decoder.up.1.block.0": {
    "l2_value": 0.0009012538939714432,
    "cosine_value": 0.12344735860824585,
    "shape": [
      1,
      256,
      256,
      256
    ],
    "method": "Both"
  },
  "decoder.up.1.block.1": {
    "l2_value": 0.0008906829170882702,
    "cosine_value": 0.11923062801361084,
    "shape": [
      1,
      256,
      256,
      256
    ],
    "method": "Both"
  },
  "decoder.up.1.block.2": {
    "l2_value": 0.0008227361831814051,
    "cosine_value": 0.13669371604919434,
    "shape": [
      1,
      256,
      256,
      256
    ],
    "method": "Both"
  },
  "decoder.up.1.upsample": {
    "l2_value": 0.0011949463514611125,
    "cosine_value": 0.18181860446929932,
    "shape": [
      1,
      256,
      512,
      512
    ],
    "method": "Both"
  },
  "decoder.up.2.block.0": {
    "l2_value": 0.0006766410660929978,
    "cosine_value": 0.1480618119239807,
    "shape": [
      1,
      512,
      128,
      128
    ],
    "method": "Both"
  },
  "decoder.up.2.block.1": {
    "l2_value": 0.0007085711695253849,
    "cosine_value": 0.15925192832946777,
    "shape": [
      1,
      512,
      128,
      128
    ],
    "method": "Both"
  },
  "decoder.up.2.block.2": {
    "l2_value": 0.000634154537692666,
    "cosine_value": 0.1883273720741272,
    "shape": [
      1,
      512,
      128,
      128
    ],
    "method": "Both"
  },
  "decoder.up.2.upsample": {
    "l2_value": 0.0009986930526793003,
    "cosine_value": 0.16487032175064087,
    "shape": [
      1,
      512,
      256,
      256
    ],
    "method": "Both"
  },
  "decoder.up.3.block.0": {
    "l2_value": 0.00039723943336866796,
    "cosine_value": 0.18228131532669067,
    "shape": [
      1,
      512,
      64,
      64
    ],
    "method": "Both"
  },
  "decoder.up.3.block.1": {
    "l2_value": 0.00041228978079743683,
    "cosine_value": 0.18146544694900513,
    "shape": [
      1,
      512,
      64,
      64
    ],
    "method": "Both"
  },
  "decoder.up.3.block.2": {
    "l2_value": 0.0003861153090838343,
    "cosine_value": 0.2007928490638733,
    "shape": [
      1,
      512,
      64,
      64
    ],
    "method": "Both"
  },
  "decoder.up.3.upsample": {
    "l2_value": 0.0006788570899516344,
    "cosine_value": 0.1641431450843811,
    "shape": [
      1,
      512,
      128,
      128
    ],
    "method": "Both"
  },
  "decoder.conv_out": {
    "l2_value": 0.0002751231271152695,
    "cosine_value": 0.07974821329116821,
    "shape": [
      1,
      3,
      512,
      512
    ],
    "method": "Both"
  }
}