{
  "decoder.conv_in": {
    "l2_value": 0.00014176506374496967,
    "cosine_value": 0.07091975212097168,
    "shape": [
      1,
      512,
      64,
      64
    ],
    "method": "Both"
  },
  "decoder.mid.block_1": {
    "l2_value": 0.0001677735854173079,
    "cosine_value": 0.04763239622116089,
    "shape": [
      1,
      512,
      64,
      64
    ],
    "method": "Both"
  },
  "decoder.mid.attn_1": {
    "l2_value": 0.0001667383185122162,
    "cosine_value": 0.04312121868133545,
    "shape": [
      1,
      512,
      64,
      64
    ],
    "method": "Both"
  },
  "decoder.mid.block_2": {
    "l2_value": 0.00017784071678761393,
    "cosine_value": 0.04470187425613403,
    "shape": [
      1,
      512,
      64,
      64
    ],
    "method": "Both"
  },
  "decoder.up.0.block.0": {
    "l2_value": 0.0008898248779587448,
    "cosine_value": 0.01823115348815918,
    "shape": [
      1,
      128,
      512,
      512
    ],
    "method": "Both"
  },
  "decoder.up.0.block.1": {
    "l2_value": 0.0010134022450074553,
    "cosine_value": 0.017231523990631104,
    "shape": [
      1,
      128,
      512,
      512
    ],
    "method": "Both"
  },
  "decoder.up.0.block.2": {
    "l2_value": 0.0011629416840150952,
    "cosine_value": 0.016295135021209717,
    "shape": [
      1,
      128,
      512,
      512
    ],
    "method": "Both"
  },
  "decoder.up.1.block.0": {
    "l2_value": 0.0004469465056899935,
    "cosine_value": 0.0310860276222229,
    "shape": [
      1,
      256,
      256,
      256
    ],
    "method": "Both"
  },
  "decoder.up.1.block.1": {
    "l2_value": 0.0004464465018827468,
    "cosine_value": 0.029996871948242188,
    "shape": [
      1,
      256,
      256,
      256
    ],
    "method": "Both"
  },
  "decoder.up.1.block.2": {
    "l2_value": 0.0003983585920650512,
    "cosine_value": 0.03131657838821411,
    "shape": [
      1,
      256,
      256,
      256
    ],
    "method": "Both"
  },
  "decoder.up.1.upsample": {
    "l2_value": 0.00045009670429863036,
    "cosine_value": 0.024913907051086426,
    "shape": [
      1,
      256,
      512,
      512
    ],
    "method": "Both"
  },
  "decoder.up.2.block.0": {
    "l2_value": 0.00034586587571538985,
    "cosine_value": 0.04124850034713745,
    "shape": [
      1,
      512,
      128,
      128
    ],
    "method": "Both"
  },
  "decoder.up.2.block.1": {
    "l2_value": 0.0003600326890591532,
    "cosine_value": 0.043533146381378174,
    "shape": [
      1,
      512,
      128,
      128
    ],
    "method": "Both"
  },
  "decoder.up.2.block.2": {
    "l2_value": 0.0003196129691787064,
    "cosine_value": 0.05008816719055176,
    "shape": [
      1,
      512,
      128,
      128
    ],
    "method": "Both"
  },
  "decoder.up.2.upsample": {
    "l2_value": 0.000500494206789881,
    "cosine_value": 0.04342019557952881,
    "shape": [
      1,
      512,
      256,
      256
    ],
    "method": "Both"
  },
  "decoder.up.3.block.0": {
    "l2_value": 0.00020056651555933058,
    "cosine_value": 0.048462510108947754,
    "shape": [
      1,
      512,
      64,
      64
    ],
    "method": "Both"
  },
  "decoder.up.3.block.1": {
    "l2_value": 0.0002090824709739536,
    "cosine_value": 0.04884159564971924,
    "shape": [
      1,
      512,
      64,
      64
    ],
    "method": "Both"
  },
  "decoder.up.3.block.2": {
    "l2_value": 0.00019525598327163607,
    "cosine_value": 0.05345827341079712,
    "shape": [
      1,
      512,
      64,
      64
    ],
    "method": "Both"
  },
  "decoder.up.3.upsample": {
    "l2_value": 0.0003446480550337583,
    "cosine_value": 0.04559606313705444,
    "shape": [
      1,
      512,
      128,
      128
    ],
    "method": "Both"
  },
  "decoder.conv_out": {
    "l2_value": 0.00013099684535215297,
    "cosine_value": 0.019976437091827393,
    "shape": [
      1,
      3,
      512,
      512
    ],
    "method": "Both"
  }
}