{
  "decoder.conv_in": {
    "l2_value": 0.00026936698122881353,
    "cosine_value": 0.06298094987869263,
    "shape": [
      1,
      512,
      64,
      64
    ],
    "method": "Both"
  },
  "decoder.mid.block_1": {
    "l2_value": 0.00028046933584846556,
    "cosine_value": 0.06692475080490112,
    "shape": [
      1,
      512,
      64,
      64
    ],
    "method": "Both"
  },
  "decoder.mid.attn_1": {
    "l2_value": 0.00028208448202349246,
    "cosine_value": 0.06652027368545532,
    "shape": [
      1,
      512,
      64,
      64
    ],
    "method": "Both"
  },
  "decoder.mid.block_2": {
    "l2_value": 0.0002893608179874718,
    "cosine_value": 0.06543177366256714,
    "shape": [
      1,
      512,
      64,
      64
    ],
    "method": "Both"
  },
  "decoder.up.0.block.0": {
    "l2_value": 0.0026728122029453516,
    "cosine_value": 0.08000904321670532,
    "shape": [
      1,
      128,
      512,
      512
    ],
    "method": "Both"
  },
  "decoder.up.0.block.1": {
    "l2_value": 0.003025336656719446,
    "cosine_value": 0.08248484134674072,
    "shape": [
      1,
      128,
      512,
      512
    ],
    "method": "Both"
  },
  "decoder.up.0.block.2": {
    "l2_value": 0.0034387419000267982,
    "cosine_value": 0.08408474922180176,
    "shape": [
      1,
      128,
      512,
      512
    ],
    "method": "Both"
  },
  "decoder.up.1.block.0": {
    "l2_value": 0.000650930218398571,
    "cosine_value": 0.04304802417755127,
    "shape": [
      1,
      256,
      256,
      256
    ],
    "method": "Both"
  },
  "decoder.up.1.block.1": {
    "l2_value": 0.0006638502818532288,
    "cosine_value": 0.04504406452178955,
    "shape": [
      1,
      256,
      256,
      256
    ],
    "method": "Both"
  },
  "decoder.up.1.block.2": {
    "l2_value": 0.0006172792054712772,
    "cosine_value": 0.046117424964904785,
    "shape": [
      1,
      256,
      256,
      256
    ],
    "method": "Both"
  },
  "decoder.up.1.upsample": {
    "l2_value": 0.0009396320092491806,
    "cosine_value": 0.05665045976638794,
    "shape": [
      1,
      256,
      512,
      512
    ],
    "method": "Both"
  },
  "decoder.up.2.block.0": {
    "l2_value": 0.0005271222908049822,
    "cosine_value": 0.058774590492248535,
    "shape": [
      1,
      512,
      128,
      128
    ],
    "method": "Both"
  },
  "decoder.up.2.block.1": {
    "l2_value": 0.0005444092093966901,
    "cosine_value": 0.05917656421661377,
    "shape": [
      1,
      512,
      128,
      128
    ],
    "method": "Both"
  },
  "decoder.up.2.block.2": {
    "l2_value": 0.0004761324089486152,
    "cosine_value": 0.05976057052612305,
    "shape": [
      1,
      512,
      128,
      128
    ],
    "method": "Both"
  },
  "decoder.up.2.upsample": {
    "l2_value": 0.0007321806042455137,
    "cosine_value": 0.05080181360244751,
    "shape": [
      1,
      512,
      256,
      256
    ],
    "method": "Both"
  },
  "decoder.up.3.block.0": {
    "l2_value": 0.00031510303961113095,
    "cosine_value": 0.06851232051849365,
    "shape": [
      1,
      512,
      64,
      64
    ],
    "method": "Both"
  },
  "decoder.up.3.block.1": {
    "l2_value": 0.00032466230913996696,
    "cosine_value": 0.07072347402572632,
    "shape": [
      1,
      512,
      64,
      64
    ],
    "method": "Both"
  },
  "decoder.up.3.block.2": {
    "l2_value": 0.00029158563120290637,
    "cosine_value": 0.0689130425453186,
    "shape": [
      1,
      512,
      64,
      64
    ],
    "method": "Both"
  },
  "decoder.up.3.upsample": {
    "l2_value": 0.0005267870728857815,
    "cosine_value": 0.061629295349121094,
    "shape": [
      1,
      512,
      128,
      128
    ],
    "method": "Both"
  },
  "decoder.conv_out": {
    "l2_value": 0.00013244530418887734,
    "cosine_value": 0.019625425338745117,
    "shape": [
      1,
      3,
      512,
      512
    ],
    "method": "Both"
  }
}