{
  "decoder.conv_in": {
    "l2_value": 0.0006025770562700927,
    "cosine_value": 0.40234512090682983,
    "shape": [
      1,
      512,
      64,
      64
    ],
    "method": "Both"
  },
  "decoder.mid.block_1": {
    "l2_value": 0.0005611720262095332,
    "cosine_value": 0.3257237672805786,
    "shape": [
      1,
      512,
      64,
      64
    ],
    "method": "Both"
  },
  "decoder.mid.attn_1": {
    "l2_value": 0.0005614276742562652,
    "cosine_value": 0.3030090928077698,
    "shape": [
      1,
      512,
      64,
      64
    ],
    "method": "Both"
  },
  "decoder.mid.block_2": {
    "l2_value": 0.0005849979352205992,
    "cosine_value": 0.3014061450958252,
    "shape": [
      1,
      512,
      64,
      64
    ],
    "method": "Both"
  },
  "decoder.up.0.block.0": {
    "l2_value": 0.0019203912233933806,
    "cosine_value": 0.04561281204223633,
    "shape": [
      1,
      128,
      512,
      512
    ],
    "method": "Both"
  },
  "decoder.up.0.block.1": {
    "l2_value": 0.0019627222791314125,
    "cosine_value": 0.03791797161102295,
    "shape": [
      1,
      128,
      512,
      512
    ],
    "method": "Both"
  },
  "decoder.up.0.block.2": {
    "l2_value": 0.0020259281154721975,
    "cosine_value": 0.03158360719680786,
    "shape": [
      1,
      128,
      512,
      512
    ],
    "method": "Both"
  },
  "decoder.up.1.block.0": {
    "l2_value": 0.0012459936551749706,
    "cosine_value": 0.20480889081954956,
    "shape": [
      1,
      256,
      256,
      256
    ],
    "method": "Both"
  },
  "decoder.up.1.block.1": {
    "l2_value": 0.0012824396835640073,
    "cosine_value": 0.22210609912872314,
    "shape": [
      1,
      256,
      256,
      256
    ],
    "method": "Both"
  },
  "decoder.up.1.block.2": {
    "l2_value": 0.0011904463171958923,
    "cosine_value": 0.24119025468826294,
    "shape": [
      1,
      256,
      256,
      256
    ],
    "method": "Both"
  },
  "decoder.up.1.upsample": {
    "l2_value": 0.0013721768045797944,
    "cosine_value": 0.15608996152877808,
    "shape": [
      1,
      256,
      512,
      512
    ],
    "method": "Both"
  },
  "decoder.up.2.block.0": {
    "l2_value": 0.0010738054988905787,
    "cosine_value": 0.2711679935455322,
    "shape": [
      1,
      512,
      128,
      128
    ],
    "method": "Both"
  },
  "decoder.up.2.block.1": {
    "l2_value": 0.0011095505906268954,
    "cosine_value": 0.2740117907524109,
    "shape": [
      1,
      512,
      128,
      128
    ],
    "method": "Both"
  },
  "decoder.up.2.block.2": {
    "l2_value": 0.000978850875981152,
    "cosine_value": 0.3117821216583252,
    "shape": [
      1,
      512,
      128,
      128
    ],
    "method": "Both"
  },
  "decoder.up.2.upsample": {
    "l2_value": 0.0014841919764876366,
    "cosine_value": 0.26744866371154785,
    "shape": [
      1,
      512,
      256,
      256
    ],
    "method": "Both"
  },
  "decoder.up.3.block.0": {
    "l2_value": 0.0006479824660345912,
    "cosine_value": 0.31852054595947266,
    "shape": [
      1,
      512,
      64,
      64
    ],
    "method": "Both"
  },
  "decoder.up.3.block.1": {
    "l2_value": 0.0006832494400441647,
    "cosine_value": 0.34279102087020874,
    "shape": [
      1,
      512,
      64,
      64
    ],
    "method": "Both"
  },
  "decoder.up.3.block.2": {
    "l2_value": 0.0006185185629874468,
    "cosine_value": 0.35247230529785156,
    "shape": [
      1,
      512,
      64,
      64
    ],
    "method": "Both"
  },
  "decoder.up.3.upsample": {
    "l2_value": 0.001104781054891646,
    "cosine_value": 0.2987314462661743,
    "shape": [
      1,
      512,
      128,
      128
    ],
    "method": "Both"
  },
  "decoder.conv_out": {
    "l2_value": 0.0003247206526187559,
    "cosine_value": 0.21231931447982788,
    "shape": [
      1,
      3,
      512,
      512
    ],
    "method": "Both"
  }
}