{
  "decoder.conv_in": {
    "l2_value": 0.0003313230990897864,
    "cosine_value": 0.44435983896255493,
    "shape": [
      1,
      512,
      64,
      64
    ],
    "method": "Both"
  },
  "decoder.mid.block_1": {
    "l2_value": 0.00037748427712358534,
    "cosine_value": 0.2858472466468811,
    "shape": [
      1,
      512,
      64,
      64
    ],
    "method": "Both"
  },
  "decoder.mid.attn_1": {
    "l2_value": 0.00037936578155495226,
    "cosine_value": 0.24188125133514404,
    "shape": [
      1,
      512,
      64,
      64
    ],
    "method": "Both"
  },
  "decoder.mid.block_2": {
    "l2_value": 0.0003966590447816998,
    "cosine_value": 0.23817020654678345,
    "shape": [
      1,
      512,
      64,
      64
    ],
    "method": "Both"
  },
  "decoder.up.0.block.0": {
    "l2_value": 0.0022869196254760027,
    "cosine_value": 0.12986522912979126,
    "shape": [
      1,
      128,
      512,
      512
    ],
    "method": "Both"
  },
  "decoder.up.0.block.1": {
    "l2_value": 0.0026187333278357983,
    "cosine_value": 0.12255203723907471,
    "shape": [
      1,
      128,
      512,
      512
    ],
    "method": "Both"
  },
  "decoder.up.0.block.2": {
    "l2_value": 0.0030308114364743233,
    "cosine_value": 0.11694300174713135,
    "shape": [
      1,
      128,
      512,
      512
    ],
    "method": "Both"
  },
  "decoder.up.1.block.0": {
    "l2_value": 0.001020969939418137,
    "cosine_value": 0.18610215187072754,
    "shape": [
      1,
      256,
      256,
      256
    ],
    "method": "Both"
  },
  "decoder.up.1.block.1": {
    "l2_value": 0.0010224427096545696,
    "cosine_value": 0.1828506588935852,
    "shape": [
      1,
      256,
      256,
      256
    ],
    "method": "Both"
  },
  "decoder.up.1.block.2": {
    "l2_value": 0.0009125491487793624,
    "cosine_value": 0.20238733291625977,
    "shape": [
      1,
      256,
      256,
      256
    ],
    "method": "Both"
  },
  "decoder.up.1.upsample": {
    "l2_value": 0.001044405740685761,
    "cosine_value": 0.1594790816307068,
    "shape": [
      1,
      256,
      512,
      512
    ],
    "method": "Both"
  },
  "decoder.up.2.block.0": {
    "l2_value": 0.0007699744310230017,
    "cosine_value": 0.21846836805343628,
    "shape": [
      1,
      512,
      128,
      128
    ],
    "method": "Both"
  },
  "decoder.up.2.block.1": {
    "l2_value": 0.0008074333891272545,
    "cosine_value": 0.2367011308670044,
    "shape": [
      1,
      512,
      128,
      128
    ],
    "method": "Both"
  },
  "decoder.up.2.block.2": {
    "l2_value": 0.00072433304740116,
    "cosine_value": 0.29597926139831543,
    "shape": [
      1,
      512,
      128,
      128
    ],
    "method": "Both"
  },
  "decoder.up.2.upsample": {
    "l2_value": 0.001135552884079516,
    "cosine_value": 0.25713419914245605,
    "shape": [
      1,
      512,
      256,
      256
    ],
    "method": "Both"
  },
  "decoder.up.3.block.0": {
    "l2_value": 0.0004462910583242774,
    "cosine_value": 0.2544570565223694,
    "shape": [
      1,
      512,
      64,
      64
    ],
    "method": "Both"
  },
  "decoder.up.3.block.1": {
    "l2_value": 0.0004686081374529749,
    "cosine_value": 0.26158469915390015,
    "shape": [
      1,
      512,
      64,
      64
    ],
    "method": "Both"
  },
  "decoder.up.3.block.2": {
    "l2_value": 0.00043841826845891774,
    "cosine_value": 0.29767102003097534,
    "shape": [
      1,
      512,
      64,
      64
    ],
    "method": "Both"
  },
  "decoder.up.3.upsample": {
    "l2_value": 0.0007726791081950068,
    "cosine_value": 0.24416649341583252,
    "shape": [
      1,
      512,
      128,
      128
    ],
    "method": "Both"
  },
  "decoder.conv_out": {
    "l2_value": 0.0003281737444922328,
    "cosine_value": 0.23175299167633057,
    "shape": [
      1,
      3,
      512,
      512
    ],
    "method": "Both"
  }
}