{
  "decoder.conv_in": {
    "l2_value": 0.0007294770912267268,
    "cosine_value": 0.505189448595047,
    "shape": [
      1,
      512,
      64,
      64
    ],
    "method": "Both"
  },
  "decoder.mid.block_1": {
    "l2_value": 0.0006898439023643732,
    "cosine_value": 0.43342888355255127,
    "shape": [
      1,
      512,
      64,
      64
    ],
    "method": "Both"
  },
  "decoder.mid.attn_1": {
    "l2_value": 0.0006811080384068191,
    "cosine_value": 0.4095514416694641,
    "shape": [
      1,
      512,
      64,
      64
    ],
    "method": "Both"
  },
  "decoder.mid.block_2": {
    "l2_value": 0.0007053888984955847,
    "cosine_value": 0.4047520160675049,
    "shape": [
      1,
      512,
      64,
      64
    ],
    "method": "Both"
  },
  "decoder.up.0.block.0": {
    "l2_value": 0.002887170994654298,
    "cosine_value": 0.09849083423614502,
    "shape": [
      1,
      128,
      512,
      512
    ],
    "method": "Both"
  },
  "decoder.up.0.block.1": {
    "l2_value": 0.002960470039397478,
    "cosine_value": 0.08300292491912842,
    "shape": [
      1,
      128,
      512,
      512
    ],
    "method": "Both"
  },
  "decoder.up.0.block.2": {
    "l2_value": 0.003051560837775469,
    "cosine_value": 0.06919330358505249,
    "shape": [
      1,
      128,
      512,
      512
    ],
    "method": "Both"
  },
  "decoder.up.1.block.0": {
    "l2_value": 0.0015877889236435294,
    "cosine_value": 0.27829402685165405,
    "shape": [
      1,
      256,
      256,
      256
    ],
    "method": "Both"
  },
  "decoder.up.1.block.1": {
    "l2_value": 0.0016297884285449982,
    "cosine_value": 0.29768800735473633,
    "shape": [
      1,
      256,
      256,
      256
    ],
    "method": "Both"
  },
  "decoder.up.1.block.2": {
    "l2_value": 0.0015446760226041079,
    "cosine_value": 0.3229159712791443,
    "shape": [
      1,
      256,
      256,
      256
    ],
    "method": "Both"
  },
  "decoder.up.1.upsample": {
    "l2_value": 0.0018457953119650483,
    "cosine_value": 0.23864996433258057,
    "shape": [
      1,
      256,
      512,
      512
    ],
    "method": "Both"
  },
  "decoder.up.2.block.0": {
    "l2_value": 0.0012819080147892237,
    "cosine_value": 0.3601296544075012,
    "shape": [
      1,
      512,
      128,
      128
    ],
    "method": "Both"
  },
  "decoder.up.2.block.1": {
    "l2_value": 0.0013168323785066605,
    "cosine_value": 0.357077956199646,
    "shape": [
      1,
      512,
      128,
      128
    ],
    "method": "Both"
  },
  "decoder.up.2.block.2": {
    "l2_value": 0.0011843409156426787,
    "cosine_value": 0.3942416310310364,
    "shape": [
      1,
      512,
      128,
      128
    ],
    "method": "Both"
  },
  "decoder.up.2.upsample": {
    "l2_value": 0.001843883190304041,
    "cosine_value": 0.3484213948249817,
    "shape": [
      1,
      512,
      256,
      256
    ],
    "method": "Both"
  },
  "decoder.up.3.block.0": {
    "l2_value": 0.000766781740821898,
    "cosine_value": 0.41690170764923096,
    "shape": [
      1,
      512,
      64,
      64
    ],
    "method": "Both"
  },
  "decoder.up.3.block.1": {
    "l2_value": 0.0008002970134839416,
    "cosine_value": 0.44067227840423584,
    "shape": [
      1,
      512,
      64,
      64
    ],
    "method": "Both"
  },
  "decoder.up.3.block.2": {
    "l2_value": 0.0007284486200660467,
    "cosine_value": 0.4478490948677063,
    "shape": [
      1,
      512,
      64,
      64
    ],
    "method": "Both"
  },
  "decoder.up.3.upsample": {
    "l2_value": 0.0013036582386121154,
    "cosine_value": 0.39143842458724976,
    "shape": [
      1,
      512,
      128,
      128
    ],
    "method": "Both"
  },
  "decoder.conv_out": {
    "l2_value": 0.0004849545269583662,
    "cosine_value": 0.3191273808479309,
    "shape": [
      1,
      3,
      512,
      512
    ],
    "method": "Both"
  }
}