{
  "decoder.conv_in": {
    "l2_value": 0.0003937580331694335,
    "cosine_value": 0.5618552565574646,
    "shape": [
      1,
      512,
      64,
      64
    ],
    "method": "Both"
  },
  "decoder.mid.block_1": {
    "l2_value": 0.00044573002378456295,
    "cosine_value": 0.35818320512771606,
    "shape": [
      1,
      512,
      64,
      64
    ],
    "method": "Both"
  },
  "decoder.mid.attn_1": {
    "l2_value": 0.00043960599577985704,
    "cosine_value": 0.31313401460647583,
    "shape": [
      1,
      512,
      64,
      64
    ],
    "method": "Both"
  },
  "decoder.mid.block_2": {
    "l2_value": 0.00046319261309690773,
    "cosine_value": 0.3131592273712158,
    "shape": [
      1,
      512,
      64,
      64
    ],
    "method": "Both"
  },
  "decoder.up.0.block.0": {
    "l2_value": 0.0025118303019553423,
    "cosine_value": 0.14604371786117554,
    "shape": [
      1,
      128,
      512,
      512
    ],
    "method": "Both"
  },
  "decoder.up.0.block.1": {
    "l2_value": 0.002761594019830227,
    "cosine_value": 0.12851804494857788,
    "shape": [
      1,
      128,
      512,
      512
    ],
    "method": "Both"
  },
  "decoder.up.0.block.2": {
    "l2_value": 0.0030905555468052626,
    "cosine_value": 0.11535131931304932,
    "shape": [
      1,
      128,
      512,
      512
    ],
    "method": "Both"
  },
  "decoder.up.1.block.0": {
    "l2_value": 0.001208553439937532,
    "cosine_value": 0.23958104848861694,
    "shape": [
      1,
      256,
      256,
      256
    ],
    "method": "Both"
  },
  "decoder.up.1.block.1": {
    "l2_value": 0.0012227327097207308,
    "cosine_value": 0.23772776126861572,
    "shape": [
      1,
      256,
      256,
      256
    ],
    "method": "Both"
  },
  "decoder.up.1.block.2": {
    "l2_value": 0.0011215482372790575,
    "cosine_value": 0.26624250411987305,
    "shape": [
      1,
      256,
      256,
      256
    ],
    "method": "Both"
  },
  "decoder.up.1.upsample": {
    "l2_value": 0.0012895241379737854,
    "cosine_value": 0.21469461917877197,
    "shape": [
      1,
      256,
      512,
      512
    ],
    "method": "Both"
  },
  "decoder.up.2.block.0": {
    "l2_value": 0.000890870054718107,
    "cosine_value": 0.2823205590248108,
    "shape": [
      1,
      512,
      128,
      128
    ],
    "method": "Both"
  },
  "decoder.up.2.block.1": {
    "l2_value": 0.0009288695291616023,
    "cosine_value": 0.2984347343444824,
    "shape": [
      1,
      512,
      128,
      128
    ],
    "method": "Both"
  },
  "decoder.up.2.block.2": {
    "l2_value": 0.0008439371595159173,
    "cosine_value": 0.3678750991821289,
    "shape": [
      1,
      512,
      128,
      128
    ],
    "method": "Both"
  },
  "decoder.up.2.upsample": {
    "l2_value": 0.0013459690380841494,
    "cosine_value": 0.3300167918205261,
    "shape": [
      1,
      512,
      256,
      256
    ],
    "method": "Both"
  },
  "decoder.up.3.block.0": {
    "l2_value": 0.0005215785931795835,
    "cosine_value": 0.3345237374305725,
    "shape": [
      1,
      512,
      64,
      64
    ],
    "method": "Both"
  },
  "decoder.up.3.block.1": {
    "l2_value": 0.0005430554156191647,
    "cosine_value": 0.3383180499076843,
    "shape": [
      1,
      512,
      64,
      64
    ],
    "method": "Both"
  },
  "decoder.up.3.block.2": {
    "l2_value": 0.0005080239498056471,
    "cosine_value": 0.37588953971862793,
    "shape": [
      1,
      512,
      64,
      64
    ],
    "method": "Both"
  },
  "decoder.up.3.upsample": {
    "l2_value": 0.0008887480944395065,
    "cosine_value": 0.3128952980041504,
    "shape": [
      1,
      512,
      128,
      128
    ],
    "method": "Both"
  },
  "decoder.conv_out": {
    "l2_value": 0.0004840381831551592,
    "cosine_value": 0.3387458324432373,
    "shape": [
      1,
      3,
      512,
      512
    ],
    "method": "Both"
  }
}