{
  "decoder.conv_in": {
    "l2_value": 0.00032328240922652185,
    "cosine_value": 0.3487136960029602,
    "shape": [
      1,
      512,
      64,
      64
    ],
    "method": "Both"
  },
  "decoder.mid.block_1": {
    "l2_value": 0.00036080260179005563,
    "cosine_value": 0.2375916838645935,
    "shape": [
      1,
      512,
      64,
      64
    ],
    "method": "Both"
  },
  "decoder.mid.attn_1": {
    "l2_value": 0.00035682047018781304,
    "cosine_value": 0.199263334274292,
    "shape": [
      1,
      512,
      64,
      64
    ],
    "method": "Both"
  },
  "decoder.mid.block_2": {
    "l2_value": 0.00037055296706967056,
    "cosine_value": 0.1967465877532959,
    "shape": [
      1,
      512,
      64,
      64
    ],
    "method": "Both"
  },
  "decoder.up.0.block.0": {
    "l2_value": 0.0017876788042485714,
    "cosine_value": 0.07517093420028687,
    "shape": [
      1,
      128,
      512,
      512
    ],
    "method": "Both"
  },
  "decoder.up.0.block.1": {
    "l2_value": 0.001937178778462112,
    "cosine_value": 0.0636512041091919,
    "shape": [
      1,
      128,
      512,
      512
    ],
    "method": "Both"
  },
  "decoder.up.0.block.2": {
    "l2_value": 0.0021284909453243017,
    "cosine_value": 0.05484282970428467,
    "shape": [
      1,
      128,
      512,
      512
    ],
    "method": "Both"
  },
  "decoder.up.1.block.0": {
    "l2_value": 0.0009578134631738067,
    "cosine_value": 0.15545392036437988,
    "shape": [
      1,
      256,
      256,
      256
    ],
    "method": "Both"
  },
  "decoder.up.1.block.1": {
    "l2_value": 0.0009649890707805753,
    "cosine_value": 0.15584880113601685,
    "shape": [
      1,
      256,
      256,
      256
    ],
    "method": "Both"
  },
  "decoder.up.1.block.2": {
    "l2_value": 0.000876723846886307,
    "cosine_value": 0.17702215909957886,
    "shape": [
      1,
      256,
      256,
      256
    ],
    "method": "Both"
  },
  "decoder.up.1.upsample": {
    "l2_value": 0.0009974646382033825,
    "cosine_value": 0.13790208101272583,
    "shape": [
      1,
      256,
      512,
      512
    ],
    "method": "Both"
  },
  "decoder.up.2.block.0": {
    "l2_value": 0.0007141311652958393,
    "cosine_value": 0.17719686031341553,
    "shape": [
      1,
      512,
      128,
      128
    ],
    "method": "Both"
  },
  "decoder.up.2.block.1": {
    "l2_value": 0.0007439320906996727,
    "cosine_value": 0.18996363878250122,
    "shape": [
      1,
      512,
      128,
      128
    ],
    "method": "Both"
  },
  "decoder.up.2.block.2": {
    "l2_value": 0.0006737565854564309,
    "cosine_value": 0.24132156372070312,
    "shape": [
      1,
      512,
      128,
      128
    ],
    "method": "Both"
  },
  "decoder.up.2.upsample": {
    "l2_value": 0.0010643742280080914,
    "cosine_value": 0.2106267213821411,
    "shape": [
      1,
      512,
      256,
      256
    ],
    "method": "Both"
  },
  "decoder.up.3.block.0": {
    "l2_value": 0.0004159609379712492,
    "cosine_value": 0.2109697461128235,
    "shape": [
      1,
      512,
      64,
      64
    ],
    "method": "Both"
  },
  "decoder.up.3.block.1": {
    "l2_value": 0.00043639857904054224,
    "cosine_value": 0.2171652913093567,
    "shape": [
      1,
      512,
      64,
      64
    ],
    "method": "Both"
  },
  "decoder.up.3.block.2": {
    "l2_value": 0.00041032617446035147,
    "cosine_value": 0.24479728937149048,
    "shape": [
      1,
      512,
      64,
      64
    ],
    "method": "Both"
  },
  "decoder.up.3.upsample": {
    "l2_value": 0.000716746028047055,
    "cosine_value": 0.19611889123916626,
    "shape": [
      1,
      512,
      128,
      128
    ],
    "method": "Both"
  },
  "decoder.conv_out": {
    "l2_value": 0.00036065004921207827,
    "cosine_value": 0.2982100248336792,
    "shape": [
      1,
      3,
      512,
      512
    ],
    "method": "Both"
  }
}