{
  "decoder.conv_in": {
    "l2_value": 0.0006352521013468504,
    "cosine_value": 0.4149203300476074,
    "shape": [
      1,
      512,
      64,
      64
    ],
    "method": "Both"
  },
  "decoder.mid.block_1": {
    "l2_value": 0.0006682578241452575,
    "cosine_value": 0.4282066822052002,
    "shape": [
      1,
      512,
      64,
      64
    ],
    "method": "Both"
  },
  "decoder.mid.attn_1": {
    "l2_value": 0.0006611824501305819,
    "cosine_value": 0.39677172899246216,
    "shape": [
      1,
      512,
      64,
      64
    ],
    "method": "Both"
  },
  "decoder.mid.block_2": {
    "l2_value": 0.0006592739373445511,
    "cosine_value": 0.36650532484054565,
    "shape": [
      1,
      512,
      64,
      64
    ],
    "method": "Both"
  },
  "decoder.up.0.block.0": {
    "l2_value": 0.008474165573716164,
    "cosine_value": 0.8549236357212067,
    "shape": [
      1,
      128,
      512,
      512
    ],
    "method": "Both"
  },
  "decoder.up.0.block.1": {
    "l2_value": 0.009629548527300358,
    "cosine_value": 0.8724984675645828,
    "shape": [
      1,
      128,
      512,
      512
    ],
    "method": "Both"
  },
  "decoder.up.0.block.2": {
    "l2_value": 0.010963719338178635,
    "cosine_value": 0.8842099905014038,
    "shape": [
      1,
      128,
      512,
      512
    ],
    "method": "Both"
  },
  "decoder.up.1.block.0": {
    "l2_value": 0.0015377881936728954,
    "cosine_value": 0.3014984726905823,
    "shape": [
      1,
      256,
      256,
      256
    ],
    "method": "Both"
  },
  "decoder.up.1.block.1": {
    "l2_value": 0.0015754785854369402,
    "cosine_value": 0.3245953917503357,
    "shape": [
      1,
      256,
      256,
      256
    ],
    "method": "Both"
  },
  "decoder.up.1.block.2": {
    "l2_value": 0.0015033890958875418,
    "cosine_value": 0.3721981644630432,
    "shape": [
      1,
      256,
      256,
      256
    ],
    "method": "Both"
  },
  "decoder.up.1.upsample": {
    "l2_value": 0.0026484441477805376,
    "cosine_value": 0.5603876709938049,
    "shape": [
      1,
      256,
      512,
      512
    ],
    "method": "Both"
  },
  "decoder.up.2.block.0": {
    "l2_value": 0.0011316398158669472,
    "cosine_value": 0.2901732921600342,
    "shape": [
      1,
      512,
      128,
      128
    ],
    "method": "Both"
  },
  "decoder.up.2.block.1": {
    "l2_value": 0.0011601124424487352,
    "cosine_value": 0.2911350727081299,
    "shape": [
      1,
      512,
      128,
      128
    ],
    "method": "Both"
  },
  "decoder.up.2.block.2": {
    "l2_value": 0.001039612339809537,
    "cosine_value": 0.34088951349258423,
    "shape": [
      1,
      512,
      128,
      128
    ],
    "method": "Both"
  },
  "decoder.up.2.upsample": {
    "l2_value": 0.0016398138832300901,
    "cosine_value": 0.31349462270736694,
    "shape": [
      1,
      512,
      256,
      256
    ],
    "method": "Both"
  },
  "decoder.up.3.block.0": {
    "l2_value": 0.0007075046887621284,
    "cosine_value": 0.36783677339553833,
    "shape": [
      1,
      512,
      64,
      64
    ],
    "method": "Both"
  },
  "decoder.up.3.block.1": {
    "l2_value": 0.0007143300026655197,
    "cosine_value": 0.3641371726989746,
    "shape": [
      1,
      512,
      64,
      64
    ],
    "method": "Both"
  },
  "decoder.up.3.block.2": {
    "l2_value": 0.0006410905043594539,
    "cosine_value": 0.36542844772338867,
    "shape": [
      1,
      512,
      64,
      64
    ],
    "method": "Both"
  },
  "decoder.up.3.upsample": {
    "l2_value": 0.0011494600912556052,
    "cosine_value": 0.3110054135322571,
    "shape": [
      1,
      512,
      128,
      128
    ],
    "method": "Both"
  },
  "decoder.conv_out": {
    "l2_value": 0.00035617131895075244,
    "cosine_value": 0.2819434404373169,
    "shape": [
      1,
      3,
      512,
      512
    ],
    "method": "Both"
  }
}