{
  "decoder.conv_in": {
    "l2_value": 0.00015526705828960985,
    "cosine_value": 0.07332658767700195,
    "shape": [
      1,
      512,
      64,
      64
    ],
    "method": "Both"
  },
  "decoder.mid.block_1": {
    "l2_value": 0.0001754622207954526,
    "cosine_value": 0.05577981472015381,
    "shape": [
      1,
      512,
      64,
      64
    ],
    "method": "Both"
  },
  "decoder.mid.attn_1": {
    "l2_value": 0.00018114910926669836,
    "cosine_value": 0.0506095290184021,
    "shape": [
      1,
      512,
      64,
      64
    ],
    "method": "Both"
  },
  "decoder.mid.block_2": {
    "l2_value": 0.0001879535848274827,
    "cosine_value": 0.04975372552871704,
    "shape": [
      1,
      512,
      64,
      64
    ],
    "method": "Both"
  },
  "decoder.up.0.block.0": {
    "l2_value": 0.0008327459217980504,
    "cosine_value": 0.017583370208740234,
    "shape": [
      1,
      128,
      512,
      512
    ],
    "method": "Both"
  },
  "decoder.up.0.block.1": {
    "l2_value": 0.0009257144993171096,
    "cosine_value": 0.015547871589660645,
    "shape": [
      1,
      128,
      512,
      512
    ],
    "method": "Both"
  },
  "decoder.up.0.block.2": {
    "l2_value": 0.0010393948759883642,
    "cosine_value": 0.013901889324188232,
    "shape": [
      1,
      128,
      512,
      512
    ],
    "method": "Both"
  },
  "decoder.up.1.block.0": {
    "l2_value": 0.00047874823212623596,
    "cosine_value": 0.038947105407714844,
    "shape": [
      1,
      256,
      256,
      256
    ],
    "method": "Both"
  },
  "decoder.up.1.block.1": {
    "l2_value": 0.00047026234096847475,
    "cosine_value": 0.03714609146118164,
    "shape": [
      1,
      256,
      256,
      256
    ],
    "method": "Both"
  },
  "decoder.up.1.block.2": {
    "l2_value": 0.0004149693704675883,
    "cosine_value": 0.04017060995101929,
    "shape": [
      1,
      256,
      256,
      256
    ],
    "method": "Both"
  },
  "decoder.up.1.upsample": {
    "l2_value": 0.00048578460700809956,
    "cosine_value": 0.03359800577163696,
    "shape": [
      1,
      256,
      512,
      512
    ],
    "method": "Both"
  },
  "decoder.up.2.block.0": {
    "l2_value": 0.00036034907680004835,
    "cosine_value": 0.0440751314163208,
    "shape": [
      1,
      512,
      128,
      128
    ],
    "method": "Both"
  },
  "decoder.up.2.block.1": {
    "l2_value": 0.00037712694029323757,
    "cosine_value": 0.04771709442138672,
    "shape": [
      1,
      512,
      128,
      128
    ],
    "method": "Both"
  },
  "decoder.up.2.block.2": {
    "l2_value": 0.00033555651316419244,
    "cosine_value": 0.05824613571166992,
    "shape": [
      1,
      512,
      128,
      128
    ],
    "method": "Both"
  },
  "decoder.up.2.upsample": {
    "l2_value": 0.0005372886662371457,
    "cosine_value": 0.05229395627975464,
    "shape": [
      1,
      512,
      256,
      256
    ],
    "method": "Both"
  },
  "decoder.up.3.block.0": {
    "l2_value": 0.00020580024283844978,
    "cosine_value": 0.0509989857673645,
    "shape": [
      1,
      512,
      64,
      64
    ],
    "method": "Both"
  },
  "decoder.up.3.block.1": {
    "l2_value": 0.00021637081226799637,
    "cosine_value": 0.05193203687667847,
    "shape": [
      1,
      512,
      64,
      64
    ],
    "method": "Both"
  },
  "decoder.up.3.block.2": {
    "l2_value": 0.0002026091533480212,
    "cosine_value": 0.0586472749710083,
    "shape": [
      1,
      512,
      64,
      64
    ],
    "method": "Both"
  },
  "decoder.up.3.upsample": {
    "l2_value": 0.0003622929798439145,
    "cosine_value": 0.04873746633529663,
    "shape": [
      1,
      512,
      128,
      128
    ],
    "method": "Both"
  },
  "decoder.conv_out": {
    "l2_value": 0.00013678013541114828,
    "cosine_value": 0.04569888114929199,
    "shape": [
      1,
      3,
      512,
      512
    ],
    "method": "Both"
  }
}