{
  "decoder.conv_in": {
    "l2_value": 0.0001787808141671121,
    "cosine_value": 0.10776758193969727,
    "shape": [
      1,
      512,
      64,
      64
    ],
    "method": "Both"
  },
  "decoder.mid.block_1": {
    "l2_value": 0.00021615417790599167,
    "cosine_value": 0.07785749435424805,
    "shape": [
      1,
      512,
      64,
      64
    ],
    "method": "Both"
  },
  "decoder.mid.attn_1": {
    "l2_value": 0.00021368821035139263,
    "cosine_value": 0.06999248266220093,
    "shape": [
      1,
      512,
      64,
      64
    ],
    "method": "Both"
  },
  "decoder.mid.block_2": {
    "l2_value": 0.00022553933376912028,
    "cosine_value": 0.07124656438827515,
    "shape": [
      1,
      512,
      64,
      64
    ],
    "method": "Both"
  },
  "decoder.up.0.block.0": {
    "l2_value": 0.004190297331660986,
    "cosine_value": 0.4009360074996948,
    "shape": [
      1,
      128,
      512,
      512
    ],
    "method": "Both"
  },
  "decoder.up.0.block.1": {
    "l2_value": 0.005109733901917934,
    "cosine_value": 0.43421244621276855,
    "shape": [
      1,
      128,
      512,
      512
    ],
    "method": "Both"
  },
  "decoder.up.0.block.2": {
    "l2_value": 0.006198625545948744,
    "cosine_value": 0.4581727385520935,
    "shape": [
      1,
      128,
      512,
      512
    ],
    "method": "Both"
  },
  "decoder.up.1.block.0": {
    "l2_value": 0.0005627586506307125,
    "cosine_value": 0.04939603805541992,
    "shape": [
      1,
      256,
      256,
      256
    ],
    "method": "Both"
  },
  "decoder.up.1.block.1": {
    "l2_value": 0.0005737115279771388,
    "cosine_value": 0.04972749948501587,
    "shape": [
      1,
      256,
      256,
      256
    ],
    "method": "Both"
  },
  "decoder.up.1.block.2": {
    "l2_value": 0.0005468723829835653,
    "cosine_value": 0.059324562549591064,
    "shape": [
      1,
      256,
      256,
      256
    ],
    "method": "Both"
  },
  "decoder.up.1.upsample": {
    "l2_value": 0.0009153220453299582,
    "cosine_value": 0.10321187973022461,
    "shape": [
      1,
      256,
      512,
      512
    ],
    "method": "Both"
  },
  "decoder.up.2.block.0": {
    "l2_value": 0.0004162131226621568,
    "cosine_value": 0.05915820598602295,
    "shape": [
      1,
      512,
      128,
      128
    ],
    "method": "Both"
  },
  "decoder.up.2.block.1": {
    "l2_value": 0.00043240110971964896,
    "cosine_value": 0.062299251556396484,
    "shape": [
      1,
      512,
      128,
      128
    ],
    "method": "Both"
  },
  "decoder.up.2.block.2": {
    "l2_value": 0.00038944321568123996,
    "cosine_value": 0.07434159517288208,
    "shape": [
      1,
      512,
      128,
      128
    ],
    "method": "Both"
  },
  "decoder.up.2.upsample": {
    "l2_value": 0.0006111914408393204,
    "cosine_value": 0.06439536809921265,
    "shape": [
      1,
      512,
      256,
      256
    ],
    "method": "Both"
  },
  "decoder.up.3.block.0": {
    "l2_value": 0.0002534950035624206,
    "cosine_value": 0.07687205076217651,
    "shape": [
      1,
      512,
      64,
      64
    ],
    "method": "Both"
  },
  "decoder.up.3.block.1": {
    "l2_value": 0.0002584012399893254,
    "cosine_value": 0.07413387298583984,
    "shape": [
      1,
      512,
      64,
      64
    ],
    "method": "Both"
  },
  "decoder.up.3.block.2": {
    "l2_value": 0.00024078416754491627,
    "cosine_value": 0.08079290390014648,
    "shape": [
      1,
      512,
      64,
      64
    ],
    "method": "Both"
  },
  "decoder.up.3.upsample": {
    "l2_value": 0.00041791124385781586,
    "cosine_value": 0.06624388694763184,
    "shape": [
      1,
      512,
      128,
      128
    ],
    "method": "Both"
  },
  "decoder.conv_out": {
    "l2_value": 0.00018076482228934765,
    "cosine_value": 0.0417325496673584,
    "shape": [
      1,
      3,
      512,
      512
    ],
    "method": "Both"
  }
}