{
  "decoder.conv_in": {
    "l2_value": 0.0003793544601649046,
    "cosine_value": 0.12620925903320312,
    "shape": [
      1,
      512,
      64,
      64
    ],
    "method": "Both"
  },
  "decoder.mid.block_1": {
    "l2_value": 0.00042601110180839896,
    "cosine_value": 0.15415674448013306,
    "shape": [
      1,
      512,
      64,
      64
    ],
    "method": "Both"
  },
  "decoder.mid.attn_1": {
    "l2_value": 0.00042131514055654407,
    "cosine_value": 0.14819121360778809,
    "shape": [
      1,
      512,
      64,
      64
    ],
    "method": "Both"
  },
  "decoder.mid.block_2": {
    "l2_value": 0.00041765402420423925,
    "cosine_value": 0.13662832975387573,
    "shape": [
      1,
      512,
      64,
      64
    ],
    "method": "Both"
  },
  "decoder.up.0.block.0": {
    "l2_value": 0.00628130417317152,
    "cosine_value": 0.4416242241859436,
    "shape": [
      1,
      128,
      512,
      512
    ],
    "method": "Both"
  },
  "decoder.up.0.block.1": {
    "l2_value": 0.007226082496345043,
    "cosine_value": 0.4667249321937561,
    "shape": [
      1,
      128,
      512,
      512
    ],
    "method": "Both"
  },
  "decoder.up.0.block.2": {
    "l2_value": 0.008304532617330551,
    "cosine_value": 0.4844849705696106,
    "shape": [
      1,
      128,
      512,
      512
    ],
    "method": "Both"
  },
  "decoder.up.1.block.0": {
    "l2_value": 0.0009731394820846617,
    "cosine_value": 0.09803497791290283,
    "shape": [
      1,
      256,
      256,
      256
    ],
    "method": "Both"
  },
  "decoder.up.1.block.1": {
    "l2_value": 0.001003531157039106,
    "cosine_value": 0.10500442981719971,
    "shape": [
      1,
      256,
      256,
      256
    ],
    "method": "Both"
  },
  "decoder.up.1.block.2": {
    "l2_value": 0.0009650245774537325,
    "cosine_value": 0.11543750762939453,
    "shape": [
      1,
      256,
      256,
      256
    ],
    "method": "Both"
  },
  "decoder.up.1.upsample": {
    "l2_value": 0.0018235918832942843,
    "cosine_value": 0.2169542908668518,
    "shape": [
      1,
      256,
      512,
      512
    ],
    "method": "Both"
  },
  "decoder.up.2.block.0": {
    "l2_value": 0.0006986719672568142,
    "cosine_value": 0.1039000153541565,
    "shape": [
      1,
      512,
      128,
      128
    ],
    "method": "Both"
  },
  "decoder.up.2.block.1": {
    "l2_value": 0.0007133533945307136,
    "cosine_value": 0.10268527269363403,
    "shape": [
      1,
      512,
      128,
      128
    ],
    "method": "Both"
  },
  "decoder.up.2.block.2": {
    "l2_value": 0.0006373737123794854,
    "cosine_value": 0.10908079147338867,
    "shape": [
      1,
      512,
      128,
      128
    ],
    "method": "Both"
  },
  "decoder.up.2.upsample": {
    "l2_value": 0.0010009343968704343,
    "cosine_value": 0.09656411409378052,
    "shape": [
      1,
      512,
      256,
      256
    ],
    "method": "Both"
  },
  "decoder.up.3.block.0": {
    "l2_value": 0.0004465121019165963,
    "cosine_value": 0.13809126615524292,
    "shape": [
      1,
      512,
      64,
      64
    ],
    "method": "Both"
  },
  "decoder.up.3.block.1": {
    "l2_value": 0.0004415629373397678,
    "cosine_value": 0.13164806365966797,
    "shape": [
      1,
      512,
      64,
      64
    ],
    "method": "Both"
  },
  "decoder.up.3.block.2": {
    "l2_value": 0.00039170662057586014,
    "cosine_value": 0.12533575296401978,
    "shape": [
      1,
      512,
      64,
      64
    ],
    "method": "Both"
  },
  "decoder.up.3.upsample": {
    "l2_value": 0.0007010885747149587,
    "cosine_value": 0.1098906397819519,
    "shape": [
      1,
      512,
      128,
      128
    ],
    "method": "Both"
  },
  "decoder.conv_out": {
    "l2_value": 0.00017940602265298367,
    "cosine_value": 0.039991140365600586,
    "shape": [
      1,
      3,
      512,
      512
    ],
    "method": "Both"
  }
}