{
  "decoder.conv_in": {
    "l2_value": 0.00018206360982730985,
    "cosine_value": 0.09087979793548584,
    "shape": [
      1,
      512,
      64,
      64
    ],
    "method": "Both"
  },
  "decoder.mid.block_1": {
    "l2_value": 0.00020535751536954194,
    "cosine_value": 0.0654345154762268,
    "shape": [
      1,
      512,
      64,
      64
    ],
    "method": "Both"
  },
  "decoder.mid.attn_1": {
    "l2_value": 0.00020340800983831286,
    "cosine_value": 0.05945867300033569,
    "shape": [
      1,
      512,
      64,
      64
    ],
    "method": "Both"
  },
  "decoder.mid.block_2": {
    "l2_value": 0.00021911904332228005,
    "cosine_value": 0.06257128715515137,
    "shape": [
      1,
      512,
      64,
      64
    ],
    "method": "Both"
  },
  "decoder.up.0.block.0": {
    "l2_value": 0.002909291535615921,
    "cosine_value": 0.1990513801574707,
    "shape": [
      1,
      128,
      512,
      512
    ],
    "method": "Both"
  },
  "decoder.up.0.block.1": {
    "l2_value": 0.0035755052231252193,
    "cosine_value": 0.22044509649276733,
    "shape": [
      1,
      128,
      512,
      512
    ],
    "method": "Both"
  },
  "decoder.up.0.block.2": {
    "l2_value": 0.004351268522441387,
    "cosine_value": 0.23642832040786743,
    "shape": [
      1,
      128,
      512,
      512
    ],
    "method": "Both"
  },
  "decoder.up.1.block.0": {
    "l2_value": 0.0005438850494101644,
    "cosine_value": 0.04227554798126221,
    "shape": [
      1,
      256,
      256,
      256
    ],
    "method": "Both"
  },
  "decoder.up.1.block.1": {
    "l2_value": 0.0005481811822392046,
    "cosine_value": 0.04171133041381836,
    "shape": [
      1,
      256,
      256,
      256
    ],
    "method": "Both"
  },
  "decoder.up.1.block.2": {
    "l2_value": 0.0005112283397465944,
    "cosine_value": 0.04704183340072632,
    "shape": [
      1,
      256,
      256,
      256
    ],
    "method": "Both"
  },
  "decoder.up.1.upsample": {
    "l2_value": 0.0007142630056478083,
    "cosine_value": 0.057930171489715576,
    "shape": [
      1,
      256,
      512,
      512
    ],
    "method": "Both"
  },
  "decoder.up.2.block.0": {
    "l2_value": 0.00041385862277820706,
    "cosine_value": 0.054262757301330566,
    "shape": [
      1,
      512,
      128,
      128
    ],
    "method": "Both"
  },
  "decoder.up.2.block.1": {
    "l2_value": 0.0004316190897952765,
    "cosine_value": 0.05760383605957031,
    "shape": [
      1,
      512,
      128,
      128
    ],
    "method": "Both"
  },
  "decoder.up.2.block.2": {
    "l2_value": 0.00038735062116757035,
    "cosine_value": 0.06690585613250732,
    "shape": [
      1,
      512,
      128,
      128
    ],
    "method": "Both"
  },
  "decoder.up.2.upsample": {
    "l2_value": 0.00060775235760957,
    "cosine_value": 0.0573270320892334,
    "shape": [
      1,
      512,
      256,
      256
    ],
    "method": "Both"
  },
  "decoder.up.3.block.0": {
    "l2_value": 0.0002457243681419641,
    "cosine_value": 0.06779295206069946,
    "shape": [
      1,
      512,
      64,
      64
    ],
    "method": "Both"
  },
  "decoder.up.3.block.1": {
    "l2_value": 0.000255680235568434,
    "cosine_value": 0.06799113750457764,
    "shape": [
      1,
      512,
      64,
      64
    ],
    "method": "Both"
  },
  "decoder.up.3.block.2": {
    "l2_value": 0.00023787539976183325,
    "cosine_value": 0.07329308986663818,
    "shape": [
      1,
      512,
      64,
      64
    ],
    "method": "Both"
  },
  "decoder.up.3.upsample": {
    "l2_value": 0.00041725600021891296,
    "cosine_value": 0.0608673095703125,
    "shape": [
      1,
      512,
      128,
      128
    ],
    "method": "Both"
  },
  "decoder.conv_out": {
    "l2_value": 0.00019587219382325807,
    "cosine_value": 0.037259817123413086,
    "shape": [
      1,
      3,
      512,
      512
    ],
    "method": "Both"
  }
}