{
  "decoder.conv_in": {
    "l2_value": 0.0004851308767683804,
    "cosine_value": 0.1943531036376953,
    "shape": [
      1,
      512,
      64,
      64
    ],
    "method": "Both"
  },
  "decoder.mid.block_1": {
    "l2_value": 0.0005088641191832721,
    "cosine_value": 0.20728522539138794,
    "shape": [
      1,
      512,
      64,
      64
    ],
    "method": "Both"
  },
  "decoder.mid.attn_1": {
    "l2_value": 0.0005083468277007341,
    "cosine_value": 0.2054845094680786,
    "shape": [
      1,
      512,
      64,
      64
    ],
    "method": "Both"
  },
  "decoder.mid.block_2": {
    "l2_value": 0.000523616501595825,
    "cosine_value": 0.20250827074050903,
    "shape": [
      1,
      512,
      64,
      64
    ],
    "method": "Both"
  },
  "decoder.up.0.block.0": {
    "l2_value": 0.00724144047126174,
    "cosine_value": 0.6297965049743652,
    "shape": [
      1,
      128,
      512,
      512
    ],
    "method": "Both"
  },
  "decoder.up.0.block.1": {
    "l2_value": 0.008342948742210865,
    "cosine_value": 0.6672660708427429,
    "shape": [
      1,
      128,
      512,
      512
    ],
    "method": "Both"
  },
  "decoder.up.0.block.2": {
    "l2_value": 0.009637415409088135,
    "cosine_value": 0.6990132033824921,
    "shape": [
      1,
      128,
      512,
      512
    ],
    "method": "Both"
  },
  "decoder.up.1.block.0": {
    "l2_value": 0.0011493437923491001,
    "cosine_value": 0.13126474618911743,
    "shape": [
      1,
      256,
      256,
      256
    ],
    "method": "Both"
  },
  "decoder.up.1.block.1": {
    "l2_value": 0.0011864894768223166,
    "cosine_value": 0.1413777470588684,
    "shape": [
      1,
      256,
      256,
      256
    ],
    "method": "Both"
  },
  "decoder.up.1.block.2": {
    "l2_value": 0.0011340545024722815,
    "cosine_value": 0.1544535756111145,
    "shape": [
      1,
      256,
      256,
      256
    ],
    "method": "Both"
  },
  "decoder.up.1.upsample": {
    "l2_value": 0.0020710767712444067,
    "cosine_value": 0.2785933017730713,
    "shape": [
      1,
      256,
      512,
      512
    ],
    "method": "Both"
  },
  "decoder.up.2.block.0": {
    "l2_value": 0.0008802912198007107,
    "cosine_value": 0.15483129024505615,
    "shape": [
      1,
      512,
      128,
      128
    ],
    "method": "Both"
  },
  "decoder.up.2.block.1": {
    "l2_value": 0.0009026953484863043,
    "cosine_value": 0.1546834111213684,
    "shape": [
      1,
      512,
      128,
      128
    ],
    "method": "Both"
  },
  "decoder.up.2.block.2": {
    "l2_value": 0.0007992155733518302,
    "cosine_value": 0.16168546676635742,
    "shape": [
      1,
      512,
      128,
      128
    ],
    "method": "Both"
  },
  "decoder.up.2.upsample": {
    "l2_value": 0.0012391303898766637,
    "cosine_value": 0.14012634754180908,
    "shape": [
      1,
      512,
      256,
      256
    ],
    "method": "Both"
  },
  "decoder.up.3.block.0": {
    "l2_value": 0.0005684954230673611,
    "cosine_value": 0.21081936359405518,
    "shape": [
      1,
      512,
      64,
      64
    ],
    "method": "Both"
  },
  "decoder.up.3.block.1": {
    "l2_value": 0.0005692790145985782,
    "cosine_value": 0.2046140432357788,
    "shape": [
      1,
      512,
      64,
      64
    ],
    "method": "Both"
  },
  "decoder.up.3.block.2": {
    "l2_value": 0.0005013940972276032,
    "cosine_value": 0.19183588027954102,
    "shape": [
      1,
      512,
      64,
      64
    ],
    "method": "Both"
  },
  "decoder.up.3.upsample": {
    "l2_value": 0.0008907681913115084,
    "cosine_value": 0.16531866788864136,
    "shape": [
      1,
      512,
      128,
      128
    ],
    "method": "Both"
  },
  "decoder.conv_out": {
    "l2_value": 0.00022828412087013325,
    "cosine_value": 0.0706171989440918,
    "shape": [
      1,
      3,
      512,
      512
    ],
    "method": "Both"
  }
}