{
  "decoder.conv_in": {
    "l2_value": 0.0002404623373877257,
    "cosine_value": 0.18637090921401978,
    "shape": [
      1,
      512,
      64,
      64
    ],
    "method": "Both"
  },
  "decoder.mid.block_1": {
    "l2_value": 0.00028243675478734076,
    "cosine_value": 0.13082170486450195,
    "shape": [
      1,
      512,
      64,
      64
    ],
    "method": "Both"
  },
  "decoder.mid.attn_1": {
    "l2_value": 0.00028253826894797385,
    "cosine_value": 0.1213616132736206,
    "shape": [
      1,
      512,
      64,
      64
    ],
    "method": "Both"
  },
  "decoder.mid.block_2": {
    "l2_value": 0.000300837418762967,
    "cosine_value": 0.12457680702209473,
    "shape": [
      1,
      512,
      64,
      64
    ],
    "method": "Both"
  },
  "decoder.up.0.block.0": {
    "l2_value": 0.004701519384980202,
    "cosine_value": 0.5382514595985413,
    "shape": [
      1,
      128,
      512,
      512
    ],
    "method": "Both"
  },
  "decoder.up.0.block.1": {
    "l2_value": 0.005779874511063099,
    "cosine_value": 0.5852565169334412,
    "shape": [
      1,
      128,
      512,
      512
    ],
    "method": "Both"
  },
  "decoder.up.0.block.2": {
    "l2_value": 0.007030854932963848,
    "cosine_value": 0.6188614964485168,
    "shape": [
      1,
      128,
      512,
      512
    ],
    "method": "Both"
  },
  "decoder.up.1.block.0": {
    "l2_value": 0.0007448421674780548,
    "cosine_value": 0.08669215440750122,
    "shape": [
      1,
      256,
      256,
      256
    ],
    "method": "Both"
  },
  "decoder.up.1.block.1": {
    "l2_value": 0.0007515700999647379,
    "cosine_value": 0.08574306964874268,
    "shape": [
      1,
      256,
      256,
      256
    ],
    "method": "Both"
  },
  "decoder.up.1.block.2": {
    "l2_value": 0.0006940372404642403,
    "cosine_value": 0.09669959545135498,
    "shape": [
      1,
      256,
      256,
      256
    ],
    "method": "Both"
  },
  "decoder.up.1.upsample": {
    "l2_value": 0.001064743148162961,
    "cosine_value": 0.14262491464614868,
    "shape": [
      1,
      256,
      512,
      512
    ],
    "method": "Both"
  },
  "decoder.up.2.block.0": {
    "l2_value": 0.0005625353078357875,
    "cosine_value": 0.10637027025222778,
    "shape": [
      1,
      512,
      128,
      128
    ],
    "method": "Both"
  },
  "decoder.up.2.block.1": {
    "l2_value": 0.000586005044169724,
    "cosine_value": 0.11294889450073242,
    "shape": [
      1,
      512,
      128,
      128
    ],
    "method": "Both"
  },
  "decoder.up.2.block.2": {
    "l2_value": 0.000525091600138694,
    "cosine_value": 0.13290369510650635,
    "shape": [
      1,
      512,
      128,
      128
    ],
    "method": "Both"
  },
  "decoder.up.2.upsample": {
    "l2_value": 0.0008269198588095605,
    "cosine_value": 0.11618638038635254,
    "shape": [
      1,
      512,
      256,
      256
    ],
    "method": "Both"
  },
  "decoder.up.3.block.0": {
    "l2_value": 0.0003383829025551677,
    "cosine_value": 0.1342889666557312,
    "shape": [
      1,
      512,
      64,
      64
    ],
    "method": "Both"
  },
  "decoder.up.3.block.1": {
    "l2_value": 0.0003496128774713725,
    "cosine_value": 0.13341712951660156,
    "shape": [
      1,
      512,
      64,
      64
    ],
    "method": "Both"
  },
  "decoder.up.3.block.2": {
    "l2_value": 0.00032519124215468764,
    "cosine_value": 0.1453697681427002,
    "shape": [
      1,
      512,
      64,
      64
    ],
    "method": "Both"
  },
  "decoder.up.3.upsample": {
    "l2_value": 0.0005686854128725827,
    "cosine_value": 0.12092834711074829,
    "shape": [
      1,
      512,
      128,
      128
    ],
    "method": "Both"
  },
  "decoder.conv_out": {
    "l2_value": 0.00023032294120639563,
    "cosine_value": 0.07442313432693481,
    "shape": [
      1,
      3,
      512,
      512
    ],
    "method": "Both"
  }
}