{
  "decoder.conv_in": {
    "l2_value": 0.00011132321378681809,
    "cosine_value": 0.03808706998825073,
    "shape": [
      1,
      512,
      64,
      64
    ],
    "method": "Both"
  },
  "decoder.mid.block_1": {
    "l2_value": 0.00012032010272378102,
    "cosine_value": 0.02553701400756836,
    "shape": [
      1,
      512,
      64,
      64
    ],
    "method": "Both"
  },
  "decoder.mid.attn_1": {
    "l2_value": 0.000120635682833381,
    "cosine_value": 0.02248680591583252,
    "shape": [
      1,
      512,
      64,
      64
    ],
    "method": "Both"
  },
  "decoder.mid.block_2": {
    "l2_value": 0.0001280774304177612,
    "cosine_value": 0.022920191287994385,
    "shape": [
      1,
      512,
      64,
      64
    ],
    "method": "Both"
  },
  "decoder.up.0.block.0": {
    "l2_value": 0.0004251668869983405,
    "cosine_value": 0.004502236843109131,
    "shape": [
      1,
      128,
      512,
      512
    ],
    "method": "Both"
  },
  "decoder.up.0.block.1": {
    "l2_value": 0.0004289787611924112,
    "cosine_value": 0.0033001303672790527,
    "shape": [
      1,
      128,
      512,
      512
    ],
    "method": "Both"
  },
  "decoder.up.0.block.2": {
    "l2_value": 0.000441219744971022,
    "cosine_value": 0.0024865269660949707,
    "shape": [
      1,
      128,
      512,
      512
    ],
    "method": "Both"
  },
  "decoder.up.1.block.0": {
    "l2_value": 0.00032148027094081044,
    "cosine_value": 0.016197681427001953,
    "shape": [
      1,
      256,
      256,
      256
    ],
    "method": "Both"
  },
  "decoder.up.1.block.1": {
    "l2_value": 0.00032368485699407756,
    "cosine_value": 0.016067087650299072,
    "shape": [
      1,
      256,
      256,
      256
    ],
    "method": "Both"
  },
  "decoder.up.1.block.2": {
    "l2_value": 0.00028804835164919496,
    "cosine_value": 0.017124593257904053,
    "shape": [
      1,
      256,
      256,
      256
    ],
    "method": "Both"
  },
  "decoder.up.1.upsample": {
    "l2_value": 0.0003088048833888024,
    "cosine_value": 0.012282192707061768,
    "shape": [
      1,
      256,
      512,
      512
    ],
    "method": "Both"
  },
  "decoder.up.2.block.0": {
    "l2_value": 0.000250352022703737,
    "cosine_value": 0.021150052547454834,
    "shape": [
      1,
      512,
      128,
      128
    ],
    "method": "Both"
  },
  "decoder.up.2.block.1": {
    "l2_value": 0.00026105577126145363,
    "cosine_value": 0.022608458995819092,
    "shape": [
      1,
      512,
      128,
      128
    ],
    "method": "Both"
  },
  "decoder.up.2.block.2": {
    "l2_value": 0.00023346465604845434,
    "cosine_value": 0.026919186115264893,
    "shape": [
      1,
      512,
      128,
      128
    ],
    "method": "Both"
  },
  "decoder.up.2.upsample": {
    "l2_value": 0.00036609594826586545,
    "cosine_value": 0.022972941398620605,
    "shape": [
      1,
      512,
      256,
      256
    ],
    "method": "Both"
  },
  "decoder.up.3.block.0": {
    "l2_value": 0.00014616957923863083,
    "cosine_value": 0.025522232055664062,
    "shape": [
      1,
      512,
      64,
      64
    ],
    "method": "Both"
  },
  "decoder.up.3.block.1": {
    "l2_value": 0.00015395419904962182,
    "cosine_value": 0.02618032693862915,
    "shape": [
      1,
      512,
      64,
      64
    ],
    "method": "Both"
  },
  "decoder.up.3.block.2": {
    "l2_value": 0.00014295123401097953,
    "cosine_value": 0.028764307498931885,
    "shape": [
      1,
      512,
      64,
      64
    ],
    "method": "Both"
  },
  "decoder.up.3.upsample": {
    "l2_value": 0.0002519238041713834,
    "cosine_value": 0.02362370491027832,
    "shape": [
      1,
      512,
      128,
      128
    ],
    "method": "Both"
  },
  "decoder.conv_out": {
    "l2_value": 0.00011112280966093142,
    "cosine_value": 0.01824820041656494,
    "shape": [
      1,
      3,
      512,
      512
    ],
    "method": "Both"
  }
}