{
  "decoder.conv_in": {
    "l2_value": 0.0001953329483512789,
    "cosine_value": 0.033361852169036865,
    "shape": [
      1,
      512,
      64,
      64
    ],
    "method": "Both"
  },
  "decoder.mid.block_1": {
    "l2_value": 0.0001787567016435787,
    "cosine_value": 0.02781015634536743,
    "shape": [
      1,
      512,
      64,
      64
    ],
    "method": "Both"
  },
  "decoder.mid.attn_1": {
    "l2_value": 0.00017829591524787247,
    "cosine_value": 0.026845157146453857,
    "shape": [
      1,
      512,
      64,
      64
    ],
    "method": "Both"
  },
  "decoder.mid.block_2": {
    "l2_value": 0.00018631269631441683,
    "cosine_value": 0.027093231678009033,
    "shape": [
      1,
      512,
      64,
      64
    ],
    "method": "Both"
  },
  "decoder.up.0.block.0": {
    "l2_value": 0.0005581635632552207,
    "cosine_value": 0.00398409366607666,
    "shape": [
      1,
      128,
      512,
      512
    ],
    "method": "Both"
  },
  "decoder.up.0.block.1": {
    "l2_value": 0.0005589245702140033,
    "cosine_value": 0.0031632184982299805,
    "shape": [
      1,
      128,
      512,
      512
    ],
    "method": "Both"
  },
  "decoder.up.0.block.2": {
    "l2_value": 0.0005662418552674353,
    "cosine_value": 0.00252532958984375,
    "shape": [
      1,
      128,
      512,
      512
    ],
    "method": "Both"
  },
  "decoder.up.1.block.0": {
    "l2_value": 0.0003816807293333113,
    "cosine_value": 0.015914320945739746,
    "shape": [
      1,
      256,
      256,
      256
    ],
    "method": "Both"
  },
  "decoder.up.1.block.1": {
    "l2_value": 0.0003948236699216068,
    "cosine_value": 0.017342984676361084,
    "shape": [
      1,
      256,
      256,
      256
    ],
    "method": "Both"
  },
  "decoder.up.1.block.2": {
    "l2_value": 0.0003694505721796304,
    "cosine_value": 0.01853954792022705,
    "shape": [
      1,
      256,
      256,
      256
    ],
    "method": "Both"
  },
  "decoder.up.1.upsample": {
    "l2_value": 0.00042109115747734904,
    "cosine_value": 0.012951076030731201,
    "shape": [
      1,
      256,
      512,
      512
    ],
    "method": "Both"
  },
  "decoder.up.2.block.0": {
    "l2_value": 0.00034017383586615324,
    "cosine_value": 0.02414989471435547,
    "shape": [
      1,
      512,
      128,
      128
    ],
    "method": "Both"
  },
  "decoder.up.2.block.1": {
    "l2_value": 0.0003490626404527575,
    "cosine_value": 0.024205386638641357,
    "shape": [
      1,
      512,
      128,
      128
    ],
    "method": "Both"
  },
  "decoder.up.2.block.2": {
    "l2_value": 0.0003061155730392784,
    "cosine_value": 0.025657296180725098,
    "shape": [
      1,
      512,
      128,
      128
    ],
    "method": "Both"
  },
  "decoder.up.2.upsample": {
    "l2_value": 0.0004612994962371886,
    "cosine_value": 0.02118992805480957,
    "shape": [
      1,
      512,
      256,
      256
    ],
    "method": "Both"
  },
  "decoder.up.3.block.0": {
    "l2_value": 0.0002072942879749462,
    "cosine_value": 0.02933633327484131,
    "shape": [
      1,
      512,
      64,
      64
    ],
    "method": "Both"
  },
  "decoder.up.3.block.1": {
    "l2_value": 0.0002179188741138205,
    "cosine_value": 0.031350016593933105,
    "shape": [
      1,
      512,
      64,
      64
    ],
    "method": "Both"
  },
  "decoder.up.3.block.2": {
    "l2_value": 0.00019580585649237037,
    "cosine_value": 0.030797064304351807,
    "shape": [
      1,
      512,
      64,
      64
    ],
    "method": "Both"
  },
  "decoder.up.3.upsample": {
    "l2_value": 0.00035122770350426435,
    "cosine_value": 0.026614487171173096,
    "shape": [
      1,
      512,
      128,
      128
    ],
    "method": "Both"
  },
  "decoder.conv_out": {
    "l2_value": 0.00010857926099561155,
    "cosine_value": 0.016857624053955078,
    "shape": [
      1,
      3,
      512,
      512
    ],
    "method": "Both"
  }
}