{
  "decoder.conv_in": {
    "l2_value": 0.0002571179938968271,
    "cosine_value": 0.056782066822052,
    "shape": [
      1,
      512,
      64,
      64
    ],
    "method": "Both"
  },
  "decoder.mid.block_1": {
    "l2_value": 0.00023494428023695946,
    "cosine_value": 0.04710423946380615,
    "shape": [
      1,
      512,
      64,
      64
    ],
    "method": "Both"
  },
  "decoder.mid.attn_1": {
    "l2_value": 0.00023544194118585438,
    "cosine_value": 0.04601246118545532,
    "shape": [
      1,
      512,
      64,
      64
    ],
    "method": "Both"
  },
  "decoder.mid.block_2": {
    "l2_value": 0.00024680900969542563,
    "cosine_value": 0.046512067317962646,
    "shape": [
      1,
      512,
      64,
      64
    ],
    "method": "Both"
  },
  "decoder.up.0.block.0": {
    "l2_value": 0.000686411454807967,
    "cosine_value": 0.006386220455169678,
    "shape": [
      1,
      128,
      512,
      512
    ],
    "method": "Both"
  },
  "decoder.up.0.block.1": {
    "l2_value": 0.0006950512179173529,
    "cosine_value": 0.005181729793548584,
    "shape": [
      1,
      128,
      512,
      512
    ],
    "method": "Both"
  },
  "decoder.up.0.block.2": {
    "l2_value": 0.0007158172666095197,
    "cosine_value": 0.004274725914001465,
    "shape": [
      1,
      128,
      512,
      512
    ],
    "method": "Both"
  },
  "decoder.up.1.block.0": {
    "l2_value": 0.0005118926055729389,
    "cosine_value": 0.02856588363647461,
    "shape": [
      1,
      256,
      256,
      256
    ],
    "method": "Both"
  },
  "decoder.up.1.block.1": {
    "l2_value": 0.0005254821153357625,
    "cosine_value": 0.030678629875183105,
    "shape": [
      1,
      256,
      256,
      256
    ],
    "method": "Both"
  },
  "decoder.up.1.block.2": {
    "l2_value": 0.0004819410387426615,
    "cosine_value": 0.031473755836486816,
    "shape": [
      1,
      256,
      256,
      256
    ],
    "method": "Both"
  },
  "decoder.up.1.upsample": {
    "l2_value": 0.0005461120745167136,
    "cosine_value": 0.02214425802230835,
    "shape": [
      1,
      256,
      512,
      512
    ],
    "method": "Both"
  },
  "decoder.up.2.block.0": {
    "l2_value": 0.0004569021984934807,
    "cosine_value": 0.042272210121154785,
    "shape": [
      1,
      512,
      128,
      128
    ],
    "method": "Both"
  },
  "decoder.up.2.block.1": {
    "l2_value": 0.0004694934468716383,
    "cosine_value": 0.04286229610443115,
    "shape": [
      1,
      512,
      128,
      128
    ],
    "method": "Both"
  },
  "decoder.up.2.block.2": {
    "l2_value": 0.00040967960376292467,
    "cosine_value": 0.04479503631591797,
    "shape": [
      1,
      512,
      128,
      128
    ],
    "method": "Both"
  },
  "decoder.up.2.upsample": {
    "l2_value": 0.0006192967994138598,
    "cosine_value": 0.03762704133987427,
    "shape": [
      1,
      512,
      256,
      256
    ],
    "method": "Both"
  },
  "decoder.up.3.block.0": {
    "l2_value": 0.00027801559190265834,
    "cosine_value": 0.05166417360305786,
    "shape": [
      1,
      512,
      64,
      64
    ],
    "method": "Both"
  },
  "decoder.up.3.block.1": {
    "l2_value": 0.00029391265707090497,
    "cosine_value": 0.05526876449584961,
    "shape": [
      1,
      512,
      64,
      64
    ],
    "method": "Both"
  },
  "decoder.up.3.block.2": {
    "l2_value": 0.00026518668164499104,
    "cosine_value": 0.05429732799530029,
    "shape": [
      1,
      512,
      64,
      64
    ],
    "method": "Both"
  },
  "decoder.up.3.upsample": {
    "l2_value": 0.0004738486895803362,
    "cosine_value": 0.04689520597457886,
    "shape": [
      1,
      512,
      128,
      128
    ],
    "method": "Both"
  },
  "decoder.conv_out": {
    "l2_value": 0.00012026426459973057,
    "cosine_value": 0.01850724220275879,
    "shape": [
      1,
      3,
      512,
      512
    ],
    "method": "Both"
  }
}