{
  "decoder.conv_in": {
    "l2_value": 0.00033195153810083866,
    "cosine_value": 0.09490633010864258,
    "shape": [
      1,
      512,
      64,
      64
    ],
    "method": "Both"
  },
  "decoder.mid.block_1": {
    "l2_value": 0.00032629354973323643,
    "cosine_value": 0.08899819850921631,
    "shape": [
      1,
      512,
      64,
      64
    ],
    "method": "Both"
  },
  "decoder.mid.attn_1": {
    "l2_value": 0.0003243600658606738,
    "cosine_value": 0.08672136068344116,
    "shape": [
      1,
      512,
      64,
      64
    ],
    "method": "Both"
  },
  "decoder.mid.block_2": {
    "l2_value": 0.0003344103170093149,
    "cosine_value": 0.08568620681762695,
    "shape": [
      1,
      512,
      64,
      64
    ],
    "method": "Both"
  },
  "decoder.up.0.block.0": {
    "l2_value": 0.0031992560252547264,
    "cosine_value": 0.1268707513809204,
    "shape": [
      1,
      128,
      512,
      512
    ],
    "method": "Both"
  },
  "decoder.up.0.block.1": {
    "l2_value": 0.0036595631390810013,
    "cosine_value": 0.1310475468635559,
    "shape": [
      1,
      128,
      512,
      512
    ],
    "method": "Both"
  },
  "decoder.up.0.block.2": {
    "l2_value": 0.004199286922812462,
    "cosine_value": 0.1343003511428833,
    "shape": [
      1,
      128,
      512,
      512
    ],
    "method": "Both"
  },
  "decoder.up.1.block.0": {
    "l2_value": 0.0007282841834239662,
    "cosine_value": 0.05798238515853882,
    "shape": [
      1,
      256,
      256,
      256
    ],
    "method": "Both"
  },
  "decoder.up.1.block.1": {
    "l2_value": 0.0007527943234890699,
    "cosine_value": 0.06296497583389282,
    "shape": [
      1,
      256,
      256,
      256
    ],
    "method": "Both"
  },
  "decoder.up.1.block.2": {
    "l2_value": 0.0007126869168132544,
    "cosine_value": 0.06858110427856445,
    "shape": [
      1,
      256,
      256,
      256
    ],
    "method": "Both"
  },
  "decoder.up.1.upsample": {
    "l2_value": 0.001078038476407528,
    "cosine_value": 0.08293014764785767,
    "shape": [
      1,
      256,
      512,
      512
    ],
    "method": "Both"
  },
  "decoder.up.2.block.0": {
    "l2_value": 0.0005929035251028836,
    "cosine_value": 0.07329487800598145,
    "shape": [
      1,
      512,
      128,
      128
    ],
    "method": "Both"
  },
  "decoder.up.2.block.1": {
    "l2_value": 0.0006082014297135174,
    "cosine_value": 0.07360303401947021,
    "shape": [
      1,
      512,
      128,
      128
    ],
    "method": "Both"
  },
  "decoder.up.2.block.2": {
    "l2_value": 0.0005394025356508791,
    "cosine_value": 0.07945042848587036,
    "shape": [
      1,
      512,
      128,
      128
    ],
    "method": "Both"
  },
  "decoder.up.2.upsample": {
    "l2_value": 0.0008255430730059743,
    "cosine_value": 0.06762087345123291,
    "shape": [
      1,
      512,
      256,
      256
    ],
    "method": "Both"
  },
  "decoder.up.3.block.0": {
    "l2_value": 0.00036644600913859904,
    "cosine_value": 0.09062057733535767,
    "shape": [
      1,
      512,
      64,
      64
    ],
    "method": "Both"
  },
  "decoder.up.3.block.1": {
    "l2_value": 0.00037714646896347404,
    "cosine_value": 0.09301942586898804,
    "shape": [
      1,
      512,
      64,
      64
    ],
    "method": "Both"
  },
  "decoder.up.3.block.2": {
    "l2_value": 0.0003386492026038468,
    "cosine_value": 0.09173774719238281,
    "shape": [
      1,
      512,
      64,
      64
    ],
    "method": "Both"
  },
  "decoder.up.3.upsample": {
    "l2_value": 0.0006042371387593448,
    "cosine_value": 0.07925772666931152,
    "shape": [
      1,
      512,
      128,
      128
    ],
    "method": "Both"
  },
  "decoder.conv_out": {
    "l2_value": 0.0001701845321804285,
    "cosine_value": 0.050655901432037354,
    "shape": [
      1,
      3,
      512,
      512
    ],
    "method": "Both"
  }
}