{
  "decoder.conv_in": {
    "l2_value": 0.00017593945085536689,
    "cosine_value": 0.0843234658241272,
    "shape": [
      1,
      512,
      64,
      64
    ],
    "method": "Both"
  },
  "decoder.mid.block_1": {
    "l2_value": 0.00020037556532770395,
    "cosine_value": 0.06520187854766846,
    "shape": [
      1,
      512,
      64,
      64
    ],
    "method": "Both"
  },
  "decoder.mid.attn_1": {
    "l2_value": 0.00019929233531001955,
    "cosine_value": 0.05847650766372681,
    "shape": [
      1,
      512,
      64,
      64
    ],
    "method": "Both"
  },
  "decoder.mid.block_2": {
    "l2_value": 0.00021105926134623587,
    "cosine_value": 0.0595819354057312,
    "shape": [
      1,
      512,
      64,
      64
    ],
    "method": "Both"
  },
  "decoder.up.0.block.0": {
    "l2_value": 0.002471151063218713,
    "cosine_value": 0.1439085602760315,
    "shape": [
      1,
      128,
      512,
      512
    ],
    "method": "Both"
  },
  "decoder.up.0.block.1": {
    "l2_value": 0.002986955689266324,
    "cosine_value": 0.15221256017684937,
    "shape": [
      1,
      128,
      512,
      512
    ],
    "method": "Both"
  },
  "decoder.up.0.block.2": {
    "l2_value": 0.0036075429525226355,
    "cosine_value": 0.1582673192024231,
    "shape": [
      1,
      128,
      512,
      512
    ],
    "method": "Both"
  },
  "decoder.up.1.block.0": {
    "l2_value": 0.0005372891901060939,
    "cosine_value": 0.04500323534011841,
    "shape": [
      1,
      256,
      256,
      256
    ],
    "method": "Both"
  },
  "decoder.up.1.block.1": {
    "l2_value": 0.0005452364566735923,
    "cosine_value": 0.045425593852996826,
    "shape": [
      1,
      256,
      256,
      256
    ],
    "method": "Both"
  },
  "decoder.up.1.block.2": {
    "l2_value": 0.000499132729601115,
    "cosine_value": 0.05056053400039673,
    "shape": [
      1,
      256,
      256,
      256
    ],
    "method": "Both"
  },
  "decoder.up.1.upsample": {
    "l2_value": 0.0006745404680259526,
    "cosine_value": 0.05727803707122803,
    "shape": [
      1,
      256,
      512,
      512
    ],
    "method": "Both"
  },
  "decoder.up.2.block.0": {
    "l2_value": 0.0004051004070788622,
    "cosine_value": 0.05360615253448486,
    "shape": [
      1,
      512,
      128,
      128
    ],
    "method": "Both"
  },
  "decoder.up.2.block.1": {
    "l2_value": 0.00042360974475741386,
    "cosine_value": 0.057611823081970215,
    "shape": [
      1,
      512,
      128,
      128
    ],
    "method": "Both"
  },
  "decoder.up.2.block.2": {
    "l2_value": 0.0003815286618191749,
    "cosine_value": 0.0694003701210022,
    "shape": [
      1,
      512,
      128,
      128
    ],
    "method": "Both"
  },
  "decoder.up.2.upsample": {
    "l2_value": 0.0005993203376419842,
    "cosine_value": 0.05967003107070923,
    "shape": [
      1,
      512,
      256,
      256
    ],
    "method": "Both"
  },
  "decoder.up.3.block.0": {
    "l2_value": 0.0002385398547630757,
    "cosine_value": 0.0654483437538147,
    "shape": [
      1,
      512,
      64,
      64
    ],
    "method": "Both"
  },
  "decoder.up.3.block.1": {
    "l2_value": 0.0002479366376064718,
    "cosine_value": 0.06589537858963013,
    "shape": [
      1,
      512,
      64,
      64
    ],
    "method": "Both"
  },
  "decoder.up.3.block.2": {
    "l2_value": 0.00023069536837283522,
    "cosine_value": 0.07186681032180786,
    "shape": [
      1,
      512,
      64,
      64
    ],
    "method": "Both"
  },
  "decoder.up.3.upsample": {
    "l2_value": 0.0004052416770718992,
    "cosine_value": 0.0590972900390625,
    "shape": [
      1,
      512,
      128,
      128
    ],
    "method": "Both"
  },
  "decoder.conv_out": {
    "l2_value": 0.00017186023372535905,
    "cosine_value": 0.05181849002838135,
    "shape": [
      1,
      3,
      512,
      512
    ],
    "method": "Both"
  }
}