{
  "decoder.conv_in": {
    "l2_value": 0.00026436615735292435,
    "cosine_value": 0.07102948427200317,
    "shape": [
      1,
      512,
      64,
      64
    ],
    "method": "Both"
  },
  "decoder.mid.block_1": {
    "l2_value": 0.0002475916699040681,
    "cosine_value": 0.05828434228897095,
    "shape": [
      1,
      512,
      64,
      64
    ],
    "method": "Both"
  },
  "decoder.mid.attn_1": {
    "l2_value": 0.00024573446717113256,
    "cosine_value": 0.055057525634765625,
    "shape": [
      1,
      512,
      64,
      64
    ],
    "method": "Both"
  },
  "decoder.mid.block_2": {
    "l2_value": 0.0002559638815000653,
    "cosine_value": 0.05587667226791382,
    "shape": [
      1,
      512,
      64,
      64
    ],
    "method": "Both"
  },
  "decoder.up.0.block.0": {
    "l2_value": 0.0012683788081631064,
    "cosine_value": 0.019206464290618896,
    "shape": [
      1,
      128,
      512,
      512
    ],
    "method": "Both"
  },
  "decoder.up.0.block.1": {
    "l2_value": 0.0013766554184257984,
    "cosine_value": 0.017884135246276855,
    "shape": [
      1,
      128,
      512,
      512
    ],
    "method": "Both"
  },
  "decoder.up.0.block.2": {
    "l2_value": 0.0015096948482096195,
    "cosine_value": 0.016799986362457275,
    "shape": [
      1,
      128,
      512,
      512
    ],
    "method": "Both"
  },
  "decoder.up.1.block.0": {
    "l2_value": 0.0005564093007706106,
    "cosine_value": 0.03855133056640625,
    "shape": [
      1,
      256,
      256,
      256
    ],
    "method": "Both"
  },
  "decoder.up.1.block.1": {
    "l2_value": 0.0005746775423176587,
    "cosine_value": 0.04201400279998779,
    "shape": [
      1,
      256,
      256,
      256
    ],
    "method": "Both"
  },
  "decoder.up.1.block.2": {
    "l2_value": 0.0005419795634225011,
    "cosine_value": 0.04642224311828613,
    "shape": [
      1,
      256,
      256,
      256
    ],
    "method": "Both"
  },
  "decoder.up.1.upsample": {
    "l2_value": 0.0006637900951318443,
    "cosine_value": 0.03437530994415283,
    "shape": [
      1,
      256,
      512,
      512
    ],
    "method": "Both"
  },
  "decoder.up.2.block.0": {
    "l2_value": 0.00047656073002144694,
    "cosine_value": 0.05255526304244995,
    "shape": [
      1,
      512,
      128,
      128
    ],
    "method": "Both"
  },
  "decoder.up.2.block.1": {
    "l2_value": 0.0004897385952062905,
    "cosine_value": 0.052626192569732666,
    "shape": [
      1,
      512,
      128,
      128
    ],
    "method": "Both"
  },
  "decoder.up.2.block.2": {
    "l2_value": 0.0004348262446001172,
    "cosine_value": 0.05893659591674805,
    "shape": [
      1,
      512,
      128,
      128
    ],
    "method": "Both"
  },
  "decoder.up.2.upsample": {
    "l2_value": 0.000659446173813194,
    "cosine_value": 0.04982680082321167,
    "shape": [
      1,
      512,
      256,
      256
    ],
    "method": "Both"
  },
  "decoder.up.3.block.0": {
    "l2_value": 0.0002853327605407685,
    "cosine_value": 0.06035959720611572,
    "shape": [
      1,
      512,
      64,
      64
    ],
    "method": "Both"
  },
  "decoder.up.3.block.1": {
    "l2_value": 0.00029934218036942184,
    "cosine_value": 0.06459975242614746,
    "shape": [
      1,
      512,
      64,
      64
    ],
    "method": "Both"
  },
  "decoder.up.3.block.2": {
    "l2_value": 0.00027178163873031735,
    "cosine_value": 0.0666344165802002,
    "shape": [
      1,
      512,
      64,
      64
    ],
    "method": "Both"
  },
  "decoder.up.3.upsample": {
    "l2_value": 0.0004832845588680357,
    "cosine_value": 0.05654752254486084,
    "shape": [
      1,
      512,
      128,
      128
    ],
    "method": "Both"
  },
  "decoder.conv_out": {
    "l2_value": 0.0001491306369037678,
    "cosine_value": 0.054173171520233154,
    "shape": [
      1,
      3,
      512,
      512
    ],
    "method": "Both"
  }
}