{
  "decoder.conv_in": {
    "l2_value": 0.00014552210632245988,
    "cosine_value": 0.06868946552276611,
    "shape": [
      1,
      512,
      64,
      64
    ],
    "method": "Both"
  },
  "decoder.mid.block_1": {
    "l2_value": 0.00016070659330580384,
    "cosine_value": 0.045556068420410156,
    "shape": [
      1,
      512,
      64,
      64
    ],
    "method": "Both"
  },
  "decoder.mid.attn_1": {
    "l2_value": 0.00015955674462020397,
    "cosine_value": 0.03987085819244385,
    "shape": [
      1,
      512,
      64,
      64
    ],
    "method": "Both"
  },
  "decoder.mid.block_2": {
    "l2_value": 0.0001677992258919403,
    "cosine_value": 0.04052424430847168,
    "shape": [
      1,
      512,
      64,
      64
    ],
    "method": "Both"
  },
  "decoder.up.0.block.0": {
    "l2_value": 0.0009097808506339788,
    "cosine_value": 0.019337356090545654,
    "shape": [
      1,
      128,
      512,
      512
    ],
    "method": "Both"
  },
  "decoder.up.0.block.1": {
    "l2_value": 0.0010254074586555362,
    "cosine_value": 0.01771092414855957,
    "shape": [
      1,
      128,
      512,
      512
    ],
    "method": "Both"
  },
  "decoder.up.0.block.2": {
    "l2_value": 0.0011736227897927165,
    "cosine_value": 0.01649695634841919,
    "shape": [
      1,
      128,
      512,
      512
    ],
    "method": "Both"
  },
  "decoder.up.1.block.0": {
    "l2_value": 0.000436240341514349,
    "cosine_value": 0.03283053636550903,
    "shape": [
      1,
      256,
      256,
      256
    ],
    "method": "Both"
  },
  "decoder.up.1.block.1": {
    "l2_value": 0.0004414441646076739,
    "cosine_value": 0.03287404775619507,
    "shape": [
      1,
      256,
      256,
      256
    ],
    "method": "Both"
  },
  "decoder.up.1.block.2": {
    "l2_value": 0.00039925050805322826,
    "cosine_value": 0.0367274284362793,
    "shape": [
      1,
      256,
      256,
      256
    ],
    "method": "Both"
  },
  "decoder.up.1.upsample": {
    "l2_value": 0.00045167229836806655,
    "cosine_value": 0.028451859951019287,
    "shape": [
      1,
      256,
      512,
      512
    ],
    "method": "Both"
  },
  "decoder.up.2.block.0": {
    "l2_value": 0.00033123092725872993,
    "cosine_value": 0.03855699300765991,
    "shape": [
      1,
      512,
      128,
      128
    ],
    "method": "Both"
  },
  "decoder.up.2.block.1": {
    "l2_value": 0.0003473585529718548,
    "cosine_value": 0.04181194305419922,
    "shape": [
      1,
      512,
      128,
      128
    ],
    "method": "Both"
  },
  "decoder.up.2.block.2": {
    "l2_value": 0.0003132719430141151,
    "cosine_value": 0.05224025249481201,
    "shape": [
      1,
      512,
      128,
      128
    ],
    "method": "Both"
  },
  "decoder.up.2.upsample": {
    "l2_value": 0.0004901212523691356,
    "cosine_value": 0.04514122009277344,
    "shape": [
      1,
      512,
      256,
      256
    ],
    "method": "Both"
  },
  "decoder.up.3.block.0": {
    "l2_value": 0.00019171515305060893,
    "cosine_value": 0.04497319459915161,
    "shape": [
      1,
      512,
      64,
      64
    ],
    "method": "Both"
  },
  "decoder.up.3.block.1": {
    "l2_value": 0.00020257533469703048,
    "cosine_value": 0.04681050777435303,
    "shape": [
      1,
      512,
      64,
      64
    ],
    "method": "Both"
  },
  "decoder.up.3.block.2": {
    "l2_value": 0.0001893552835099399,
    "cosine_value": 0.05239605903625488,
    "shape": [
      1,
      512,
      64,
      64
    ],
    "method": "Both"
  },
  "decoder.up.3.upsample": {
    "l2_value": 0.00033084425376728177,
    "cosine_value": 0.04253101348876953,
    "shape": [
      1,
      512,
      128,
      128
    ],
    "method": "Both"
  },
  "decoder.conv_out": {
    "l2_value": 0.00015135541131409505,
    "cosine_value": 0.05593729019165039,
    "shape": [
      1,
      3,
      512,
      512
    ],
    "method": "Both"
  }
}