{
  "decoder.conv_in": {
    "l2_value": 0.0004701248835772276,
    "cosine_value": 0.15055811405181885,
    "shape": [
      1,
      512,
      64,
      64
    ],
    "method": "Both"
  },
  "decoder.mid.block_1": {
    "l2_value": 0.0004421958583407104,
    "cosine_value": 0.13545310497283936,
    "shape": [
      1,
      512,
      64,
      64
    ],
    "method": "Both"
  },
  "decoder.mid.attn_1": {
    "l2_value": 0.00043918320443481207,
    "cosine_value": 0.13452184200286865,
    "shape": [
      1,
      512,
      64,
      64
    ],
    "method": "Both"
  },
  "decoder.mid.block_2": {
    "l2_value": 0.0004611728072632104,
    "cosine_value": 0.13819587230682373,
    "shape": [
      1,
      512,
      64,
      64
    ],
    "method": "Both"
  },
  "decoder.up.0.block.0": {
    "l2_value": 0.0017045497661456466,
    "cosine_value": 0.035111427307128906,
    "shape": [
      1,
      128,
      512,
      512
    ],
    "method": "Both"
  },
  "decoder.up.0.block.1": {
    "l2_value": 0.0017308685928583145,
    "cosine_value": 0.029449164867401123,
    "shape": [
      1,
      128,
      512,
      512
    ],
    "method": "Both"
  },
  "decoder.up.0.block.2": {
    "l2_value": 0.0017798894550651312,
    "cosine_value": 0.024628162384033203,
    "shape": [
      1,
      128,
      512,
      512
    ],
    "method": "Both"
  },
  "decoder.up.1.block.0": {
    "l2_value": 0.0010053392034024,
    "cosine_value": 0.082408607006073,
    "shape": [
      1,
      256,
      256,
      256
    ],
    "method": "Both"
  },
  "decoder.up.1.block.1": {
    "l2_value": 0.0010324841132387519,
    "cosine_value": 0.08754342794418335,
    "shape": [
      1,
      256,
      256,
      256
    ],
    "method": "Both"
  },
  "decoder.up.1.block.2": {
    "l2_value": 0.0009712082683108747,
    "cosine_value": 0.09032225608825684,
    "shape": [
      1,
      256,
      256,
      256
    ],
    "method": "Both"
  },
  "decoder.up.1.upsample": {
    "l2_value": 0.001136896782554686,
    "cosine_value": 0.07165032625198364,
    "shape": [
      1,
      256,
      512,
      512
    ],
    "method": "Both"
  },
  "decoder.up.2.block.0": {
    "l2_value": 0.0008361363434232771,
    "cosine_value": 0.12350356578826904,
    "shape": [
      1,
      512,
      128,
      128
    ],
    "method": "Both"
  },
  "decoder.up.2.block.1": {
    "l2_value": 0.0008608470670878887,
    "cosine_value": 0.12479323148727417,
    "shape": [
      1,
      512,
      128,
      128
    ],
    "method": "Both"
  },
  "decoder.up.2.block.2": {
    "l2_value": 0.0007704600575380027,
    "cosine_value": 0.1263960599899292,
    "shape": [
      1,
      512,
      128,
      128
    ],
    "method": "Both"
  },
  "decoder.up.2.upsample": {
    "l2_value": 0.0011830797884613276,
    "cosine_value": 0.1057811975479126,
    "shape": [
      1,
      512,
      256,
      256
    ],
    "method": "Both"
  },
  "decoder.up.3.block.0": {
    "l2_value": 0.0005085629527457058,
    "cosine_value": 0.1510636806488037,
    "shape": [
      1,
      512,
      64,
      64
    ],
    "method": "Both"
  },
  "decoder.up.3.block.1": {
    "l2_value": 0.0005340429488569498,
    "cosine_value": 0.16091984510421753,
    "shape": [
      1,
      512,
      64,
      64
    ],
    "method": "Both"
  },
  "decoder.up.3.block.2": {
    "l2_value": 0.00048472292837686837,
    "cosine_value": 0.1550534963607788,
    "shape": [
      1,
      512,
      64,
      64
    ],
    "method": "Both"
  },
  "decoder.up.3.upsample": {
    "l2_value": 0.0008545626187697053,
    "cosine_value": 0.13325119018554688,
    "shape": [
      1,
      512,
      128,
      128
    ],
    "method": "Both"
  },
  "decoder.conv_out": {
    "l2_value": 0.00032605219166725874,
    "cosine_value": 0.0890127420425415,
    "shape": [
      1,
      3,
      512,
      512
    ],
    "method": "Both"
  }
}