{
  "decoder.conv_in": {
    "l2_value": 0.0002598210994619876,
    "cosine_value": 0.17714321613311768,
    "shape": [
      1,
      512,
      64,
      64
    ],
    "method": "Both"
  },
  "decoder.mid.block_1": {
    "l2_value": 0.0002829770965036005,
    "cosine_value": 0.11771261692047119,
    "shape": [
      1,
      512,
      64,
      64
    ],
    "method": "Both"
  },
  "decoder.mid.attn_1": {
    "l2_value": 0.0002810528385452926,
    "cosine_value": 0.10976642370223999,
    "shape": [
      1,
      512,
      64,
      64
    ],
    "method": "Both"
  },
  "decoder.mid.block_2": {
    "l2_value": 0.0003024244215339422,
    "cosine_value": 0.11457860469818115,
    "shape": [
      1,
      512,
      64,
      64
    ],
    "method": "Both"
  },
  "decoder.up.0.block.0": {
    "l2_value": 0.001269164844416082,
    "cosine_value": 0.037535905838012695,
    "shape": [
      1,
      128,
      512,
      512
    ],
    "method": "Both"
  },
  "decoder.up.0.block.1": {
    "l2_value": 0.0013158265501260757,
    "cosine_value": 0.029631614685058594,
    "shape": [
      1,
      128,
      512,
      512
    ],
    "method": "Both"
  },
  "decoder.up.0.block.2": {
    "l2_value": 0.0013900230405852199,
    "cosine_value": 0.024068355560302734,
    "shape": [
      1,
      128,
      512,
      512
    ],
    "method": "Both"
  },
  "decoder.up.1.block.0": {
    "l2_value": 0.000773307925555855,
    "cosine_value": 0.0814409852027893,
    "shape": [
      1,
      256,
      256,
      256
    ],
    "method": "Both"
  },
  "decoder.up.1.block.1": {
    "l2_value": 0.0007789670489728451,
    "cosine_value": 0.08011108636856079,
    "shape": [
      1,
      256,
      256,
      256
    ],
    "method": "Both"
  },
  "decoder.up.1.block.2": {
    "l2_value": 0.0007100232760421932,
    "cosine_value": 0.08535754680633545,
    "shape": [
      1,
      256,
      256,
      256
    ],
    "method": "Both"
  },
  "decoder.up.1.upsample": {
    "l2_value": 0.0007957365596666932,
    "cosine_value": 0.06794106960296631,
    "shape": [
      1,
      256,
      512,
      512
    ],
    "method": "Both"
  },
  "decoder.up.2.block.0": {
    "l2_value": 0.0005838521756231785,
    "cosine_value": 0.10552000999450684,
    "shape": [
      1,
      512,
      128,
      128
    ],
    "method": "Both"
  },
  "decoder.up.2.block.1": {
    "l2_value": 0.0006075084093026817,
    "cosine_value": 0.11142390966415405,
    "shape": [
      1,
      512,
      128,
      128
    ],
    "method": "Both"
  },
  "decoder.up.2.block.2": {
    "l2_value": 0.0005501082050614059,
    "cosine_value": 0.12862157821655273,
    "shape": [
      1,
      512,
      128,
      128
    ],
    "method": "Both"
  },
  "decoder.up.2.upsample": {
    "l2_value": 0.0008689567330293357,
    "cosine_value": 0.11147737503051758,
    "shape": [
      1,
      512,
      256,
      256
    ],
    "method": "Both"
  },
  "decoder.up.3.block.0": {
    "l2_value": 0.0003431247896514833,
    "cosine_value": 0.12762939929962158,
    "shape": [
      1,
      512,
      64,
      64
    ],
    "method": "Both"
  },
  "decoder.up.3.block.1": {
    "l2_value": 0.0003604317316785455,
    "cosine_value": 0.13144081830978394,
    "shape": [
      1,
      512,
      64,
      64
    ],
    "method": "Both"
  },
  "decoder.up.3.block.2": {
    "l2_value": 0.00033757538767531514,
    "cosine_value": 0.1421816349029541,
    "shape": [
      1,
      512,
      64,
      64
    ],
    "method": "Both"
  },
  "decoder.up.3.upsample": {
    "l2_value": 0.00058580661425367,
    "cosine_value": 0.1176687479019165,
    "shape": [
      1,
      512,
      128,
      128
    ],
    "method": "Both"
  },
  "decoder.conv_out": {
    "l2_value": 0.00032704502033690613,
    "cosine_value": 0.09381186962127686,
    "shape": [
      1,
      3,
      512,
      512
    ],
    "method": "Both"
  }
}