{
  "decoder.conv_in": {
    "l2_value": 0.00028910269611515105,
    "cosine_value": 0.08604007959365845,
    "shape": [
      1,
      512,
      64,
      64
    ],
    "method": "Both"
  },
  "decoder.mid.block_1": {
    "l2_value": 0.0002730108972173184,
    "cosine_value": 0.0727577805519104,
    "shape": [
      1,
      512,
      64,
      64
    ],
    "method": "Both"
  },
  "decoder.mid.attn_1": {
    "l2_value": 0.00027012883219867945,
    "cosine_value": 0.0675278902053833,
    "shape": [
      1,
      512,
      64,
      64
    ],
    "method": "Both"
  },
  "decoder.mid.block_2": {
    "l2_value": 0.0002780062786769122,
    "cosine_value": 0.06520617008209229,
    "shape": [
      1,
      512,
      64,
      64
    ],
    "method": "Both"
  },
  "decoder.up.0.block.0": {
    "l2_value": 0.0011208197101950645,
    "cosine_value": 0.016281068325042725,
    "shape": [
      1,
      128,
      512,
      512
    ],
    "method": "Both"
  },
  "decoder.up.0.block.1": {
    "l2_value": 0.0011838714126497507,
    "cosine_value": 0.014506340026855469,
    "shape": [
      1,
      128,
      512,
      512
    ],
    "method": "Both"
  },
  "decoder.up.0.block.2": {
    "l2_value": 0.001248768880032003,
    "cosine_value": 0.012598693370819092,
    "shape": [
      1,
      128,
      512,
      512
    ],
    "method": "Both"
  },
  "decoder.up.1.block.0": {
    "l2_value": 0.0006139947799965739,
    "cosine_value": 0.043594300746917725,
    "shape": [
      1,
      256,
      256,
      256
    ],
    "method": "Both"
  },
  "decoder.up.1.block.1": {
    "l2_value": 0.0006311951437965035,
    "cosine_value": 0.04715526103973389,
    "shape": [
      1,
      256,
      256,
      256
    ],
    "method": "Both"
  },
  "decoder.up.1.block.2": {
    "l2_value": 0.0005944409058429301,
    "cosine_value": 0.05155336856842041,
    "shape": [
      1,
      256,
      256,
      256
    ],
    "method": "Both"
  },
  "decoder.up.1.upsample": {
    "l2_value": 0.0007143501425161958,
    "cosine_value": 0.0395241379737854,
    "shape": [
      1,
      256,
      512,
      512
    ],
    "method": "Both"
  },
  "decoder.up.2.block.0": {
    "l2_value": 0.0004983435501344502,
    "cosine_value": 0.054834604263305664,
    "shape": [
      1,
      512,
      128,
      128
    ],
    "method": "Both"
  },
  "decoder.up.2.block.1": {
    "l2_value": 0.0005130061181262136,
    "cosine_value": 0.055003583431243896,
    "shape": [
      1,
      512,
      128,
      128
    ],
    "method": "Both"
  },
  "decoder.up.2.block.2": {
    "l2_value": 0.0004608728049788624,
    "cosine_value": 0.061843693256378174,
    "shape": [
      1,
      512,
      128,
      128
    ],
    "method": "Both"
  },
  "decoder.up.2.upsample": {
    "l2_value": 0.0007109053549356759,
    "cosine_value": 0.054191410541534424,
    "shape": [
      1,
      512,
      256,
      256
    ],
    "method": "Both"
  },
  "decoder.up.3.block.0": {
    "l2_value": 0.00030191539553925395,
    "cosine_value": 0.0661851167678833,
    "shape": [
      1,
      512,
      64,
      64
    ],
    "method": "Both"
  },
  "decoder.up.3.block.1": {
    "l2_value": 0.000315212324494496,
    "cosine_value": 0.0690542459487915,
    "shape": [
      1,
      512,
      64,
      64
    ],
    "method": "Both"
  },
  "decoder.up.3.block.2": {
    "l2_value": 0.0002876832149922848,
    "cosine_value": 0.07140171527862549,
    "shape": [
      1,
      512,
      64,
      64
    ],
    "method": "Both"
  },
  "decoder.up.3.upsample": {
    "l2_value": 0.0005140501889400184,
    "cosine_value": 0.060718536376953125,
    "shape": [
      1,
      512,
      128,
      128
    ],
    "method": "Both"
  },
  "decoder.conv_out": {
    "l2_value": 0.00016002857591956854,
    "cosine_value": 0.03672069311141968,
    "shape": [
      1,
      3,
      512,
      512
    ],
    "method": "Both"
  }
}