{
  "decoder.conv_in": {
    "l2_value": 0.0001525238185422495,
    "cosine_value": 0.09281527996063232,
    "shape": [
      1,
      512,
      64,
      64
    ],
    "method": "Both"
  },
  "decoder.mid.block_1": {
    "l2_value": 0.00017594988457858562,
    "cosine_value": 0.05851680040359497,
    "shape": [
      1,
      512,
      64,
      64
    ],
    "method": "Both"
  },
  "decoder.mid.attn_1": {
    "l2_value": 0.0001727072667563334,
    "cosine_value": 0.04858332872390747,
    "shape": [
      1,
      512,
      64,
      64
    ],
    "method": "Both"
  },
  "decoder.mid.block_2": {
    "l2_value": 0.00018131859542336315,
    "cosine_value": 0.04801386594772339,
    "shape": [
      1,
      512,
      64,
      64
    ],
    "method": "Both"
  },
  "decoder.up.0.block.0": {
    "l2_value": 0.0007206452428363264,
    "cosine_value": 0.013787388801574707,
    "shape": [
      1,
      128,
      512,
      512
    ],
    "method": "Both"
  },
  "decoder.up.0.block.1": {
    "l2_value": 0.0007454980514012277,
    "cosine_value": 0.010476350784301758,
    "shape": [
      1,
      128,
      512,
      512
    ],
    "method": "Both"
  },
  "decoder.up.0.block.2": {
    "l2_value": 0.000783330702688545,
    "cosine_value": 0.008237659931182861,
    "shape": [
      1,
      128,
      512,
      512
    ],
    "method": "Both"
  },
  "decoder.up.1.block.0": {
    "l2_value": 0.0004716856055893004,
    "cosine_value": 0.03770333528518677,
    "shape": [
      1,
      256,
      256,
      256
    ],
    "method": "Both"
  },
  "decoder.up.1.block.1": {
    "l2_value": 0.0004744913021568209,
    "cosine_value": 0.0375940203666687,
    "shape": [
      1,
      256,
      256,
      256
    ],
    "method": "Both"
  },
  "decoder.up.1.block.2": {
    "l2_value": 0.0004285803297534585,
    "cosine_value": 0.04215896129608154,
    "shape": [
      1,
      256,
      256,
      256
    ],
    "method": "Both"
  },
  "decoder.up.1.upsample": {
    "l2_value": 0.00047634285874664783,
    "cosine_value": 0.03232765197753906,
    "shape": [
      1,
      256,
      512,
      512
    ],
    "method": "Both"
  },
  "decoder.up.2.block.0": {
    "l2_value": 0.0003511442628223449,
    "cosine_value": 0.0436549186706543,
    "shape": [
      1,
      512,
      128,
      128
    ],
    "method": "Both"
  },
  "decoder.up.2.block.1": {
    "l2_value": 0.0003670045407488942,
    "cosine_value": 0.04707545042037964,
    "shape": [
      1,
      512,
      128,
      128
    ],
    "method": "Both"
  },
  "decoder.up.2.block.2": {
    "l2_value": 0.00033548669307492673,
    "cosine_value": 0.05923491716384888,
    "shape": [
      1,
      512,
      128,
      128
    ],
    "method": "Both"
  },
  "decoder.up.2.upsample": {
    "l2_value": 0.0005252548144198954,
    "cosine_value": 0.05188596248626709,
    "shape": [
      1,
      512,
      256,
      256
    ],
    "method": "Both"
  },
  "decoder.up.3.block.0": {
    "l2_value": 0.00020337769819889218,
    "cosine_value": 0.05130821466445923,
    "shape": [
      1,
      512,
      64,
      64
    ],
    "method": "Both"
  },
  "decoder.up.3.block.1": {
    "l2_value": 0.00021306471899151802,
    "cosine_value": 0.05215340852737427,
    "shape": [
      1,
      512,
      64,
      64
    ],
    "method": "Both"
  },
  "decoder.up.3.block.2": {
    "l2_value": 0.00020054714696016163,
    "cosine_value": 0.05950993299484253,
    "shape": [
      1,
      512,
      64,
      64
    ],
    "method": "Both"
  },
  "decoder.up.3.upsample": {
    "l2_value": 0.0003520299796946347,
    "cosine_value": 0.0487479567527771,
    "shape": [
      1,
      512,
      128,
      128
    ],
    "method": "Both"
  },
  "decoder.conv_out": {
    "l2_value": 0.00016187153717813393,
    "cosine_value": 0.039412081241607666,
    "shape": [
      1,
      3,
      512,
      512
    ],
    "method": "Both"
  }
}