{
  "decoder.conv_in": {
    "l2_value": 0.0002423103724140674,
    "cosine_value": 0.1706826090812683,
    "shape": [
      1,
      512,
      64,
      64
    ],
    "method": "Both"
  },
  "decoder.mid.block_1": {
    "l2_value": 0.00028236370417289436,
    "cosine_value": 0.13020175695419312,
    "shape": [
      1,
      512,
      64,
      64
    ],
    "method": "Both"
  },
  "decoder.mid.attn_1": {
    "l2_value": 0.0002747615799307823,
    "cosine_value": 0.11380994319915771,
    "shape": [
      1,
      512,
      64,
      64
    ],
    "method": "Both"
  },
  "decoder.mid.block_2": {
    "l2_value": 0.00029195231036283076,
    "cosine_value": 0.11654931306838989,
    "shape": [
      1,
      512,
      64,
      64
    ],
    "method": "Both"
  },
  "decoder.up.0.block.0": {
    "l2_value": 0.0018942138412967324,
    "cosine_value": 0.08406025171279907,
    "shape": [
      1,
      128,
      512,
      512
    ],
    "method": "Both"
  },
  "decoder.up.0.block.1": {
    "l2_value": 0.002185715828090906,
    "cosine_value": 0.08125835657119751,
    "shape": [
      1,
      128,
      512,
      512
    ],
    "method": "Both"
  },
  "decoder.up.0.block.2": {
    "l2_value": 0.002549483673647046,
    "cosine_value": 0.07909524440765381,
    "shape": [
      1,
      128,
      512,
      512
    ],
    "method": "Both"
  },
  "decoder.up.1.block.0": {
    "l2_value": 0.0007601454854011536,
    "cosine_value": 0.08893477916717529,
    "shape": [
      1,
      256,
      256,
      256
    ],
    "method": "Both"
  },
  "decoder.up.1.block.1": {
    "l2_value": 0.0007741365116089582,
    "cosine_value": 0.08950525522232056,
    "shape": [
      1,
      256,
      256,
      256
    ],
    "method": "Both"
  },
  "decoder.up.1.block.2": {
    "l2_value": 0.0007068705162964761,
    "cosine_value": 0.09773194789886475,
    "shape": [
      1,
      256,
      256,
      256
    ],
    "method": "Both"
  },
  "decoder.up.1.upsample": {
    "l2_value": 0.0008233554544858634,
    "cosine_value": 0.08276695013046265,
    "shape": [
      1,
      256,
      512,
      512
    ],
    "method": "Both"
  },
  "decoder.up.2.block.0": {
    "l2_value": 0.0005656497087329626,
    "cosine_value": 0.10668504238128662,
    "shape": [
      1,
      512,
      128,
      128
    ],
    "method": "Both"
  },
  "decoder.up.2.block.1": {
    "l2_value": 0.0005944985314272344,
    "cosine_value": 0.11459606885910034,
    "shape": [
      1,
      512,
      128,
      128
    ],
    "method": "Both"
  },
  "decoder.up.2.block.2": {
    "l2_value": 0.000539574190042913,
    "cosine_value": 0.13859766721725464,
    "shape": [
      1,
      512,
      128,
      128
    ],
    "method": "Both"
  },
  "decoder.up.2.upsample": {
    "l2_value": 0.0008533108630217612,
    "cosine_value": 0.12057888507843018,
    "shape": [
      1,
      512,
      256,
      256
    ],
    "method": "Both"
  },
  "decoder.up.3.block.0": {
    "l2_value": 0.00033410891774110496,
    "cosine_value": 0.1301131248474121,
    "shape": [
      1,
      512,
      64,
      64
    ],
    "method": "Both"
  },
  "decoder.up.3.block.1": {
    "l2_value": 0.0003487988142296672,
    "cosine_value": 0.13138693571090698,
    "shape": [
      1,
      512,
      64,
      64
    ],
    "method": "Both"
  },
  "decoder.up.3.block.2": {
    "l2_value": 0.00032498108339495957,
    "cosine_value": 0.14404243230819702,
    "shape": [
      1,
      512,
      64,
      64
    ],
    "method": "Both"
  },
  "decoder.up.3.upsample": {
    "l2_value": 0.0005611211527138948,
    "cosine_value": 0.1159021258354187,
    "shape": [
      1,
      512,
      128,
      128
    ],
    "method": "Both"
  },
  "decoder.conv_out": {
    "l2_value": 0.00027278005533541244,
    "cosine_value": 0.0925455093383789,
    "shape": [
      1,
      3,
      512,
      512
    ],
    "method": "Both"
  }
}