{
  "decoder.conv_in": {
    "l2_value": 0.00046817035763524473,
    "cosine_value": 0.18441373109817505,
    "shape": [
      1,
      512,
      64,
      64
    ],
    "method": "Both"
  },
  "decoder.mid.block_1": {
    "l2_value": 0.0004526432021521032,
    "cosine_value": 0.1695736050605774,
    "shape": [
      1,
      512,
      64,
      64
    ],
    "method": "Both"
  },
  "decoder.mid.attn_1": {
    "l2_value": 0.00044441467616707087,
    "cosine_value": 0.16018760204315186,
    "shape": [
      1,
      512,
      64,
      64
    ],
    "method": "Both"
  },
  "decoder.mid.block_2": {
    "l2_value": 0.00045884415158070624,
    "cosine_value": 0.16019129753112793,
    "shape": [
      1,
      512,
      64,
      64
    ],
    "method": "Both"
  },
  "decoder.up.0.block.0": {
    "l2_value": 0.002507078228518367,
    "cosine_value": 0.07637900114059448,
    "shape": [
      1,
      128,
      512,
      512
    ],
    "method": "Both"
  },
  "decoder.up.0.block.1": {
    "l2_value": 0.002750777406617999,
    "cosine_value": 0.07319742441177368,
    "shape": [
      1,
      128,
      512,
      512
    ],
    "method": "Both"
  },
  "decoder.up.0.block.2": {
    "l2_value": 0.0030303127132356167,
    "cosine_value": 0.06929099559783936,
    "shape": [
      1,
      128,
      512,
      512
    ],
    "method": "Both"
  },
  "decoder.up.1.block.0": {
    "l2_value": 0.0010191448964178562,
    "cosine_value": 0.10575872659683228,
    "shape": [
      1,
      256,
      256,
      256
    ],
    "method": "Both"
  },
  "decoder.up.1.block.1": {
    "l2_value": 0.0010501998476684093,
    "cosine_value": 0.11380910873413086,
    "shape": [
      1,
      256,
      256,
      256
    ],
    "method": "Both"
  },
  "decoder.up.1.block.2": {
    "l2_value": 0.0009922401513904333,
    "cosine_value": 0.12136083841323853,
    "shape": [
      1,
      256,
      256,
      256
    ],
    "method": "Both"
  },
  "decoder.up.1.upsample": {
    "l2_value": 0.0012560230679810047,
    "cosine_value": 0.10620033740997314,
    "shape": [
      1,
      256,
      512,
      512
    ],
    "method": "Both"
  },
  "decoder.up.2.block.0": {
    "l2_value": 0.0008190650260075927,
    "cosine_value": 0.13878971338272095,
    "shape": [
      1,
      512,
      128,
      128
    ],
    "method": "Both"
  },
  "decoder.up.2.block.1": {
    "l2_value": 0.0008450017194263637,
    "cosine_value": 0.1393270492553711,
    "shape": [
      1,
      512,
      128,
      128
    ],
    "method": "Both"
  },
  "decoder.up.2.block.2": {
    "l2_value": 0.0007598114898428321,
    "cosine_value": 0.15012246370315552,
    "shape": [
      1,
      512,
      128,
      128
    ],
    "method": "Both"
  },
  "decoder.up.2.upsample": {
    "l2_value": 0.0011805222602561116,
    "cosine_value": 0.13025134801864624,
    "shape": [
      1,
      512,
      256,
      256
    ],
    "method": "Both"
  },
  "decoder.up.3.block.0": {
    "l2_value": 0.0004995071794837713,
    "cosine_value": 0.16764366626739502,
    "shape": [
      1,
      512,
      64,
      64
    ],
    "method": "Both"
  },
  "decoder.up.3.block.1": {
    "l2_value": 0.0005190649535506964,
    "cosine_value": 0.17539149522781372,
    "shape": [
      1,
      512,
      64,
      64
    ],
    "method": "Both"
  },
  "decoder.up.3.block.2": {
    "l2_value": 0.0004698933335021138,
    "cosine_value": 0.1748887300491333,
    "shape": [
      1,
      512,
      64,
      64
    ],
    "method": "Both"
  },
  "decoder.up.3.upsample": {
    "l2_value": 0.0008321593049913645,
    "cosine_value": 0.14982390403747559,
    "shape": [
      1,
      512,
      128,
      128
    ],
    "method": "Both"
  },
  "decoder.conv_out": {
    "l2_value": 0.00027050188509747386,
    "cosine_value": 0.08820188045501709,
    "shape": [
      1,
      3,
      512,
      512
    ],
    "method": "Both"
  }
}