{
  "decoder.conv_in": {
    "l2_value": 0.00035651554935611784,
    "cosine_value": 0.3891602158546448,
    "shape": [
      1,
      512,
      64,
      64
    ],
    "method": "Both"
  },
  "decoder.mid.block_1": {
    "l2_value": 0.0004066280380357057,
    "cosine_value": 0.2786930799484253,
    "shape": [
      1,
      512,
      64,
      64
    ],
    "method": "Both"
  },
  "decoder.mid.attn_1": {
    "l2_value": 0.0004056591133121401,
    "cosine_value": 0.252840518951416,
    "shape": [
      1,
      512,
      64,
      64
    ],
    "method": "Both"
  },
  "decoder.mid.block_2": {
    "l2_value": 0.000425960955908522,
    "cosine_value": 0.250663697719574,
    "shape": [
      1,
      512,
      64,
      64
    ],
    "method": "Both"
  },
  "decoder.up.0.block.0": {
    "l2_value": 0.002265514573082328,
    "cosine_value": 0.12221968173980713,
    "shape": [
      1,
      128,
      512,
      512
    ],
    "method": "Both"
  },
  "decoder.up.0.block.1": {
    "l2_value": 0.00248714885674417,
    "cosine_value": 0.10728847980499268,
    "shape": [
      1,
      128,
      512,
      512
    ],
    "method": "Both"
  },
  "decoder.up.0.block.2": {
    "l2_value": 0.002787408186122775,
    "cosine_value": 0.09682214260101318,
    "shape": [
      1,
      128,
      512,
      512
    ],
    "method": "Both"
  },
  "decoder.up.1.block.0": {
    "l2_value": 0.0011081480188295245,
    "cosine_value": 0.19173121452331543,
    "shape": [
      1,
      256,
      256,
      256
    ],
    "method": "Both"
  },
  "decoder.up.1.block.1": {
    "l2_value": 0.0011115289526060224,
    "cosine_value": 0.18700599670410156,
    "shape": [
      1,
      256,
      256,
      256
    ],
    "method": "Both"
  },
  "decoder.up.1.block.2": {
    "l2_value": 0.0010207195300608873,
    "cosine_value": 0.20699578523635864,
    "shape": [
      1,
      256,
      256,
      256
    ],
    "method": "Both"
  },
  "decoder.up.1.upsample": {
    "l2_value": 0.001192025956697762,
    "cosine_value": 0.1758846640586853,
    "shape": [
      1,
      256,
      512,
      512
    ],
    "method": "Both"
  },
  "decoder.up.2.block.0": {
    "l2_value": 0.0008166329353116453,
    "cosine_value": 0.22422319650650024,
    "shape": [
      1,
      512,
      128,
      128
    ],
    "method": "Both"
  },
  "decoder.up.2.block.1": {
    "l2_value": 0.00084843416698277,
    "cosine_value": 0.2342536449432373,
    "shape": [
      1,
      512,
      128,
      128
    ],
    "method": "Both"
  },
  "decoder.up.2.block.2": {
    "l2_value": 0.0007685938035137951,
    "cosine_value": 0.28187745809555054,
    "shape": [
      1,
      512,
      128,
      128
    ],
    "method": "Both"
  },
  "decoder.up.2.upsample": {
    "l2_value": 0.0012417411198839545,
    "cosine_value": 0.2578718066215515,
    "shape": [
      1,
      512,
      256,
      256
    ],
    "method": "Both"
  },
  "decoder.up.3.block.0": {
    "l2_value": 0.00047353265108540654,
    "cosine_value": 0.2626367211341858,
    "shape": [
      1,
      512,
      64,
      64
    ],
    "method": "Both"
  },
  "decoder.up.3.block.1": {
    "l2_value": 0.0004904383094981313,
    "cosine_value": 0.2606859803199768,
    "shape": [
      1,
      512,
      64,
      64
    ],
    "method": "Both"
  },
  "decoder.up.3.block.2": {
    "l2_value": 0.00045939607662148774,
    "cosine_value": 0.28852957487106323,
    "shape": [
      1,
      512,
      64,
      64
    ],
    "method": "Both"
  },
  "decoder.up.3.upsample": {
    "l2_value": 0.000813180289696902,
    "cosine_value": 0.24709928035736084,
    "shape": [
      1,
      512,
      128,
      128
    ],
    "method": "Both"
  },
  "decoder.conv_out": {
    "l2_value": 0.00044749362859874964,
    "cosine_value": 0.23138374090194702,
    "shape": [
      1,
      3,
      512,
      512
    ],
    "method": "Both"
  }
}