{
  "decoder.conv_in": {
    "l2_value": 0.0006373453652486205,
    "cosine_value": 0.3490139842033386,
    "shape": [
      1,
      512,
      64,
      64
    ],
    "method": "Both"
  },
  "decoder.mid.block_1": {
    "l2_value": 0.0006181408534757793,
    "cosine_value": 0.3232743740081787,
    "shape": [
      1,
      512,
      64,
      64
    ],
    "method": "Both"
  },
  "decoder.mid.attn_1": {
    "l2_value": 0.0006147439125925303,
    "cosine_value": 0.31361186504364014,
    "shape": [
      1,
      512,
      64,
      64
    ],
    "method": "Both"
  },
  "decoder.mid.block_2": {
    "l2_value": 0.0006337491213344038,
    "cosine_value": 0.3096224069595337,
    "shape": [
      1,
      512,
      64,
      64
    ],
    "method": "Both"
  },
  "decoder.up.0.block.0": {
    "l2_value": 0.0027397992089390755,
    "cosine_value": 0.09381258487701416,
    "shape": [
      1,
      128,
      512,
      512
    ],
    "method": "Both"
  },
  "decoder.up.0.block.1": {
    "l2_value": 0.002838479820638895,
    "cosine_value": 0.08073300123214722,
    "shape": [
      1,
      128,
      512,
      512
    ],
    "method": "Both"
  },
  "decoder.up.0.block.2": {
    "l2_value": 0.0029621010180562735,
    "cosine_value": 0.06858819723129272,
    "shape": [
      1,
      128,
      512,
      512
    ],
    "method": "Both"
  },
  "decoder.up.1.block.0": {
    "l2_value": 0.001448555733077228,
    "cosine_value": 0.22014212608337402,
    "shape": [
      1,
      256,
      256,
      256
    ],
    "method": "Both"
  },
  "decoder.up.1.block.1": {
    "l2_value": 0.0014720264589414,
    "cosine_value": 0.23042559623718262,
    "shape": [
      1,
      256,
      256,
      256
    ],
    "method": "Both"
  },
  "decoder.up.1.block.2": {
    "l2_value": 0.0013888697139918804,
    "cosine_value": 0.24493926763534546,
    "shape": [
      1,
      256,
      256,
      256
    ],
    "method": "Both"
  },
  "decoder.up.1.upsample": {
    "l2_value": 0.0016966232797130942,
    "cosine_value": 0.19785547256469727,
    "shape": [
      1,
      256,
      512,
      512
    ],
    "method": "Both"
  },
  "decoder.up.2.block.0": {
    "l2_value": 0.0011552218347787857,
    "cosine_value": 0.27799737453460693,
    "shape": [
      1,
      512,
      128,
      128
    ],
    "method": "Both"
  },
  "decoder.up.2.block.1": {
    "l2_value": 0.0011868408182635903,
    "cosine_value": 0.27569782733917236,
    "shape": [
      1,
      512,
      128,
      128
    ],
    "method": "Both"
  },
  "decoder.up.2.block.2": {
    "l2_value": 0.0010647550225257874,
    "cosine_value": 0.2961733937263489,
    "shape": [
      1,
      512,
      128,
      128
    ],
    "method": "Both"
  },
  "decoder.up.2.upsample": {
    "l2_value": 0.0016776348929852247,
    "cosine_value": 0.26719796657562256,
    "shape": [
      1,
      512,
      256,
      256
    ],
    "method": "Both"
  },
  "decoder.up.3.block.0": {
    "l2_value": 0.000683206832036376,
    "cosine_value": 0.3167448043823242,
    "shape": [
      1,
      512,
      64,
      64
    ],
    "method": "Both"
  },
  "decoder.up.3.block.1": {
    "l2_value": 0.0007094936445355415,
    "cosine_value": 0.32821017503738403,
    "shape": [
      1,
      512,
      64,
      64
    ],
    "method": "Both"
  },
  "decoder.up.3.block.2": {
    "l2_value": 0.0006472859531641006,
    "cosine_value": 0.3328816294670105,
    "shape": [
      1,
      512,
      64,
      64
    ],
    "method": "Both"
  },
  "decoder.up.3.upsample": {
    "l2_value": 0.0011719758622348309,
    "cosine_value": 0.3005375862121582,
    "shape": [
      1,
      512,
      128,
      128
    ],
    "method": "Both"
  },
  "decoder.conv_out": {
    "l2_value": 0.0004454171285033226,
    "cosine_value": 0.22019368410110474,
    "shape": [
      1,
      3,
      512,
      512
    ],
    "method": "Both"
  }
}