{
  "decoder.conv_in": {
    "l2_value": 0.0001994509802898392,
    "cosine_value": 0.13973277807235718,
    "shape": [
      1,
      512,
      64,
      64
    ],
    "method": "Both"
  },
  "decoder.mid.block_1": {
    "l2_value": 0.00022671443002764136,
    "cosine_value": 0.0878952145576477,
    "shape": [
      1,
      512,
      64,
      64
    ],
    "method": "Both"
  },
  "decoder.mid.attn_1": {
    "l2_value": 0.0002258617605548352,
    "cosine_value": 0.0782630443572998,
    "shape": [
      1,
      512,
      64,
      64
    ],
    "method": "Both"
  },
  "decoder.mid.block_2": {
    "l2_value": 0.0002414728223811835,
    "cosine_value": 0.08053022623062134,
    "shape": [
      1,
      512,
      64,
      64
    ],
    "method": "Both"
  },
  "decoder.up.0.block.0": {
    "l2_value": 0.0022667397279292345,
    "cosine_value": 0.12438458204269409,
    "shape": [
      1,
      128,
      512,
      512
    ],
    "method": "Both"
  },
  "decoder.up.0.block.1": {
    "l2_value": 0.002728825667873025,
    "cosine_value": 0.13076645135879517,
    "shape": [
      1,
      128,
      512,
      512
    ],
    "method": "Both"
  },
  "decoder.up.0.block.2": {
    "l2_value": 0.0032742766197770834,
    "cosine_value": 0.13608402013778687,
    "shape": [
      1,
      128,
      512,
      512
    ],
    "method": "Both"
  },
  "decoder.up.1.block.0": {
    "l2_value": 0.0006125618238002062,
    "cosine_value": 0.05586320161819458,
    "shape": [
      1,
      256,
      256,
      256
    ],
    "method": "Both"
  },
  "decoder.up.1.block.1": {
    "l2_value": 0.0006179757183417678,
    "cosine_value": 0.05538290739059448,
    "shape": [
      1,
      256,
      256,
      256
    ],
    "method": "Both"
  },
  "decoder.up.1.block.2": {
    "l2_value": 0.0005668076919391751,
    "cosine_value": 0.061257243156433105,
    "shape": [
      1,
      256,
      256,
      256
    ],
    "method": "Both"
  },
  "decoder.up.1.upsample": {
    "l2_value": 0.0007098169298842549,
    "cosine_value": 0.060393452644348145,
    "shape": [
      1,
      256,
      512,
      512
    ],
    "method": "Both"
  },
  "decoder.up.2.block.0": {
    "l2_value": 0.00046158290933817625,
    "cosine_value": 0.07129961252212524,
    "shape": [
      1,
      512,
      128,
      128
    ],
    "method": "Both"
  },
  "decoder.up.2.block.1": {
    "l2_value": 0.00048005266580730677,
    "cosine_value": 0.07543814182281494,
    "shape": [
      1,
      512,
      128,
      128
    ],
    "method": "Both"
  },
  "decoder.up.2.block.2": {
    "l2_value": 0.00043317818199284375,
    "cosine_value": 0.08926159143447876,
    "shape": [
      1,
      512,
      128,
      128
    ],
    "method": "Both"
  },
  "decoder.up.2.upsample": {
    "l2_value": 0.0006852615042589605,
    "cosine_value": 0.07838380336761475,
    "shape": [
      1,
      512,
      256,
      256
    ],
    "method": "Both"
  },
  "decoder.up.3.block.0": {
    "l2_value": 0.0002708238607738167,
    "cosine_value": 0.08687621355056763,
    "shape": [
      1,
      512,
      64,
      64
    ],
    "method": "Both"
  },
  "decoder.up.3.block.1": {
    "l2_value": 0.0002809262368828058,
    "cosine_value": 0.08680868148803711,
    "shape": [
      1,
      512,
      64,
      64
    ],
    "method": "Both"
  },
  "decoder.up.3.block.2": {
    "l2_value": 0.00026306838844902813,
    "cosine_value": 0.09548139572143555,
    "shape": [
      1,
      512,
      64,
      64
    ],
    "method": "Both"
  },
  "decoder.up.3.upsample": {
    "l2_value": 0.0004604492278303951,
    "cosine_value": 0.07904362678527832,
    "shape": [
      1,
      512,
      128,
      128
    ],
    "method": "Both"
  },
  "decoder.conv_out": {
    "l2_value": 0.00022256746888160706,
    "cosine_value": 0.046312153339385986,
    "shape": [
      1,
      3,
      512,
      512
    ],
    "method": "Both"
  }
}