{
  "decoder.conv_in": {
    "l2_value": 0.00036666583037003875,
    "cosine_value": 0.11090296506881714,
    "shape": [
      1,
      512,
      64,
      64
    ],
    "method": "Both"
  },
  "decoder.mid.block_1": {
    "l2_value": 0.0003469713556114584,
    "cosine_value": 0.09910541772842407,
    "shape": [
      1,
      512,
      64,
      64
    ],
    "method": "Both"
  },
  "decoder.mid.attn_1": {
    "l2_value": 0.00034354807576164603,
    "cosine_value": 0.09553849697113037,
    "shape": [
      1,
      512,
      64,
      64
    ],
    "method": "Both"
  },
  "decoder.mid.block_2": {
    "l2_value": 0.0003565173828974366,
    "cosine_value": 0.09566974639892578,
    "shape": [
      1,
      512,
      64,
      64
    ],
    "method": "Both"
  },
  "decoder.up.0.block.0": {
    "l2_value": 0.0014439777005463839,
    "cosine_value": 0.02419966459274292,
    "shape": [
      1,
      128,
      512,
      512
    ],
    "method": "Both"
  },
  "decoder.up.0.block.1": {
    "l2_value": 0.001507303793914616,
    "cosine_value": 0.02142012119293213,
    "shape": [
      1,
      128,
      512,
      512
    ],
    "method": "Both"
  },
  "decoder.up.0.block.2": {
    "l2_value": 0.0015982300974428654,
    "cosine_value": 0.019035398960113525,
    "shape": [
      1,
      128,
      512,
      512
    ],
    "method": "Both"
  },
  "decoder.up.1.block.0": {
    "l2_value": 0.0007909273263067007,
    "cosine_value": 0.05957162380218506,
    "shape": [
      1,
      256,
      256,
      256
    ],
    "method": "Both"
  },
  "decoder.up.1.block.1": {
    "l2_value": 0.0008138698758557439,
    "cosine_value": 0.06368714570999146,
    "shape": [
      1,
      256,
      256,
      256
    ],
    "method": "Both"
  },
  "decoder.up.1.block.2": {
    "l2_value": 0.0007674122462049127,
    "cosine_value": 0.06672048568725586,
    "shape": [
      1,
      256,
      256,
      256
    ],
    "method": "Both"
  },
  "decoder.up.1.upsample": {
    "l2_value": 0.0009127731318585575,
    "cosine_value": 0.05194556713104248,
    "shape": [
      1,
      256,
      512,
      512
    ],
    "method": "Both"
  },
  "decoder.up.2.block.0": {
    "l2_value": 0.0006586371455341578,
    "cosine_value": 0.08632862567901611,
    "shape": [
      1,
      512,
      128,
      128
    ],
    "method": "Both"
  },
  "decoder.up.2.block.1": {
    "l2_value": 0.0006772914784960449,
    "cosine_value": 0.08636277914047241,
    "shape": [
      1,
      512,
      128,
      128
    ],
    "method": "Both"
  },
  "decoder.up.2.block.2": {
    "l2_value": 0.0006052497774362564,
    "cosine_value": 0.09049540758132935,
    "shape": [
      1,
      512,
      128,
      128
    ],
    "method": "Both"
  },
  "decoder.up.2.upsample": {
    "l2_value": 0.0009346133447252214,
    "cosine_value": 0.07758992910385132,
    "shape": [
      1,
      512,
      256,
      256
    ],
    "method": "Both"
  },
  "decoder.up.3.block.0": {
    "l2_value": 0.0003916447749361396,
    "cosine_value": 0.10201495885848999,
    "shape": [
      1,
      512,
      64,
      64
    ],
    "method": "Both"
  },
  "decoder.up.3.block.1": {
    "l2_value": 0.0004107069398742169,
    "cosine_value": 0.10787814855575562,
    "shape": [
      1,
      512,
      64,
      64
    ],
    "method": "Both"
  },
  "decoder.up.3.block.2": {
    "l2_value": 0.0003733809571713209,
    "cosine_value": 0.10653489828109741,
    "shape": [
      1,
      512,
      64,
      64
    ],
    "method": "Both"
  },
  "decoder.up.3.upsample": {
    "l2_value": 0.0006698255310766399,
    "cosine_value": 0.0928463339805603,
    "shape": [
      1,
      512,
      128,
      128
    ],
    "method": "Both"
  },
  "decoder.conv_out": {
    "l2_value": 0.00022050616098567843,
    "cosine_value": 0.04349970817565918,
    "shape": [
      1,
      3,
      512,
      512
    ],
    "method": "Both"
  }
}