{
  "decoder.conv_in": {
    "l2_value": 0.00019370905647519976,
    "cosine_value": 0.03322356939315796,
    "shape": [
      1,
      512,
      64,
      64
    ],
    "method": "Both"
  },
  "decoder.mid.block_1": {
    "l2_value": 0.00018267545965500176,
    "cosine_value": 0.02967613935470581,
    "shape": [
      1,
      512,
      64,
      64
    ],
    "method": "Both"
  },
  "decoder.mid.attn_1": {
    "l2_value": 0.000188389778486453,
    "cosine_value": 0.030181467533111572,
    "shape": [
      1,
      512,
      64,
      64
    ],
    "method": "Both"
  },
  "decoder.mid.block_2": {
    "l2_value": 0.00019454392895568162,
    "cosine_value": 0.029843688011169434,
    "shape": [
      1,
      512,
      64,
      64
    ],
    "method": "Both"
  },
  "decoder.up.0.block.0": {
    "l2_value": 0.0005849312874488533,
    "cosine_value": 0.004527151584625244,
    "shape": [
      1,
      128,
      512,
      512
    ],
    "method": "Both"
  },
  "decoder.up.0.block.1": {
    "l2_value": 0.0006018675630912185,
    "cosine_value": 0.003816366195678711,
    "shape": [
      1,
      128,
      512,
      512
    ],
    "method": "Both"
  },
  "decoder.up.0.block.2": {
    "l2_value": 0.0006280054221861064,
    "cosine_value": 0.0032287240028381348,
    "shape": [
      1,
      128,
      512,
      512
    ],
    "method": "Both"
  },
  "decoder.up.1.block.0": {
    "l2_value": 0.0004106258857063949,
    "cosine_value": 0.018730223178863525,
    "shape": [
      1,
      256,
      256,
      256
    ],
    "method": "Both"
  },
  "decoder.up.1.block.1": {
    "l2_value": 0.0004165352147538215,
    "cosine_value": 0.019662678241729736,
    "shape": [
      1,
      256,
      256,
      256
    ],
    "method": "Both"
  },
  "decoder.up.1.block.2": {
    "l2_value": 0.0003817307879216969,
    "cosine_value": 0.020134687423706055,
    "shape": [
      1,
      256,
      256,
      256
    ],
    "method": "Both"
  },
  "decoder.up.1.upsample": {
    "l2_value": 0.0004469652194529772,
    "cosine_value": 0.01512289047241211,
    "shape": [
      1,
      256,
      512,
      512
    ],
    "method": "Both"
  },
  "decoder.up.2.block.0": {
    "l2_value": 0.0003577449533622712,
    "cosine_value": 0.027407348155975342,
    "shape": [
      1,
      512,
      128,
      128
    ],
    "method": "Both"
  },
  "decoder.up.2.block.1": {
    "l2_value": 0.0003698192595038563,
    "cosine_value": 0.02774590253829956,
    "shape": [
      1,
      512,
      128,
      128
    ],
    "method": "Both"
  },
  "decoder.up.2.block.2": {
    "l2_value": 0.00032319125602953136,
    "cosine_value": 0.02900409698486328,
    "shape": [
      1,
      512,
      128,
      128
    ],
    "method": "Both"
  },
  "decoder.up.2.upsample": {
    "l2_value": 0.0004921829095110297,
    "cosine_value": 0.024459660053253174,
    "shape": [
      1,
      512,
      256,
      256
    ],
    "method": "Both"
  },
  "decoder.up.3.block.0": {
    "l2_value": 0.00021307154383976012,
    "cosine_value": 0.03137761354446411,
    "shape": [
      1,
      512,
      64,
      64
    ],
    "method": "Both"
  },
  "decoder.up.3.block.1": {
    "l2_value": 0.00022352443193085492,
    "cosine_value": 0.03335738182067871,
    "shape": [
      1,
      512,
      64,
      64
    ],
    "method": "Both"
  },
  "decoder.up.3.block.2": {
    "l2_value": 0.0002035504876403138,
    "cosine_value": 0.03381812572479248,
    "shape": [
      1,
      512,
      64,
      64
    ],
    "method": "Both"
  },
  "decoder.up.3.upsample": {
    "l2_value": 0.0003663457464426756,
    "cosine_value": 0.029885947704315186,
    "shape": [
      1,
      512,
      128,
      128
    ],
    "method": "Both"
  },
  "decoder.conv_out": {
    "l2_value": 9.702862007543445e-05,
    "cosine_value": 0.012320935726165771,
    "shape": [
      1,
      3,
      512,
      512
    ],
    "method": "Both"
  }
}