{
  "decoder.conv_in": {
    "l2_value": 0.00011411931336624548,
    "cosine_value": 0.03684639930725098,
    "shape": [
      1,
      512,
      64,
      64
    ],
    "method": "Both"
  },
  "decoder.mid.block_1": {
    "l2_value": 0.00012241014337632805,
    "cosine_value": 0.025446534156799316,
    "shape": [
      1,
      512,
      64,
      64
    ],
    "method": "Both"
  },
  "decoder.mid.attn_1": {
    "l2_value": 0.00012377958046272397,
    "cosine_value": 0.02302563190460205,
    "shape": [
      1,
      512,
      64,
      64
    ],
    "method": "Both"
  },
  "decoder.mid.block_2": {
    "l2_value": 0.00013137729547452182,
    "cosine_value": 0.023497700691223145,
    "shape": [
      1,
      512,
      64,
      64
    ],
    "method": "Both"
  },
  "decoder.up.0.block.0": {
    "l2_value": 0.0004979503573849797,
    "cosine_value": 0.006079614162445068,
    "shape": [
      1,
      128,
      512,
      512
    ],
    "method": "Both"
  },
  "decoder.up.0.block.1": {
    "l2_value": 0.0005331776337698102,
    "cosine_value": 0.0050498247146606445,
    "shape": [
      1,
      128,
      512,
      512
    ],
    "method": "Both"
  },
  "decoder.up.0.block.2": {
    "l2_value": 0.0005832458264194429,
    "cosine_value": 0.004312634468078613,
    "shape": [
      1,
      128,
      512,
      512
    ],
    "method": "Both"
  },
  "decoder.up.1.block.0": {
    "l2_value": 0.00033270296989940107,
    "cosine_value": 0.017289459705352783,
    "shape": [
      1,
      256,
      256,
      256
    ],
    "method": "Both"
  },
  "decoder.up.1.block.1": {
    "l2_value": 0.0003286846913397312,
    "cosine_value": 0.01650017499923706,
    "shape": [
      1,
      256,
      256,
      256
    ],
    "method": "Both"
  },
  "decoder.up.1.block.2": {
    "l2_value": 0.0002908805035986006,
    "cosine_value": 0.01720583438873291,
    "shape": [
      1,
      256,
      256,
      256
    ],
    "method": "Both"
  },
  "decoder.up.1.upsample": {
    "l2_value": 0.00033008705941028893,
    "cosine_value": 0.01384592056274414,
    "shape": [
      1,
      256,
      512,
      512
    ],
    "method": "Both"
  },
  "decoder.up.2.block.0": {
    "l2_value": 0.000254540384048596,
    "cosine_value": 0.021545231342315674,
    "shape": [
      1,
      512,
      128,
      128
    ],
    "method": "Both"
  },
  "decoder.up.2.block.1": {
    "l2_value": 0.00026635226095095277,
    "cosine_value": 0.023124754428863525,
    "shape": [
      1,
      512,
      128,
      128
    ],
    "method": "Both"
  },
  "decoder.up.2.block.2": {
    "l2_value": 0.00023657313431613147,
    "cosine_value": 0.02702099084854126,
    "shape": [
      1,
      512,
      128,
      128
    ],
    "method": "Both"
  },
  "decoder.up.2.upsample": {
    "l2_value": 0.000376892217900604,
    "cosine_value": 0.023781418800354004,
    "shape": [
      1,
      512,
      256,
      256
    ],
    "method": "Both"
  },
  "decoder.up.3.block.0": {
    "l2_value": 0.00014555665256921202,
    "cosine_value": 0.024783670902252197,
    "shape": [
      1,
      512,
      64,
      64
    ],
    "method": "Both"
  },
  "decoder.up.3.block.1": {
    "l2_value": 0.00015300301311071962,
    "cosine_value": 0.02526986598968506,
    "shape": [
      1,
      512,
      64,
      64
    ],
    "method": "Both"
  },
  "decoder.up.3.block.2": {
    "l2_value": 0.00014290270337369293,
    "cosine_value": 0.028036832809448242,
    "shape": [
      1,
      512,
      64,
      64
    ],
    "method": "Both"
  },
  "decoder.up.3.upsample": {
    "l2_value": 0.00025609787553548813,
    "cosine_value": 0.02393394708633423,
    "shape": [
      1,
      512,
      128,
      128
    ],
    "method": "Both"
  },
  "decoder.conv_out": {
    "l2_value": 9.685556869953871e-05,
    "cosine_value": 0.01270294189453125,
    "shape": [
      1,
      3,
      512,
      512
    ],
    "method": "Both"
  }
}