{
  "decoder.conv_in": {
    "l2_value": 0.0003357617533765733,
    "cosine_value": 0.10957592725753784,
    "shape": [
      1,
      512,
      64,
      64
    ],
    "method": "Both"
  },
  "decoder.mid.block_1": {
    "l2_value": 0.00038899865467101336,
    "cosine_value": 0.14165985584259033,
    "shape": [
      1,
      512,
      64,
      64
    ],
    "method": "Both"
  },
  "decoder.mid.attn_1": {
    "l2_value": 0.00038672456867061555,
    "cosine_value": 0.13557052612304688,
    "shape": [
      1,
      512,
      64,
      64
    ],
    "method": "Both"
  },
  "decoder.mid.block_2": {
    "l2_value": 0.0003815348900388926,
    "cosine_value": 0.12161803245544434,
    "shape": [
      1,
      512,
      64,
      64
    ],
    "method": "Both"
  },
  "decoder.up.0.block.0": {
    "l2_value": 0.006005029194056988,
    "cosine_value": 0.4339762330055237,
    "shape": [
      1,
      128,
      512,
      512
    ],
    "method": "Both"
  },
  "decoder.up.0.block.1": {
    "l2_value": 0.006834462285041809,
    "cosine_value": 0.45021504163742065,
    "shape": [
      1,
      128,
      512,
      512
    ],
    "method": "Both"
  },
  "decoder.up.0.block.2": {
    "l2_value": 0.007818661630153656,
    "cosine_value": 0.4618983864784241,
    "shape": [
      1,
      128,
      512,
      512
    ],
    "method": "Both"
  },
  "decoder.up.1.block.0": {
    "l2_value": 0.0008935484802350402,
    "cosine_value": 0.0933908224105835,
    "shape": [
      1,
      256,
      256,
      256
    ],
    "method": "Both"
  },
  "decoder.up.1.block.1": {
    "l2_value": 0.0009173517464660108,
    "cosine_value": 0.10011696815490723,
    "shape": [
      1,
      256,
      256,
      256
    ],
    "method": "Both"
  },
  "decoder.up.1.block.2": {
    "l2_value": 0.0008852945757098496,
    "cosine_value": 0.11384046077728271,
    "shape": [
      1,
      256,
      256,
      256
    ],
    "method": "Both"
  },
  "decoder.up.1.upsample": {
    "l2_value": 0.0017463690601289272,
    "cosine_value": 0.22336667776107788,
    "shape": [
      1,
      256,
      512,
      512
    ],
    "method": "Both"
  },
  "decoder.up.2.block.0": {
    "l2_value": 0.0006128994864411652,
    "cosine_value": 0.08482497930526733,
    "shape": [
      1,
      512,
      128,
      128
    ],
    "method": "Both"
  },
  "decoder.up.2.block.1": {
    "l2_value": 0.0006259640795178711,
    "cosine_value": 0.08316123485565186,
    "shape": [
      1,
      512,
      128,
      128
    ],
    "method": "Both"
  },
  "decoder.up.2.block.2": {
    "l2_value": 0.0005602450110018253,
    "cosine_value": 0.09228640794754028,
    "shape": [
      1,
      512,
      128,
      128
    ],
    "method": "Both"
  },
  "decoder.up.2.upsample": {
    "l2_value": 0.0008976365206763148,
    "cosine_value": 0.08640950918197632,
    "shape": [
      1,
      512,
      256,
      256
    ],
    "method": "Both"
  },
  "decoder.up.3.block.0": {
    "l2_value": 0.00040064789936877787,
    "cosine_value": 0.11675554513931274,
    "shape": [
      1,
      512,
      64,
      64
    ],
    "method": "Both"
  },
  "decoder.up.3.block.1": {
    "l2_value": 0.00038836398744024336,
    "cosine_value": 0.10630553960800171,
    "shape": [
      1,
      512,
      64,
      64
    ],
    "method": "Both"
  },
  "decoder.up.3.block.2": {
    "l2_value": 0.00034272746415808797,
    "cosine_value": 0.10248297452926636,
    "shape": [
      1,
      512,
      64,
      64
    ],
    "method": "Both"
  },
  "decoder.up.3.upsample": {
    "l2_value": 0.0006138575845398009,
    "cosine_value": 0.0897446870803833,
    "shape": [
      1,
      512,
      128,
      128
    ],
    "method": "Both"
  },
  "decoder.conv_out": {
    "l2_value": 0.00017875739528487125,
    "cosine_value": 0.05500507354736328,
    "shape": [
      1,
      3,
      512,
      512
    ],
    "method": "Both"
  }
}