{
  "decoder.conv_in": {
    "l2_value": 0.00041679636342450976,
    "cosine_value": 0.150285542011261,
    "shape": [
      1,
      512,
      64,
      64
    ],
    "method": "Both"
  },
  "decoder.mid.block_1": {
    "l2_value": 0.00041118721128441393,
    "cosine_value": 0.1440029740333557,
    "shape": [
      1,
      512,
      64,
      64
    ],
    "method": "Both"
  },
  "decoder.mid.attn_1": {
    "l2_value": 0.0004040156491100788,
    "cosine_value": 0.13612419366836548,
    "shape": [
      1,
      512,
      64,
      64
    ],
    "method": "Both"
  },
  "decoder.mid.block_2": {
    "l2_value": 0.00041796197183430195,
    "cosine_value": 0.13591349124908447,
    "shape": [
      1,
      512,
      64,
      64
    ],
    "method": "Both"
  },
  "decoder.up.0.block.0": {
    "l2_value": 0.0033805181737989187,
    "cosine_value": 0.13759267330169678,
    "shape": [
      1,
      128,
      512,
      512
    ],
    "method": "Both"
  },
  "decoder.up.0.block.1": {
    "l2_value": 0.0038379232864826918,
    "cosine_value": 0.14141887426376343,
    "shape": [
      1,
      128,
      512,
      512
    ],
    "method": "Both"
  },
  "decoder.up.0.block.2": {
    "l2_value": 0.0043773045763373375,
    "cosine_value": 0.14363551139831543,
    "shape": [
      1,
      128,
      512,
      512
    ],
    "method": "Both"
  },
  "decoder.up.1.block.0": {
    "l2_value": 0.0009219251805916429,
    "cosine_value": 0.0886109471321106,
    "shape": [
      1,
      256,
      256,
      256
    ],
    "method": "Both"
  },
  "decoder.up.1.block.1": {
    "l2_value": 0.0009574121213518083,
    "cosine_value": 0.0966690182685852,
    "shape": [
      1,
      256,
      256,
      256
    ],
    "method": "Both"
  },
  "decoder.up.1.block.2": {
    "l2_value": 0.0009096776484511793,
    "cosine_value": 0.10418164730072021,
    "shape": [
      1,
      256,
      256,
      256
    ],
    "method": "Both"
  },
  "decoder.up.1.upsample": {
    "l2_value": 0.0012770129833370447,
    "cosine_value": 0.11117208003997803,
    "shape": [
      1,
      256,
      512,
      512
    ],
    "method": "Both"
  },
  "decoder.up.2.block.0": {
    "l2_value": 0.0007441917550750077,
    "cosine_value": 0.11647343635559082,
    "shape": [
      1,
      512,
      128,
      128
    ],
    "method": "Both"
  },
  "decoder.up.2.block.1": {
    "l2_value": 0.0007682018913328648,
    "cosine_value": 0.11734604835510254,
    "shape": [
      1,
      512,
      128,
      128
    ],
    "method": "Both"
  },
  "decoder.up.2.block.2": {
    "l2_value": 0.0006898439023643732,
    "cosine_value": 0.1267983317375183,
    "shape": [
      1,
      512,
      128,
      128
    ],
    "method": "Both"
  },
  "decoder.up.2.upsample": {
    "l2_value": 0.0010591238969936967,
    "cosine_value": 0.1081153154373169,
    "shape": [
      1,
      512,
      256,
      256
    ],
    "method": "Both"
  },
  "decoder.up.3.block.0": {
    "l2_value": 0.0004564656119327992,
    "cosine_value": 0.14278829097747803,
    "shape": [
      1,
      512,
      64,
      64
    ],
    "method": "Both"
  },
  "decoder.up.3.block.1": {
    "l2_value": 0.0004740512522403151,
    "cosine_value": 0.1491549015045166,
    "shape": [
      1,
      512,
      64,
      64
    ],
    "method": "Both"
  },
  "decoder.up.3.block.2": {
    "l2_value": 0.0004270169301889837,
    "cosine_value": 0.14760643243789673,
    "shape": [
      1,
      512,
      64,
      64
    ],
    "method": "Both"
  },
  "decoder.up.3.upsample": {
    "l2_value": 0.0007544974214397371,
    "cosine_value": 0.12493699789047241,
    "shape": [
      1,
      512,
      128,
      128
    ],
    "method": "Both"
  },
  "decoder.conv_out": {
    "l2_value": 0.00021433116247256598,
    "cosine_value": 0.05055510997772217,
    "shape": [
      1,
      3,
      512,
      512
    ],
    "method": "Both"
  }
}