{
  "decoder.conv_in": {
    "l2_value": 0.00020491195027716458,
    "cosine_value": 0.1351795792579651,
    "shape": [
      1,
      512,
      64,
      64
    ],
    "method": "Both"
  },
  "decoder.mid.block_1": {
    "l2_value": 0.0002471379702910781,
    "cosine_value": 0.10298734903335571,
    "shape": [
      1,
      512,
      64,
      64
    ],
    "method": "Both"
  },
  "decoder.mid.attn_1": {
    "l2_value": 0.00023935512581374496,
    "cosine_value": 0.08825045824050903,
    "shape": [
      1,
      512,
      64,
      64
    ],
    "method": "Both"
  },
  "decoder.mid.block_2": {
    "l2_value": 0.00025502254720777273,
    "cosine_value": 0.09085941314697266,
    "shape": [
      1,
      512,
      64,
      64
    ],
    "method": "Both"
  },
  "decoder.up.0.block.0": {
    "l2_value": 0.001834305701777339,
    "cosine_value": 0.07955902814865112,
    "shape": [
      1,
      128,
      512,
      512
    ],
    "method": "Both"
  },
  "decoder.up.0.block.1": {
    "l2_value": 0.0021582830231636763,
    "cosine_value": 0.07985109090805054,
    "shape": [
      1,
      128,
      512,
      512
    ],
    "method": "Both"
  },
  "decoder.up.0.block.2": {
    "l2_value": 0.0025506732054054737,
    "cosine_value": 0.07977169752120972,
    "shape": [
      1,
      128,
      512,
      512
    ],
    "method": "Both"
  },
  "decoder.up.1.block.0": {
    "l2_value": 0.0006517673027701676,
    "cosine_value": 0.0668264627456665,
    "shape": [
      1,
      256,
      256,
      256
    ],
    "method": "Both"
  },
  "decoder.up.1.block.1": {
    "l2_value": 0.0006672455347143114,
    "cosine_value": 0.06786984205245972,
    "shape": [
      1,
      256,
      256,
      256
    ],
    "method": "Both"
  },
  "decoder.up.1.block.2": {
    "l2_value": 0.0006070504896342754,
    "cosine_value": 0.07394570112228394,
    "shape": [
      1,
      256,
      256,
      256
    ],
    "method": "Both"
  },
  "decoder.up.1.upsample": {
    "l2_value": 0.0007111965678632259,
    "cosine_value": 0.06325346231460571,
    "shape": [
      1,
      256,
      512,
      512
    ],
    "method": "Both"
  },
  "decoder.up.2.block.0": {
    "l2_value": 0.0004980512894690037,
    "cosine_value": 0.0841861367225647,
    "shape": [
      1,
      512,
      128,
      128
    ],
    "method": "Both"
  },
  "decoder.up.2.block.1": {
    "l2_value": 0.000523777911439538,
    "cosine_value": 0.09084558486938477,
    "shape": [
      1,
      512,
      128,
      128
    ],
    "method": "Both"
  },
  "decoder.up.2.block.2": {
    "l2_value": 0.00047320558223873377,
    "cosine_value": 0.10978388786315918,
    "shape": [
      1,
      512,
      128,
      128
    ],
    "method": "Both"
  },
  "decoder.up.2.upsample": {
    "l2_value": 0.0007375675486400723,
    "cosine_value": 0.09380489587783813,
    "shape": [
      1,
      512,
      256,
      256
    ],
    "method": "Both"
  },
  "decoder.up.3.block.0": {
    "l2_value": 0.000293990655336529,
    "cosine_value": 0.10305500030517578,
    "shape": [
      1,
      512,
      64,
      64
    ],
    "method": "Both"
  },
  "decoder.up.3.block.1": {
    "l2_value": 0.0003089748206548393,
    "cosine_value": 0.10517328977584839,
    "shape": [
      1,
      512,
      64,
      64
    ],
    "method": "Both"
  },
  "decoder.up.3.block.2": {
    "l2_value": 0.0002874587953556329,
    "cosine_value": 0.11509931087493896,
    "shape": [
      1,
      512,
      64,
      64
    ],
    "method": "Both"
  },
  "decoder.up.3.upsample": {
    "l2_value": 0.0004927610279992223,
    "cosine_value": 0.09109795093536377,
    "shape": [
      1,
      512,
      128,
      128
    ],
    "method": "Both"
  },
  "decoder.conv_out": {
    "l2_value": 0.00021590086786697307,
    "cosine_value": 0.05386054515838623,
    "shape": [
      1,
      3,
      512,
      512
    ],
    "method": "Both"
  }
}