{
  "decoder.conv_in": {
    "l2_value": 0.00019859579333569854,
    "cosine_value": 0.1174386739730835,
    "shape": [
      1,
      512,
      64,
      64
    ],
    "method": "Both"
  },
  "decoder.mid.block_1": {
    "l2_value": 0.00021666816610377282,
    "cosine_value": 0.08124524354934692,
    "shape": [
      1,
      512,
      64,
      64
    ],
    "method": "Both"
  },
  "decoder.mid.attn_1": {
    "l2_value": 0.00021630368428304791,
    "cosine_value": 0.07130259275436401,
    "shape": [
      1,
      512,
      64,
      64
    ],
    "method": "Both"
  },
  "decoder.mid.block_2": {
    "l2_value": 0.00022935689776204526,
    "cosine_value": 0.07216042280197144,
    "shape": [
      1,
      512,
      64,
      64
    ],
    "method": "Both"
  },
  "decoder.up.0.block.0": {
    "l2_value": 0.0024489557836204767,
    "cosine_value": 0.1458032727241516,
    "shape": [
      1,
      128,
      512,
      512
    ],
    "method": "Both"
  },
  "decoder.up.0.block.1": {
    "l2_value": 0.0029592865612357855,
    "cosine_value": 0.15468895435333252,
    "shape": [
      1,
      128,
      512,
      512
    ],
    "method": "Both"
  },
  "decoder.up.0.block.2": {
    "l2_value": 0.003565367078408599,
    "cosine_value": 0.1614542007446289,
    "shape": [
      1,
      128,
      512,
      512
    ],
    "method": "Both"
  },
  "decoder.up.1.block.0": {
    "l2_value": 0.0005713520222343504,
    "cosine_value": 0.04966813325881958,
    "shape": [
      1,
      256,
      256,
      256
    ],
    "method": "Both"
  },
  "decoder.up.1.block.1": {
    "l2_value": 0.0005722363712266088,
    "cosine_value": 0.04852938652038574,
    "shape": [
      1,
      256,
      256,
      256
    ],
    "method": "Both"
  },
  "decoder.up.1.block.2": {
    "l2_value": 0.0005280815530568361,
    "cosine_value": 0.05464506149291992,
    "shape": [
      1,
      256,
      256,
      256
    ],
    "method": "Both"
  },
  "decoder.up.1.upsample": {
    "l2_value": 0.0006989315152168274,
    "cosine_value": 0.05976271629333496,
    "shape": [
      1,
      256,
      512,
      512
    ],
    "method": "Both"
  },
  "decoder.up.2.block.0": {
    "l2_value": 0.00042799938819371164,
    "cosine_value": 0.06107896566390991,
    "shape": [
      1,
      512,
      128,
      128
    ],
    "method": "Both"
  },
  "decoder.up.2.block.1": {
    "l2_value": 0.0004434912698343396,
    "cosine_value": 0.0641435980796814,
    "shape": [
      1,
      512,
      128,
      128
    ],
    "method": "Both"
  },
  "decoder.up.2.block.2": {
    "l2_value": 0.00039844168350100517,
    "cosine_value": 0.07627445459365845,
    "shape": [
      1,
      512,
      128,
      128
    ],
    "method": "Both"
  },
  "decoder.up.2.upsample": {
    "l2_value": 0.0006350200856104493,
    "cosine_value": 0.06712573766708374,
    "shape": [
      1,
      512,
      256,
      256
    ],
    "method": "Both"
  },
  "decoder.up.3.block.0": {
    "l2_value": 0.00025330562493763864,
    "cosine_value": 0.0754861831665039,
    "shape": [
      1,
      512,
      64,
      64
    ],
    "method": "Both"
  },
  "decoder.up.3.block.1": {
    "l2_value": 0.0002612074022181332,
    "cosine_value": 0.07443118095397949,
    "shape": [
      1,
      512,
      64,
      64
    ],
    "method": "Both"
  },
  "decoder.up.3.block.2": {
    "l2_value": 0.0002439546078676358,
    "cosine_value": 0.08211064338684082,
    "shape": [
      1,
      512,
      64,
      64
    ],
    "method": "Both"
  },
  "decoder.up.3.upsample": {
    "l2_value": 0.0004326922062318772,
    "cosine_value": 0.06893801689147949,
    "shape": [
      1,
      512,
      128,
      128
    ],
    "method": "Both"
  },
  "decoder.conv_out": {
    "l2_value": 0.00022266089217737317,
    "cosine_value": 0.05822455883026123,
    "shape": [
      1,
      3,
      512,
      512
    ],
    "method": "Both"
  }
}