{
  "decoder.conv_in": {
    "l2_value": 0.00019915106531698257,
    "cosine_value": 0.09507149457931519,
    "shape": [
      1,
      512,
      64,
      64
    ],
    "method": "Both"
  },
  "decoder.mid.block_1": {
    "l2_value": 0.00022356949921231717,
    "cosine_value": 0.06642329692840576,
    "shape": [
      1,
      512,
      64,
      64
    ],
    "method": "Both"
  },
  "decoder.mid.attn_1": {
    "l2_value": 0.00022058772447053343,
    "cosine_value": 0.061886489391326904,
    "shape": [
      1,
      512,
      64,
      64
    ],
    "method": "Both"
  },
  "decoder.mid.block_2": {
    "l2_value": 0.00024427694734185934,
    "cosine_value": 0.06943148374557495,
    "shape": [
      1,
      512,
      64,
      64
    ],
    "method": "Both"
  },
  "decoder.up.0.block.0": {
    "l2_value": 0.003329899860545993,
    "cosine_value": 0.24672573804855347,
    "shape": [
      1,
      128,
      512,
      512
    ],
    "method": "Both"
  },
  "decoder.up.0.block.1": {
    "l2_value": 0.004179865587502718,
    "cosine_value": 0.2901533246040344,
    "shape": [
      1,
      128,
      512,
      512
    ],
    "method": "Both"
  },
  "decoder.up.0.block.2": {
    "l2_value": 0.005148444790393114,
    "cosine_value": 0.3247676491737366,
    "shape": [
      1,
      128,
      512,
      512
    ],
    "method": "Both"
  },
  "decoder.up.1.block.0": {
    "l2_value": 0.0006078969454392791,
    "cosine_value": 0.045306265354156494,
    "shape": [
      1,
      256,
      256,
      256
    ],
    "method": "Both"
  },
  "decoder.up.1.block.1": {
    "l2_value": 0.0006179587217047811,
    "cosine_value": 0.04593390226364136,
    "shape": [
      1,
      256,
      256,
      256
    ],
    "method": "Both"
  },
  "decoder.up.1.block.2": {
    "l2_value": 0.0005719027831219137,
    "cosine_value": 0.04982036352157593,
    "shape": [
      1,
      256,
      256,
      256
    ],
    "method": "Both"
  },
  "decoder.up.1.upsample": {
    "l2_value": 0.0007684412412345409,
    "cosine_value": 0.05724412202835083,
    "shape": [
      1,
      256,
      512,
      512
    ],
    "method": "Both"
  },
  "decoder.up.2.block.0": {
    "l2_value": 0.0004760167794302106,
    "cosine_value": 0.06456750631332397,
    "shape": [
      1,
      512,
      128,
      128
    ],
    "method": "Both"
  },
  "decoder.up.2.block.1": {
    "l2_value": 0.000498953100759536,
    "cosine_value": 0.0692095160484314,
    "shape": [
      1,
      512,
      128,
      128
    ],
    "method": "Both"
  },
  "decoder.up.2.block.2": {
    "l2_value": 0.00044716009870171547,
    "cosine_value": 0.07728654146194458,
    "shape": [
      1,
      512,
      128,
      128
    ],
    "method": "Both"
  },
  "decoder.up.2.upsample": {
    "l2_value": 0.0006947595975361764,
    "cosine_value": 0.0643911361694336,
    "shape": [
      1,
      512,
      256,
      256
    ],
    "method": "Both"
  },
  "decoder.up.3.block.0": {
    "l2_value": 0.00028368065250106156,
    "cosine_value": 0.08223915100097656,
    "shape": [
      1,
      512,
      64,
      64
    ],
    "method": "Both"
  },
  "decoder.up.3.block.1": {
    "l2_value": 0.00029754609568044543,
    "cosine_value": 0.08463877439498901,
    "shape": [
      1,
      512,
      64,
      64
    ],
    "method": "Both"
  },
  "decoder.up.3.block.2": {
    "l2_value": 0.0002770068240351975,
    "cosine_value": 0.08839023113250732,
    "shape": [
      1,
      512,
      64,
      64
    ],
    "method": "Both"
  },
  "decoder.up.3.upsample": {
    "l2_value": 0.0004795062413904816,
    "cosine_value": 0.0723264217376709,
    "shape": [
      1,
      512,
      128,
      128
    ],
    "method": "Both"
  },
  "decoder.conv_out": {
    "l2_value": 0.00020275030207509795,
    "cosine_value": 0.03076183795928955,
    "shape": [
      1,
      3,
      512,
      512
    ],
    "method": "Both"
  }
}