{
  "decoder.conv_in": {
    "l2_value": 0.00021336975623853505,
    "cosine_value": 0.030696868896484375,
    "shape": [
      1,
      512,
      64,
      64
    ],
    "method": "Both"
  },
  "decoder.mid.block_1": {
    "l2_value": 0.0001992824545595795,
    "cosine_value": 0.02748727798461914,
    "shape": [
      1,
      512,
      64,
      64
    ],
    "method": "Both"
  },
  "decoder.mid.attn_1": {
    "l2_value": 0.00019927426183130592,
    "cosine_value": 0.027375221252441406,
    "shape": [
      1,
      512,
      64,
      64
    ],
    "method": "Both"
  },
  "decoder.mid.block_2": {
    "l2_value": 0.000213086255826056,
    "cosine_value": 0.029127836227416992,
    "shape": [
      1,
      512,
      64,
      64
    ],
    "method": "Both"
  },
  "decoder.up.0.block.0": {
    "l2_value": 0.0005039675161242485,
    "cosine_value": 0.002924680709838867,
    "shape": [
      1,
      128,
      512,
      512
    ],
    "method": "Both"
  },
  "decoder.up.0.block.1": {
    "l2_value": 0.0005116048268973827,
    "cosine_value": 0.0024753212928771973,
    "shape": [
      1,
      128,
      512,
      512
    ],
    "method": "Both"
  },
  "decoder.up.0.block.2": {
    "l2_value": 0.0005279567558318377,
    "cosine_value": 0.002099454402923584,
    "shape": [
      1,
      128,
      512,
      512
    ],
    "method": "Both"
  },
  "decoder.up.1.block.0": {
    "l2_value": 0.00041024977690540254,
    "cosine_value": 0.01318979263305664,
    "shape": [
      1,
      256,
      256,
      256
    ],
    "method": "Both"
  },
  "decoder.up.1.block.1": {
    "l2_value": 0.00042992932139895856,
    "cosine_value": 0.01460939645767212,
    "shape": [
      1,
      256,
      256,
      256
    ],
    "method": "Both"
  },
  "decoder.up.1.block.2": {
    "l2_value": 0.0004002364003099501,
    "cosine_value": 0.014653265476226807,
    "shape": [
      1,
      256,
      256,
      256
    ],
    "method": "Both"
  },
  "decoder.up.1.upsample": {
    "l2_value": 0.00044047701521776617,
    "cosine_value": 0.010311901569366455,
    "shape": [
      1,
      256,
      512,
      512
    ],
    "method": "Both"
  },
  "decoder.up.2.block.0": {
    "l2_value": 0.00039010882028378546,
    "cosine_value": 0.026450037956237793,
    "shape": [
      1,
      512,
      128,
      128
    ],
    "method": "Both"
  },
  "decoder.up.2.block.1": {
    "l2_value": 0.0004049337876494974,
    "cosine_value": 0.02701491117477417,
    "shape": [
      1,
      512,
      128,
      128
    ],
    "method": "Both"
  },
  "decoder.up.2.block.2": {
    "l2_value": 0.00035458061029203236,
    "cosine_value": 0.025980889797210693,
    "shape": [
      1,
      512,
      128,
      128
    ],
    "method": "Both"
  },
  "decoder.up.2.upsample": {
    "l2_value": 0.0005132173537276685,
    "cosine_value": 0.019279062747955322,
    "shape": [
      1,
      512,
      256,
      256
    ],
    "method": "Both"
  },
  "decoder.up.3.block.0": {
    "l2_value": 0.00024206687521655113,
    "cosine_value": 0.03393489122390747,
    "shape": [
      1,
      512,
      64,
      64
    ],
    "method": "Both"
  },
  "decoder.up.3.block.1": {
    "l2_value": 0.00025693740462884307,
    "cosine_value": 0.036904335021972656,
    "shape": [
      1,
      512,
      64,
      64
    ],
    "method": "Both"
  },
  "decoder.up.3.block.2": {
    "l2_value": 0.00022955045278649777,
    "cosine_value": 0.034332275390625,
    "shape": [
      1,
      512,
      64,
      64
    ],
    "method": "Both"
  },
  "decoder.up.3.upsample": {
    "l2_value": 0.0003991216071881354,
    "cosine_value": 0.0285952091217041,
    "shape": [
      1,
      512,
      128,
      128
    ],
    "method": "Both"
  },
  "decoder.conv_out": {
    "l2_value": 8.573565476884444e-05,
    "cosine_value": 0.005502045154571533,
    "shape": [
      1,
      3,
      512,
      512
    ],
    "method": "Both"
  }
}