{
  "decoder.conv_in": {
    "l2_value": 0.00011136911780340597,
    "cosine_value": 0.03283703327178955,
    "shape": [
      1,
      512,
      64,
      64
    ],
    "method": "Both"
  },
  "decoder.mid.block_1": {
    "l2_value": 0.00012301348033361137,
    "cosine_value": 0.02250826358795166,
    "shape": [
      1,
      512,
      64,
      64
    ],
    "method": "Both"
  },
  "decoder.mid.attn_1": {
    "l2_value": 0.0001225834566866979,
    "cosine_value": 0.0208665132522583,
    "shape": [
      1,
      512,
      64,
      64
    ],
    "method": "Both"
  },
  "decoder.mid.block_2": {
    "l2_value": 0.00013702065916731954,
    "cosine_value": 0.02343618869781494,
    "shape": [
      1,
      512,
      64,
      64
    ],
    "method": "Both"
  },
  "decoder.up.0.block.0": {
    "l2_value": 0.0004077615449205041,
    "cosine_value": 0.003850698471069336,
    "shape": [
      1,
      128,
      512,
      512
    ],
    "method": "Both"
  },
  "decoder.up.0.block.1": {
    "l2_value": 0.0004298021667636931,
    "cosine_value": 0.0031491518020629883,
    "shape": [
      1,
      128,
      512,
      512
    ],
    "method": "Both"
  },
  "decoder.up.0.block.2": {
    "l2_value": 0.0004668346082326025,
    "cosine_value": 0.002712428569793701,
    "shape": [
      1,
      128,
      512,
      512
    ],
    "method": "Both"
  },
  "decoder.up.1.block.0": {
    "l2_value": 0.0003344177093822509,
    "cosine_value": 0.014900565147399902,
    "shape": [
      1,
      256,
      256,
      256
    ],
    "method": "Both"
  },
  "decoder.up.1.block.1": {
    "l2_value": 0.0003371606580913067,
    "cosine_value": 0.014659762382507324,
    "shape": [
      1,
      256,
      256,
      256
    ],
    "method": "Both"
  },
  "decoder.up.1.block.2": {
    "l2_value": 0.0002983804442919791,
    "cosine_value": 0.014653980731964111,
    "shape": [
      1,
      256,
      256,
      256
    ],
    "method": "Both"
  },
  "decoder.up.1.upsample": {
    "l2_value": 0.0003054991248063743,
    "cosine_value": 0.009748578071594238,
    "shape": [
      1,
      256,
      512,
      512
    ],
    "method": "Both"
  },
  "decoder.up.2.block.0": {
    "l2_value": 0.0002796886255964637,
    "cosine_value": 0.02424389123916626,
    "shape": [
      1,
      512,
      128,
      128
    ],
    "method": "Both"
  },
  "decoder.up.2.block.1": {
    "l2_value": 0.0002940704580396414,
    "cosine_value": 0.026066601276397705,
    "shape": [
      1,
      512,
      128,
      128
    ],
    "method": "Both"
  },
  "decoder.up.2.block.2": {
    "l2_value": 0.000261535809841007,
    "cosine_value": 0.028902292251586914,
    "shape": [
      1,
      512,
      128,
      128
    ],
    "method": "Both"
  },
  "decoder.up.2.upsample": {
    "l2_value": 0.0003938011941500008,
    "cosine_value": 0.022662043571472168,
    "shape": [
      1,
      512,
      256,
      256
    ],
    "method": "Both"
  },
  "decoder.up.3.block.0": {
    "l2_value": 0.00016349599172826856,
    "cosine_value": 0.028982937335968018,
    "shape": [
      1,
      512,
      64,
      64
    ],
    "method": "Both"
  },
  "decoder.up.3.block.1": {
    "l2_value": 0.00017454639601055533,
    "cosine_value": 0.030910909175872803,
    "shape": [
      1,
      512,
      64,
      64
    ],
    "method": "Both"
  },
  "decoder.up.3.block.2": {
    "l2_value": 0.00016197429795283824,
    "cosine_value": 0.03277319669723511,
    "shape": [
      1,
      512,
      64,
      64
    ],
    "method": "Both"
  },
  "decoder.up.3.upsample": {
    "l2_value": 0.0002805703552439809,
    "cosine_value": 0.026926875114440918,
    "shape": [
      1,
      512,
      128,
      128
    ],
    "method": "Both"
  },
  "decoder.conv_out": {
    "l2_value": 8.668109270123144e-05,
    "cosine_value": 0.005869388580322266,
    "shape": [
      1,
      3,
      512,
      512
    ],
    "method": "Both"
  }
}