{
  "decoder.conv_in": {
    "l2_value": 0.00032067677238956094,
    "cosine_value": 0.08915811777114868,
    "shape": [
      1,
      512,
      64,
      64
    ],
    "method": "Both"
  },
  "decoder.mid.block_1": {
    "l2_value": 0.0003006896877195686,
    "cosine_value": 0.0757904052734375,
    "shape": [
      1,
      512,
      64,
      64
    ],
    "method": "Both"
  },
  "decoder.mid.attn_1": {
    "l2_value": 0.00029875364270992577,
    "cosine_value": 0.07414072751998901,
    "shape": [
      1,
      512,
      64,
      64
    ],
    "method": "Both"
  },
  "decoder.mid.block_2": {
    "l2_value": 0.0003126185911241919,
    "cosine_value": 0.07551395893096924,
    "shape": [
      1,
      512,
      64,
      64
    ],
    "method": "Both"
  },
  "decoder.up.0.block.0": {
    "l2_value": 0.0011459247907623649,
    "cosine_value": 0.015062451362609863,
    "shape": [
      1,
      128,
      512,
      512
    ],
    "method": "Both"
  },
  "decoder.up.0.block.1": {
    "l2_value": 0.001158733619377017,
    "cosine_value": 0.01235353946685791,
    "shape": [
      1,
      128,
      512,
      512
    ],
    "method": "Both"
  },
  "decoder.up.0.block.2": {
    "l2_value": 0.0011866884306073189,
    "cosine_value": 0.010224521160125732,
    "shape": [
      1,
      128,
      512,
      512
    ],
    "method": "Both"
  },
  "decoder.up.1.block.0": {
    "l2_value": 0.0006887239287607372,
    "cosine_value": 0.048583269119262695,
    "shape": [
      1,
      256,
      256,
      256
    ],
    "method": "Both"
  },
  "decoder.up.1.block.1": {
    "l2_value": 0.0007073571323417127,
    "cosine_value": 0.05171704292297363,
    "shape": [
      1,
      256,
      256,
      256
    ],
    "method": "Both"
  },
  "decoder.up.1.block.2": {
    "l2_value": 0.0006699296645820141,
    "cosine_value": 0.05534452199935913,
    "shape": [
      1,
      256,
      256,
      256
    ],
    "method": "Both"
  },
  "decoder.up.1.upsample": {
    "l2_value": 0.0007803316693753004,
    "cosine_value": 0.03941309452056885,
    "shape": [
      1,
      256,
      512,
      512
    ],
    "method": "Both"
  },
  "decoder.up.2.block.0": {
    "l2_value": 0.0005810519214719534,
    "cosine_value": 0.07018154859542847,
    "shape": [
      1,
      512,
      128,
      128
    ],
    "method": "Both"
  },
  "decoder.up.2.block.1": {
    "l2_value": 0.0005979478009976447,
    "cosine_value": 0.07063466310501099,
    "shape": [
      1,
      512,
      128,
      128
    ],
    "method": "Both"
  },
  "decoder.up.2.block.2": {
    "l2_value": 0.000535467523150146,
    "cosine_value": 0.07552438974380493,
    "shape": [
      1,
      512,
      128,
      128
    ],
    "method": "Both"
  },
  "decoder.up.2.upsample": {
    "l2_value": 0.0008184299804270267,
    "cosine_value": 0.06371110677719116,
    "shape": [
      1,
      512,
      256,
      256
    ],
    "method": "Both"
  },
  "decoder.up.3.block.0": {
    "l2_value": 0.00034706093720160425,
    "cosine_value": 0.08198308944702148,
    "shape": [
      1,
      512,
      64,
      64
    ],
    "method": "Both"
  },
  "decoder.up.3.block.1": {
    "l2_value": 0.00036490391357801855,
    "cosine_value": 0.08802986145019531,
    "shape": [
      1,
      512,
      64,
      64
    ],
    "method": "Both"
  },
  "decoder.up.3.block.2": {
    "l2_value": 0.000331998395267874,
    "cosine_value": 0.08799231052398682,
    "shape": [
      1,
      512,
      64,
      64
    ],
    "method": "Both"
  },
  "decoder.up.3.upsample": {
    "l2_value": 0.0005904833087697625,
    "cosine_value": 0.07579946517944336,
    "shape": [
      1,
      512,
      128,
      128
    ],
    "method": "Both"
  },
  "decoder.conv_out": {
    "l2_value": 0.0002108056020612518,
    "cosine_value": 0.05689513683319092,
    "shape": [
      1,
      3,
      512,
      512
    ],
    "method": "Both"
  }
}