{
  "decoder.conv_in": {
    "l2_value": 0.00034404225880280137,
    "cosine_value": 0.08217394351959229,
    "shape": [
      1,
      512,
      64,
      64
    ],
    "method": "Both"
  },
  "decoder.mid.block_1": {
    "l2_value": 0.0003278057265561074,
    "cosine_value": 0.07736355066299438,
    "shape": [
      1,
      512,
      64,
      64
    ],
    "method": "Both"
  },
  "decoder.mid.attn_1": {
    "l2_value": 0.00032465383992530406,
    "cosine_value": 0.07508552074432373,
    "shape": [
      1,
      512,
      64,
      64
    ],
    "method": "Both"
  },
  "decoder.mid.block_2": {
    "l2_value": 0.00033845705911517143,
    "cosine_value": 0.07575654983520508,
    "shape": [
      1,
      512,
      64,
      64
    ],
    "method": "Both"
  },
  "decoder.up.0.block.0": {
    "l2_value": 0.0012556773144751787,
    "cosine_value": 0.018673956394195557,
    "shape": [
      1,
      128,
      512,
      512
    ],
    "method": "Both"
  },
  "decoder.up.0.block.1": {
    "l2_value": 0.0013194927014410496,
    "cosine_value": 0.01678520441055298,
    "shape": [
      1,
      128,
      512,
      512
    ],
    "method": "Both"
  },
  "decoder.up.0.block.2": {
    "l2_value": 0.001395614817738533,
    "cosine_value": 0.014857709407806396,
    "shape": [
      1,
      128,
      512,
      512
    ],
    "method": "Both"
  },
  "decoder.up.1.block.0": {
    "l2_value": 0.0007314488175325096,
    "cosine_value": 0.043826937675476074,
    "shape": [
      1,
      256,
      256,
      256
    ],
    "method": "Both"
  },
  "decoder.up.1.block.1": {
    "l2_value": 0.0007480650092475116,
    "cosine_value": 0.0463901162147522,
    "shape": [
      1,
      256,
      256,
      256
    ],
    "method": "Both"
  },
  "decoder.up.1.block.2": {
    "l2_value": 0.0006951726390980184,
    "cosine_value": 0.0469357967376709,
    "shape": [
      1,
      256,
      256,
      256
    ],
    "method": "Both"
  },
  "decoder.up.1.upsample": {
    "l2_value": 0.0008314296137541533,
    "cosine_value": 0.0385475754737854,
    "shape": [
      1,
      256,
      512,
      512
    ],
    "method": "Both"
  },
  "decoder.up.2.block.0": {
    "l2_value": 0.0006144766812212765,
    "cosine_value": 0.06724214553833008,
    "shape": [
      1,
      512,
      128,
      128
    ],
    "method": "Both"
  },
  "decoder.up.2.block.1": {
    "l2_value": 0.0006348266615532339,
    "cosine_value": 0.0678756833076477,
    "shape": [
      1,
      512,
      128,
      128
    ],
    "method": "Both"
  },
  "decoder.up.2.block.2": {
    "l2_value": 0.0005636932910420001,
    "cosine_value": 0.06825816631317139,
    "shape": [
      1,
      512,
      128,
      128
    ],
    "method": "Both"
  },
  "decoder.up.2.upsample": {
    "l2_value": 0.0008642040193080902,
    "cosine_value": 0.05693906545639038,
    "shape": [
      1,
      512,
      256,
      256
    ],
    "method": "Both"
  },
  "decoder.up.3.block.0": {
    "l2_value": 0.0003706468269228935,
    "cosine_value": 0.08135169744491577,
    "shape": [
      1,
      512,
      64,
      64
    ],
    "method": "Both"
  },
  "decoder.up.3.block.1": {
    "l2_value": 0.00038759162998758256,
    "cosine_value": 0.08563810586929321,
    "shape": [
      1,
      512,
      64,
      64
    ],
    "method": "Both"
  },
  "decoder.up.3.block.2": {
    "l2_value": 0.00035216062678955495,
    "cosine_value": 0.08322024345397949,
    "shape": [
      1,
      512,
      64,
      64
    ],
    "method": "Both"
  },
  "decoder.up.3.upsample": {
    "l2_value": 0.0006275320774875581,
    "cosine_value": 0.07255083322525024,
    "shape": [
      1,
      512,
      128,
      128
    ],
    "method": "Both"
  },
  "decoder.conv_out": {
    "l2_value": 0.00015661554061807692,
    "cosine_value": 0.018129169940948486,
    "shape": [
      1,
      3,
      512,
      512
    ],
    "method": "Both"
  }
}