{
  "decoder.conv_in": {
    "l2_value": 0.0001240050041815266,
    "cosine_value": 0.04987812042236328,
    "shape": [
      1,
      512,
      64,
      64
    ],
    "method": "Both"
  },
  "decoder.mid.block_1": {
    "l2_value": 0.00014072541671339422,
    "cosine_value": 0.03413200378417969,
    "shape": [
      1,
      512,
      64,
      64
    ],
    "method": "Both"
  },
  "decoder.mid.attn_1": {
    "l2_value": 0.00013877842866349965,
    "cosine_value": 0.02910768985748291,
    "shape": [
      1,
      512,
      64,
      64
    ],
    "method": "Both"
  },
  "decoder.mid.block_2": {
    "l2_value": 0.00014781474601477385,
    "cosine_value": 0.029468953609466553,
    "shape": [
      1,
      512,
      64,
      64
    ],
    "method": "Both"
  },
  "decoder.up.0.block.0": {
    "l2_value": 0.0005716057494282722,
    "cosine_value": 0.00830388069152832,
    "shape": [
      1,
      128,
      512,
      512
    ],
    "method": "Both"
  },
  "decoder.up.0.block.1": {
    "l2_value": 0.00059523741947487,
    "cosine_value": 0.006459355354309082,
    "shape": [
      1,
      128,
      512,
      512
    ],
    "method": "Both"
  },
  "decoder.up.0.block.2": {
    "l2_value": 0.0006281746318563819,
    "cosine_value": 0.005172789096832275,
    "shape": [
      1,
      128,
      512,
      512
    ],
    "method": "Both"
  },
  "decoder.up.1.block.0": {
    "l2_value": 0.000384098500944674,
    "cosine_value": 0.022073447704315186,
    "shape": [
      1,
      256,
      256,
      256
    ],
    "method": "Both"
  },
  "decoder.up.1.block.1": {
    "l2_value": 0.0003879517607856542,
    "cosine_value": 0.022229671478271484,
    "shape": [
      1,
      256,
      256,
      256
    ],
    "method": "Both"
  },
  "decoder.up.1.block.2": {
    "l2_value": 0.00035015272442251444,
    "cosine_value": 0.02426666021347046,
    "shape": [
      1,
      256,
      256,
      256
    ],
    "method": "Both"
  },
  "decoder.up.1.upsample": {
    "l2_value": 0.00038435429451055825,
    "cosine_value": 0.018326640129089355,
    "shape": [
      1,
      256,
      512,
      512
    ],
    "method": "Both"
  },
  "decoder.up.2.block.0": {
    "l2_value": 0.0002954868250526488,
    "cosine_value": 0.028207719326019287,
    "shape": [
      1,
      512,
      128,
      128
    ],
    "method": "Both"
  },
  "decoder.up.2.block.1": {
    "l2_value": 0.0003112764097750187,
    "cosine_value": 0.030759751796722412,
    "shape": [
      1,
      512,
      128,
      128
    ],
    "method": "Both"
  },
  "decoder.up.2.block.2": {
    "l2_value": 0.00028161320369690657,
    "cosine_value": 0.036788105964660645,
    "shape": [
      1,
      512,
      128,
      128
    ],
    "method": "Both"
  },
  "decoder.up.2.upsample": {
    "l2_value": 0.0004384583153296262,
    "cosine_value": 0.03142935037612915,
    "shape": [
      1,
      512,
      256,
      256
    ],
    "method": "Both"
  },
  "decoder.up.3.block.0": {
    "l2_value": 0.00017045244749169797,
    "cosine_value": 0.03357416391372681,
    "shape": [
      1,
      512,
      64,
      64
    ],
    "method": "Both"
  },
  "decoder.up.3.block.1": {
    "l2_value": 0.00018059244030155241,
    "cosine_value": 0.0348513126373291,
    "shape": [
      1,
      512,
      64,
      64
    ],
    "method": "Both"
  },
  "decoder.up.3.block.2": {
    "l2_value": 0.0001694969687378034,
    "cosine_value": 0.03854292631149292,
    "shape": [
      1,
      512,
      64,
      64
    ],
    "method": "Both"
  },
  "decoder.up.3.upsample": {
    "l2_value": 0.0002941336715593934,
    "cosine_value": 0.031037628650665283,
    "shape": [
      1,
      512,
      128,
      128
    ],
    "method": "Both"
  },
  "decoder.conv_out": {
    "l2_value": 0.00012732787096562484,
    "cosine_value": 0.01799219846725464,
    "shape": [
      1,
      3,
      512,
      512
    ],
    "method": "Both"
  }
}