{
  "decoder.conv_in": {
    "l2_value": 0.00028388050850480795,
    "cosine_value": 0.07701683044433594,
    "shape": [
      1,
      512,
      64,
      64
    ],
    "method": "Both"
  },
  "decoder.mid.block_1": {
    "l2_value": 0.0002699564502108842,
    "cosine_value": 0.06711101531982422,
    "shape": [
      1,
      512,
      64,
      64
    ],
    "method": "Both"
  },
  "decoder.mid.attn_1": {
    "l2_value": 0.0002698834578040987,
    "cosine_value": 0.06460988521575928,
    "shape": [
      1,
      512,
      64,
      64
    ],
    "method": "Both"
  },
  "decoder.mid.block_2": {
    "l2_value": 0.0002766882535070181,
    "cosine_value": 0.06338721513748169,
    "shape": [
      1,
      512,
      64,
      64
    ],
    "method": "Both"
  },
  "decoder.up.0.block.0": {
    "l2_value": 0.001444798894226551,
    "cosine_value": 0.025362014770507812,
    "shape": [
      1,
      128,
      512,
      512
    ],
    "method": "Both"
  },
  "decoder.up.0.block.1": {
    "l2_value": 0.0015880161663517356,
    "cosine_value": 0.024262070655822754,
    "shape": [
      1,
      128,
      512,
      512
    ],
    "method": "Both"
  },
  "decoder.up.0.block.2": {
    "l2_value": 0.0017534921644255519,
    "cosine_value": 0.023086190223693848,
    "shape": [
      1,
      128,
      512,
      512
    ],
    "method": "Both"
  },
  "decoder.up.1.block.0": {
    "l2_value": 0.0006062653847038746,
    "cosine_value": 0.043719708919525146,
    "shape": [
      1,
      256,
      256,
      256
    ],
    "method": "Both"
  },
  "decoder.up.1.block.1": {
    "l2_value": 0.0006169647676870227,
    "cosine_value": 0.04602944850921631,
    "shape": [
      1,
      256,
      256,
      256
    ],
    "method": "Both"
  },
  "decoder.up.1.block.2": {
    "l2_value": 0.0005744794034399092,
    "cosine_value": 0.04897022247314453,
    "shape": [
      1,
      256,
      256,
      256
    ],
    "method": "Both"
  },
  "decoder.up.1.upsample": {
    "l2_value": 0.0007243427098728716,
    "cosine_value": 0.03977251052856445,
    "shape": [
      1,
      256,
      512,
      512
    ],
    "method": "Both"
  },
  "decoder.up.2.block.0": {
    "l2_value": 0.0005066029261797667,
    "cosine_value": 0.058122098445892334,
    "shape": [
      1,
      512,
      128,
      128
    ],
    "method": "Both"
  },
  "decoder.up.2.block.1": {
    "l2_value": 0.0005188591894693673,
    "cosine_value": 0.05772113800048828,
    "shape": [
      1,
      512,
      128,
      128
    ],
    "method": "Both"
  },
  "decoder.up.2.block.2": {
    "l2_value": 0.00045738156768493354,
    "cosine_value": 0.06234860420227051,
    "shape": [
      1,
      512,
      128,
      128
    ],
    "method": "Both"
  },
  "decoder.up.2.upsample": {
    "l2_value": 0.0007034450536593795,
    "cosine_value": 0.05387634038925171,
    "shape": [
      1,
      512,
      256,
      256
    ],
    "method": "Both"
  },
  "decoder.up.3.block.0": {
    "l2_value": 0.0003009629144798964,
    "cosine_value": 0.06548959016799927,
    "shape": [
      1,
      512,
      64,
      64
    ],
    "method": "Both"
  },
  "decoder.up.3.block.1": {
    "l2_value": 0.00031370949000120163,
    "cosine_value": 0.06907111406326294,
    "shape": [
      1,
      512,
      64,
      64
    ],
    "method": "Both"
  },
  "decoder.up.3.block.2": {
    "l2_value": 0.00028512763674370944,
    "cosine_value": 0.07105964422225952,
    "shape": [
      1,
      512,
      64,
      64
    ],
    "method": "Both"
  },
  "decoder.up.3.upsample": {
    "l2_value": 0.0005167332710698247,
    "cosine_value": 0.06322109699249268,
    "shape": [
      1,
      512,
      128,
      128
    ],
    "method": "Both"
  },
  "decoder.conv_out": {
    "l2_value": 0.0001509524299763143,
    "cosine_value": 0.04222440719604492,
    "shape": [
      1,
      3,
      512,
      512
    ],
    "method": "Both"
  }
}