{
  "decoder.conv_in": {
    "l2_value": 0.0003056771238334477,
    "cosine_value": 0.07173722982406616,
    "shape": [
      1,
      512,
      64,
      64
    ],
    "method": "Both"
  },
  "decoder.mid.block_1": {
    "l2_value": 0.0002848166914191097,
    "cosine_value": 0.06222546100616455,
    "shape": [
      1,
      512,
      64,
      64
    ],
    "method": "Both"
  },
  "decoder.mid.attn_1": {
    "l2_value": 0.0002840701781678945,
    "cosine_value": 0.061678409576416016,
    "shape": [
      1,
      512,
      64,
      64
    ],
    "method": "Both"
  },
  "decoder.mid.block_2": {
    "l2_value": 0.00029931197059340775,
    "cosine_value": 0.0638037919998169,
    "shape": [
      1,
      512,
      64,
      64
    ],
    "method": "Both"
  },
  "decoder.up.0.block.0": {
    "l2_value": 0.0007824334898032248,
    "cosine_value": 0.007362842559814453,
    "shape": [
      1,
      128,
      512,
      512
    ],
    "method": "Both"
  },
  "decoder.up.0.block.1": {
    "l2_value": 0.0007877507014200091,
    "cosine_value": 0.005990505218505859,
    "shape": [
      1,
      128,
      512,
      512
    ],
    "method": "Both"
  },
  "decoder.up.0.block.2": {
    "l2_value": 0.0008005427080206573,
    "cosine_value": 0.004853308200836182,
    "shape": [
      1,
      128,
      512,
      512
    ],
    "method": "Both"
  },
  "decoder.up.1.block.0": {
    "l2_value": 0.0005968064651824534,
    "cosine_value": 0.032919347286224365,
    "shape": [
      1,
      256,
      256,
      256
    ],
    "method": "Both"
  },
  "decoder.up.1.block.1": {
    "l2_value": 0.0006237254128791392,
    "cosine_value": 0.036420226097106934,
    "shape": [
      1,
      256,
      256,
      256
    ],
    "method": "Both"
  },
  "decoder.up.1.block.2": {
    "l2_value": 0.00057951983762905,
    "cosine_value": 0.03715944290161133,
    "shape": [
      1,
      256,
      256,
      256
    ],
    "method": "Both"
  },
  "decoder.up.1.upsample": {
    "l2_value": 0.0006486765341833234,
    "cosine_value": 0.025924265384674072,
    "shape": [
      1,
      256,
      512,
      512
    ],
    "method": "Both"
  },
  "decoder.up.2.block.0": {
    "l2_value": 0.0005510780028998852,
    "cosine_value": 0.05850178003311157,
    "shape": [
      1,
      512,
      128,
      128
    ],
    "method": "Both"
  },
  "decoder.up.2.block.1": {
    "l2_value": 0.0005698095192201436,
    "cosine_value": 0.05925172567367554,
    "shape": [
      1,
      512,
      128,
      128
    ],
    "method": "Both"
  },
  "decoder.up.2.block.2": {
    "l2_value": 0.0004986930871382356,
    "cosine_value": 0.059340059757232666,
    "shape": [
      1,
      512,
      128,
      128
    ],
    "method": "Both"
  },
  "decoder.up.2.upsample": {
    "l2_value": 0.0007343405159190297,
    "cosine_value": 0.045995116233825684,
    "shape": [
      1,
      512,
      256,
      256
    ],
    "method": "Both"
  },
  "decoder.up.3.block.0": {
    "l2_value": 0.00033762914245016873,
    "cosine_value": 0.07226598262786865,
    "shape": [
      1,
      512,
      64,
      64
    ],
    "method": "Both"
  },
  "decoder.up.3.block.1": {
    "l2_value": 0.0003572802525013685,
    "cosine_value": 0.07820606231689453,
    "shape": [
      1,
      512,
      64,
      64
    ],
    "method": "Both"
  },
  "decoder.up.3.block.2": {
    "l2_value": 0.0003200785140506923,
    "cosine_value": 0.07496076822280884,
    "shape": [
      1,
      512,
      64,
      64
    ],
    "method": "Both"
  },
  "decoder.up.3.upsample": {
    "l2_value": 0.0005628597573377192,
    "cosine_value": 0.06350624561309814,
    "shape": [
      1,
      512,
      128,
      128
    ],
    "method": "Both"
  },
  "decoder.conv_out": {
    "l2_value": 0.00013699733729784688,
    "cosine_value": 0.02020794153213501,
    "shape": [
      1,
      3,
      512,
      512
    ],
    "method": "Both"
  }
}