{
  "decoder.conv_in": {
    "l2_value": 0.00021562956681009382,
    "cosine_value": 0.031720876693725586,
    "shape": [
      1,
      512,
      64,
      64
    ],
    "method": "Both"
  },
  "decoder.mid.block_1": {
    "l2_value": 0.00020419448264874518,
    "cosine_value": 0.02793598175048828,
    "shape": [
      1,
      512,
      64,
      64
    ],
    "method": "Both"
  },
  "decoder.mid.attn_1": {
    "l2_value": 0.00020244742336217314,
    "cosine_value": 0.027775585651397705,
    "shape": [
      1,
      512,
      64,
      64
    ],
    "method": "Both"
  },
  "decoder.mid.block_2": {
    "l2_value": 0.00021449635096359998,
    "cosine_value": 0.029317736625671387,
    "shape": [
      1,
      512,
      64,
      64
    ],
    "method": "Both"
  },
  "decoder.up.0.block.0": {
    "l2_value": 0.0006661310908384621,
    "cosine_value": 0.005042016506195068,
    "shape": [
      1,
      128,
      512,
      512
    ],
    "method": "Both"
  },
  "decoder.up.0.block.1": {
    "l2_value": 0.0006852776859886944,
    "cosine_value": 0.004317164421081543,
    "shape": [
      1,
      128,
      512,
      512
    ],
    "method": "Both"
  },
  "decoder.up.0.block.2": {
    "l2_value": 0.0007136976346373558,
    "cosine_value": 0.0037180185317993164,
    "shape": [
      1,
      128,
      512,
      512
    ],
    "method": "Both"
  },
  "decoder.up.1.block.0": {
    "l2_value": 0.0004453651490621269,
    "cosine_value": 0.016055524349212646,
    "shape": [
      1,
      256,
      256,
      256
    ],
    "method": "Both"
  },
  "decoder.up.1.block.1": {
    "l2_value": 0.0004645206790883094,
    "cosine_value": 0.017660021781921387,
    "shape": [
      1,
      256,
      256,
      256
    ],
    "method": "Both"
  },
  "decoder.up.1.block.2": {
    "l2_value": 0.0004337218124419451,
    "cosine_value": 0.01793992519378662,
    "shape": [
      1,
      256,
      256,
      256
    ],
    "method": "Both"
  },
  "decoder.up.1.upsample": {
    "l2_value": 0.0004978996585123241,
    "cosine_value": 0.013320326805114746,
    "shape": [
      1,
      256,
      512,
      512
    ],
    "method": "Both"
  },
  "decoder.up.2.block.0": {
    "l2_value": 0.0003968817472923547,
    "cosine_value": 0.02679544687271118,
    "shape": [
      1,
      512,
      128,
      128
    ],
    "method": "Both"
  },
  "decoder.up.2.block.1": {
    "l2_value": 0.00041026511462405324,
    "cosine_value": 0.027546286582946777,
    "shape": [
      1,
      512,
      128,
      128
    ],
    "method": "Both"
  },
  "decoder.up.2.block.2": {
    "l2_value": 0.00036230054683983326,
    "cosine_value": 0.027456045150756836,
    "shape": [
      1,
      512,
      128,
      128
    ],
    "method": "Both"
  },
  "decoder.up.2.upsample": {
    "l2_value": 0.0005432741600088775,
    "cosine_value": 0.022028207778930664,
    "shape": [
      1,
      512,
      256,
      256
    ],
    "method": "Both"
  },
  "decoder.up.3.block.0": {
    "l2_value": 0.00024054299865383655,
    "cosine_value": 0.03315246105194092,
    "shape": [
      1,
      512,
      64,
      64
    ],
    "method": "Both"
  },
  "decoder.up.3.block.1": {
    "l2_value": 0.00025461759651079774,
    "cosine_value": 0.035823047161102295,
    "shape": [
      1,
      512,
      64,
      64
    ],
    "method": "Both"
  },
  "decoder.up.3.block.2": {
    "l2_value": 0.0002308288385393098,
    "cosine_value": 0.03382748365402222,
    "shape": [
      1,
      512,
      64,
      64
    ],
    "method": "Both"
  },
  "decoder.up.3.upsample": {
    "l2_value": 0.0004061732906848192,
    "cosine_value": 0.029092848300933838,
    "shape": [
      1,
      512,
      128,
      128
    ],
    "method": "Both"
  },
  "decoder.conv_out": {
    "l2_value": 0.00010137392867666979,
    "cosine_value": 0.008730828762054443,
    "shape": [
      1,
      3,
      512,
      512
    ],
    "method": "Both"
  }
}