{
  "decoder.conv_in": {
    "l2_value": 0.00011390358849894255,
    "cosine_value": 0.037869036197662354,
    "shape": [
      1,
      512,
      64,
      64
    ],
    "method": "Both"
  },
  "decoder.mid.block_1": {
    "l2_value": 0.00013018233585171402,
    "cosine_value": 0.026584982872009277,
    "shape": [
      1,
      512,
      64,
      64
    ],
    "method": "Both"
  },
  "decoder.mid.attn_1": {
    "l2_value": 0.00012885670003015548,
    "cosine_value": 0.0236281156539917,
    "shape": [
      1,
      512,
      64,
      64
    ],
    "method": "Both"
  },
  "decoder.mid.block_2": {
    "l2_value": 0.0001407695235684514,
    "cosine_value": 0.02541595697402954,
    "shape": [
      1,
      512,
      64,
      64
    ],
    "method": "Both"
  },
  "decoder.up.0.block.0": {
    "l2_value": 0.00045395176857709885,
    "cosine_value": 0.00491178035736084,
    "shape": [
      1,
      128,
      512,
      512
    ],
    "method": "Both"
  },
  "decoder.up.0.block.1": {
    "l2_value": 0.0004673628427553922,
    "cosine_value": 0.003805220127105713,
    "shape": [
      1,
      128,
      512,
      512
    ],
    "method": "Both"
  },
  "decoder.up.0.block.2": {
    "l2_value": 0.0004894807934761047,
    "cosine_value": 0.0030267834663391113,
    "shape": [
      1,
      128,
      512,
      512
    ],
    "method": "Both"
  },
  "decoder.up.1.block.0": {
    "l2_value": 0.00036019590334035456,
    "cosine_value": 0.017708241939544678,
    "shape": [
      1,
      256,
      256,
      256
    ],
    "method": "Both"
  },
  "decoder.up.1.block.1": {
    "l2_value": 0.0003672070160973817,
    "cosine_value": 0.018019795417785645,
    "shape": [
      1,
      256,
      256,
      256
    ],
    "method": "Both"
  },
  "decoder.up.1.block.2": {
    "l2_value": 0.000328690541209653,
    "cosine_value": 0.018729984760284424,
    "shape": [
      1,
      256,
      256,
      256
    ],
    "method": "Both"
  },
  "decoder.up.1.upsample": {
    "l2_value": 0.0003414337115827948,
    "cosine_value": 0.012793481349945068,
    "shape": [
      1,
      256,
      512,
      512
    ],
    "method": "Both"
  },
  "decoder.up.2.block.0": {
    "l2_value": 0.0002926420420408249,
    "cosine_value": 0.02668219804763794,
    "shape": [
      1,
      512,
      128,
      128
    ],
    "method": "Both"
  },
  "decoder.up.2.block.1": {
    "l2_value": 0.00031140484497882426,
    "cosine_value": 0.029514670372009277,
    "shape": [
      1,
      512,
      128,
      128
    ],
    "method": "Both"
  },
  "decoder.up.2.block.2": {
    "l2_value": 0.00027949834475293756,
    "cosine_value": 0.03375452756881714,
    "shape": [
      1,
      512,
      128,
      128
    ],
    "method": "Both"
  },
  "decoder.up.2.upsample": {
    "l2_value": 0.00042411257163621485,
    "cosine_value": 0.027139723300933838,
    "shape": [
      1,
      512,
      256,
      256
    ],
    "method": "Both"
  },
  "decoder.up.3.block.0": {
    "l2_value": 0.0001685381430434063,
    "cosine_value": 0.0314522385597229,
    "shape": [
      1,
      512,
      64,
      64
    ],
    "method": "Both"
  },
  "decoder.up.3.block.1": {
    "l2_value": 0.0001822400081437081,
    "cosine_value": 0.03423517942428589,
    "shape": [
      1,
      512,
      64,
      64
    ],
    "method": "Both"
  },
  "decoder.up.3.block.2": {
    "l2_value": 0.0001695982355158776,
    "cosine_value": 0.03650742769241333,
    "shape": [
      1,
      512,
      64,
      64
    ],
    "method": "Both"
  },
  "decoder.up.3.upsample": {
    "l2_value": 0.00029113024356774986,
    "cosine_value": 0.029317855834960938,
    "shape": [
      1,
      512,
      128,
      128
    ],
    "method": "Both"
  },
  "decoder.conv_out": {
    "l2_value": 0.0001041146363907804,
    "cosine_value": 0.009545683860778809,
    "shape": [
      1,
      3,
      512,
      512
    ],
    "method": "Both"
  }
}