{
  "decoder.conv_in": {
    "l2_value": 0.0001502333616372198,
    "cosine_value": 0.07384049892425537,
    "shape": [
      1,
      512,
      64,
      64
    ],
    "method": "Both"
  },
  "decoder.mid.block_1": {
    "l2_value": 0.00016887392848730087,
    "cosine_value": 0.05307811498641968,
    "shape": [
      1,
      512,
      64,
      64
    ],
    "method": "Both"
  },
  "decoder.mid.attn_1": {
    "l2_value": 0.00017226714408025146,
    "cosine_value": 0.04739803075790405,
    "shape": [
      1,
      512,
      64,
      64
    ],
    "method": "Both"
  },
  "decoder.mid.block_2": {
    "l2_value": 0.00018072828243020922,
    "cosine_value": 0.04736751317977905,
    "shape": [
      1,
      512,
      64,
      64
    ],
    "method": "Both"
  },
  "decoder.up.0.block.0": {
    "l2_value": 0.0027508267667144537,
    "cosine_value": 0.19607365131378174,
    "shape": [
      1,
      128,
      512,
      512
    ],
    "method": "Both"
  },
  "decoder.up.0.block.1": {
    "l2_value": 0.0033453600481152534,
    "cosine_value": 0.20791339874267578,
    "shape": [
      1,
      128,
      512,
      512
    ],
    "method": "Both"
  },
  "decoder.up.0.block.2": {
    "l2_value": 0.004042378161102533,
    "cosine_value": 0.21603572368621826,
    "shape": [
      1,
      128,
      512,
      512
    ],
    "method": "Both"
  },
  "decoder.up.1.block.0": {
    "l2_value": 0.0004698878910858184,
    "cosine_value": 0.036711692810058594,
    "shape": [
      1,
      256,
      256,
      256
    ],
    "method": "Both"
  },
  "decoder.up.1.block.1": {
    "l2_value": 0.0004618633247446269,
    "cosine_value": 0.03488743305206299,
    "shape": [
      1,
      256,
      256,
      256
    ],
    "method": "Both"
  },
  "decoder.up.1.block.2": {
    "l2_value": 0.00041967607103288174,
    "cosine_value": 0.03951525688171387,
    "shape": [
      1,
      256,
      256,
      256
    ],
    "method": "Both"
  },
  "decoder.up.1.upsample": {
    "l2_value": 0.0006615077727474272,
    "cosine_value": 0.060712456703186035,
    "shape": [
      1,
      256,
      512,
      512
    ],
    "method": "Both"
  },
  "decoder.up.2.block.0": {
    "l2_value": 0.00033923209412023425,
    "cosine_value": 0.03953289985656738,
    "shape": [
      1,
      512,
      128,
      128
    ],
    "method": "Both"
  },
  "decoder.up.2.block.1": {
    "l2_value": 0.000350745627656579,
    "cosine_value": 0.04161280393600464,
    "shape": [
      1,
      512,
      128,
      128
    ],
    "method": "Both"
  },
  "decoder.up.2.block.2": {
    "l2_value": 0.00031191756715998054,
    "cosine_value": 0.05028277635574341,
    "shape": [
      1,
      512,
      128,
      128
    ],
    "method": "Both"
  },
  "decoder.up.2.upsample": {
    "l2_value": 0.0005097899120301008,
    "cosine_value": 0.04697549343109131,
    "shape": [
      1,
      512,
      256,
      256
    ],
    "method": "Both"
  },
  "decoder.up.3.block.0": {
    "l2_value": 0.0001944434188771993,
    "cosine_value": 0.04650050401687622,
    "shape": [
      1,
      512,
      64,
      64
    ],
    "method": "Both"
  },
  "decoder.up.3.block.1": {
    "l2_value": 0.00019845299539156258,
    "cosine_value": 0.04451340436935425,
    "shape": [
      1,
      512,
      64,
      64
    ],
    "method": "Both"
  },
  "decoder.up.3.block.2": {
    "l2_value": 0.0001861548807937652,
    "cosine_value": 0.05051922798156738,
    "shape": [
      1,
      512,
      64,
      64
    ],
    "method": "Both"
  },
  "decoder.up.3.upsample": {
    "l2_value": 0.0003418580745346844,
    "cosine_value": 0.044216156005859375,
    "shape": [
      1,
      512,
      128,
      128
    ],
    "method": "Both"
  },
  "decoder.conv_out": {
    "l2_value": 0.00011821260947423677,
    "cosine_value": 0.02346491813659668,
    "shape": [
      1,
      3,
      512,
      512
    ],
    "method": "Both"
  }
}