{
  "decoder.conv_in": {
    "l2_value": 0.0003175579768139869,
    "cosine_value": 0.09689140319824219,
    "shape": [
      1,
      512,
      64,
      64
    ],
    "method": "Both"
  },
  "decoder.mid.block_1": {
    "l2_value": 0.0003710044838953763,
    "cosine_value": 0.1316981315612793,
    "shape": [
      1,
      512,
      64,
      64
    ],
    "method": "Both"
  },
  "decoder.mid.attn_1": {
    "l2_value": 0.00037270592292770743,
    "cosine_value": 0.1256842017173767,
    "shape": [
      1,
      512,
      64,
      64
    ],
    "method": "Both"
  },
  "decoder.mid.block_2": {
    "l2_value": 0.0003686774580273777,
    "cosine_value": 0.11330598592758179,
    "shape": [
      1,
      512,
      64,
      64
    ],
    "method": "Both"
  },
  "decoder.up.0.block.0": {
    "l2_value": 0.0068637109361588955,
    "cosine_value": 0.6563591659069061,
    "shape": [
      1,
      128,
      512,
      512
    ],
    "method": "Both"
  },
  "decoder.up.0.block.1": {
    "l2_value": 0.007902875542640686,
    "cosine_value": 0.6873630583286285,
    "shape": [
      1,
      128,
      512,
      512
    ],
    "method": "Both"
  },
  "decoder.up.0.block.2": {
    "l2_value": 0.009126467630267143,
    "cosine_value": 0.7098116874694824,
    "shape": [
      1,
      128,
      512,
      512
    ],
    "method": "Both"
  },
  "decoder.up.1.block.0": {
    "l2_value": 0.00088708900148049,
    "cosine_value": 0.0955464243888855,
    "shape": [
      1,
      256,
      256,
      256
    ],
    "method": "Both"
  },
  "decoder.up.1.block.1": {
    "l2_value": 0.0009028447675518692,
    "cosine_value": 0.10140687227249146,
    "shape": [
      1,
      256,
      256,
      256
    ],
    "method": "Both"
  },
  "decoder.up.1.block.2": {
    "l2_value": 0.0008662000764161348,
    "cosine_value": 0.11681485176086426,
    "shape": [
      1,
      256,
      256,
      256
    ],
    "method": "Both"
  },
  "decoder.up.1.upsample": {
    "l2_value": 0.0018493570387363434,
    "cosine_value": 0.2857758402824402,
    "shape": [
      1,
      256,
      512,
      512
    ],
    "method": "Both"
  },
  "decoder.up.2.block.0": {
    "l2_value": 0.0005961821880191565,
    "cosine_value": 0.0782366394996643,
    "shape": [
      1,
      512,
      128,
      128
    ],
    "method": "Both"
  },
  "decoder.up.2.block.1": {
    "l2_value": 0.0006101263570599258,
    "cosine_value": 0.07798212766647339,
    "shape": [
      1,
      512,
      128,
      128
    ],
    "method": "Both"
  },
  "decoder.up.2.block.2": {
    "l2_value": 0.0005383249372243881,
    "cosine_value": 0.08649039268493652,
    "shape": [
      1,
      512,
      128,
      128
    ],
    "method": "Both"
  },
  "decoder.up.2.upsample": {
    "l2_value": 0.0008745402446947992,
    "cosine_value": 0.08440899848937988,
    "shape": [
      1,
      512,
      256,
      256
    ],
    "method": "Both"
  },
  "decoder.up.3.block.0": {
    "l2_value": 0.000388626562198624,
    "cosine_value": 0.10899734497070312,
    "shape": [
      1,
      512,
      64,
      64
    ],
    "method": "Both"
  },
  "decoder.up.3.block.1": {
    "l2_value": 0.000371616508346051,
    "cosine_value": 0.09550303220748901,
    "shape": [
      1,
      512,
      64,
      64
    ],
    "method": "Both"
  },
  "decoder.up.3.block.2": {
    "l2_value": 0.0003258113865740597,
    "cosine_value": 0.09164780378341675,
    "shape": [
      1,
      512,
      64,
      64
    ],
    "method": "Both"
  },
  "decoder.up.3.upsample": {
    "l2_value": 0.0005964147276245058,
    "cosine_value": 0.08095204830169678,
    "shape": [
      1,
      512,
      128,
      128
    ],
    "method": "Both"
  },
  "decoder.conv_out": {
    "l2_value": 0.0001203711920728286,
    "cosine_value": 0.023137688636779785,
    "shape": [
      1,
      3,
      512,
      512
    ],
    "method": "Both"
  }
}