{
  "decoder.conv_in": {
    "l2_value": 0.00038372594281099737,
    "cosine_value": 0.11264336109161377,
    "shape": [
      1,
      512,
      64,
      64
    ],
    "method": "Both"
  },
  "decoder.mid.block_1": {
    "l2_value": 0.000381869962438941,
    "cosine_value": 0.11424309015274048,
    "shape": [
      1,
      512,
      64,
      64
    ],
    "method": "Both"
  },
  "decoder.mid.attn_1": {
    "l2_value": 0.00038138809031806886,
    "cosine_value": 0.11207318305969238,
    "shape": [
      1,
      512,
      64,
      64
    ],
    "method": "Both"
  },
  "decoder.mid.block_2": {
    "l2_value": 0.00039804389234632254,
    "cosine_value": 0.11290127038955688,
    "shape": [
      1,
      512,
      64,
      64
    ],
    "method": "Both"
  },
  "decoder.up.0.block.0": {
    "l2_value": 0.00426665460690856,
    "cosine_value": 0.22215044498443604,
    "shape": [
      1,
      128,
      512,
      512
    ],
    "method": "Both"
  },
  "decoder.up.0.block.1": {
    "l2_value": 0.0049183787778019905,
    "cosine_value": 0.23857450485229492,
    "shape": [
      1,
      128,
      512,
      512
    ],
    "method": "Both"
  },
  "decoder.up.0.block.2": {
    "l2_value": 0.00569175137206912,
    "cosine_value": 0.2515803575515747,
    "shape": [
      1,
      128,
      512,
      512
    ],
    "method": "Both"
  },
  "decoder.up.1.block.0": {
    "l2_value": 0.0008678232552483678,
    "cosine_value": 0.06999069452285767,
    "shape": [
      1,
      256,
      256,
      256
    ],
    "method": "Both"
  },
  "decoder.up.1.block.1": {
    "l2_value": 0.0008957345271483064,
    "cosine_value": 0.07536584138870239,
    "shape": [
      1,
      256,
      256,
      256
    ],
    "method": "Both"
  },
  "decoder.up.1.block.2": {
    "l2_value": 0.0008555577369406819,
    "cosine_value": 0.08124750852584839,
    "shape": [
      1,
      256,
      256,
      256
    ],
    "method": "Both"
  },
  "decoder.up.1.upsample": {
    "l2_value": 0.0013374058762565255,
    "cosine_value": 0.11151105165481567,
    "shape": [
      1,
      256,
      512,
      512
    ],
    "method": "Both"
  },
  "decoder.up.2.block.0": {
    "l2_value": 0.0006902313325554132,
    "cosine_value": 0.09206926822662354,
    "shape": [
      1,
      512,
      128,
      128
    ],
    "method": "Both"
  },
  "decoder.up.2.block.1": {
    "l2_value": 0.0007078922935761511,
    "cosine_value": 0.09184181690216064,
    "shape": [
      1,
      512,
      128,
      128
    ],
    "method": "Both"
  },
  "decoder.up.2.block.2": {
    "l2_value": 0.0006316243670880795,
    "cosine_value": 0.09535890817642212,
    "shape": [
      1,
      512,
      128,
      128
    ],
    "method": "Both"
  },
  "decoder.up.2.upsample": {
    "l2_value": 0.000978645752184093,
    "cosine_value": 0.08183753490447998,
    "shape": [
      1,
      512,
      256,
      256
    ],
    "method": "Both"
  },
  "decoder.up.3.block.0": {
    "l2_value": 0.00043235343764536083,
    "cosine_value": 0.11832469701766968,
    "shape": [
      1,
      512,
      64,
      64
    ],
    "method": "Both"
  },
  "decoder.up.3.block.1": {
    "l2_value": 0.0004392740083858371,
    "cosine_value": 0.11794358491897583,
    "shape": [
      1,
      512,
      64,
      64
    ],
    "method": "Both"
  },
  "decoder.up.3.block.2": {
    "l2_value": 0.0003935779968742281,
    "cosine_value": 0.11290395259857178,
    "shape": [
      1,
      512,
      64,
      64
    ],
    "method": "Both"
  },
  "decoder.up.3.upsample": {
    "l2_value": 0.0007010492845438421,
    "cosine_value": 0.09873741865158081,
    "shape": [
      1,
      512,
      128,
      128
    ],
    "method": "Both"
  },
  "decoder.conv_out": {
    "l2_value": 0.0002287636937883993,
    "cosine_value": 0.05038619041442871,
    "shape": [
      1,
      3,
      512,
      512
    ],
    "method": "Both"
  }
}