{
  "decoder.conv_in": {
    "l2_value": 0.0004243728471919894,
    "cosine_value": 0.13778364658355713,
    "shape": [
      1,
      512,
      64,
      64
    ],
    "method": "Both"
  },
  "decoder.mid.block_1": {
    "l2_value": 0.00040013858233578503,
    "cosine_value": 0.12300002574920654,
    "shape": [
      1,
      512,
      64,
      64
    ],
    "method": "Both"
  },
  "decoder.mid.attn_1": {
    "l2_value": 0.0003960886679124087,
    "cosine_value": 0.11899566650390625,
    "shape": [
      1,
      512,
      64,
      64
    ],
    "method": "Both"
  },
  "decoder.mid.block_2": {
    "l2_value": 0.0004155175993219018,
    "cosine_value": 0.12130802869796753,
    "shape": [
      1,
      512,
      64,
      64
    ],
    "method": "Both"
  },
  "decoder.up.0.block.0": {
    "l2_value": 0.0013998396461829543,
    "cosine_value": 0.02387148141860962,
    "shape": [
      1,
      128,
      512,
      512
    ],
    "method": "Both"
  },
  "decoder.up.0.block.1": {
    "l2_value": 0.001460241386666894,
    "cosine_value": 0.021053671836853027,
    "shape": [
      1,
      128,
      512,
      512
    ],
    "method": "Both"
  },
  "decoder.up.0.block.2": {
    "l2_value": 0.0015329028246924281,
    "cosine_value": 0.01826155185699463,
    "shape": [
      1,
      128,
      512,
      512
    ],
    "method": "Both"
  },
  "decoder.up.1.block.0": {
    "l2_value": 0.0008579091518186033,
    "cosine_value": 0.0641472339630127,
    "shape": [
      1,
      256,
      256,
      256
    ],
    "method": "Both"
  },
  "decoder.up.1.block.1": {
    "l2_value": 0.0008988528861664236,
    "cosine_value": 0.07122409343719482,
    "shape": [
      1,
      256,
      256,
      256
    ],
    "method": "Both"
  },
  "decoder.up.1.block.2": {
    "l2_value": 0.0008419390069320798,
    "cosine_value": 0.07307273149490356,
    "shape": [
      1,
      256,
      256,
      256
    ],
    "method": "Both"
  },
  "decoder.up.1.upsample": {
    "l2_value": 0.000988074578344822,
    "cosine_value": 0.0573384165763855,
    "shape": [
      1,
      256,
      512,
      512
    ],
    "method": "Both"
  },
  "decoder.up.2.block.0": {
    "l2_value": 0.0007350965752266347,
    "cosine_value": 0.10279583930969238,
    "shape": [
      1,
      512,
      128,
      128
    ],
    "method": "Both"
  },
  "decoder.up.2.block.1": {
    "l2_value": 0.0007643954595550895,
    "cosine_value": 0.10403275489807129,
    "shape": [
      1,
      512,
      128,
      128
    ],
    "method": "Both"
  },
  "decoder.up.2.block.2": {
    "l2_value": 0.0006809549522586167,
    "cosine_value": 0.1055116057395935,
    "shape": [
      1,
      512,
      128,
      128
    ],
    "method": "Both"
  },
  "decoder.up.2.upsample": {
    "l2_value": 0.0010242400458082557,
    "cosine_value": 0.08536571264266968,
    "shape": [
      1,
      512,
      256,
      256
    ],
    "method": "Both"
  },
  "decoder.up.3.block.0": {
    "l2_value": 0.0004569759767036885,
    "cosine_value": 0.1305719017982483,
    "shape": [
      1,
      512,
      64,
      64
    ],
    "method": "Both"
  },
  "decoder.up.3.block.1": {
    "l2_value": 0.0004812250263057649,
    "cosine_value": 0.1389986276626587,
    "shape": [
      1,
      512,
      64,
      64
    ],
    "method": "Both"
  },
  "decoder.up.3.block.2": {
    "l2_value": 0.0004287870542611927,
    "cosine_value": 0.13154691457748413,
    "shape": [
      1,
      512,
      64,
      64
    ],
    "method": "Both"
  },
  "decoder.up.3.upsample": {
    "l2_value": 0.0007499605417251587,
    "cosine_value": 0.1115071177482605,
    "shape": [
      1,
      512,
      128,
      128
    ],
    "method": "Both"
  },
  "decoder.conv_out": {
    "l2_value": 0.00019486547292520603,
    "cosine_value": 0.03076547384262085,
    "shape": [
      1,
      3,
      512,
      512
    ],
    "method": "Both"
  }
}