{
  "decoder.conv_in": {
    "l2_value": 0.0002704838989302516,
    "cosine_value": 0.044097840785980225,
    "shape": [
      1,
      512,
      64,
      64
    ],
    "method": "Both"
  },
  "decoder.mid.block_1": {
    "l2_value": 0.00025402350001968443,
    "cosine_value": 0.039751529693603516,
    "shape": [
      1,
      512,
      64,
      64
    ],
    "method": "Both"
  },
  "decoder.mid.attn_1": {
    "l2_value": 0.0002539648558013141,
    "cosine_value": 0.040301620960235596,
    "shape": [
      1,
      512,
      64,
      64
    ],
    "method": "Both"
  },
  "decoder.mid.block_2": {
    "l2_value": 0.00027123381732963026,
    "cosine_value": 0.04313856363296509,
    "shape": [
      1,
      512,
      64,
      64
    ],
    "method": "Both"
  },
  "decoder.up.0.block.0": {
    "l2_value": 0.0007508481503464282,
    "cosine_value": 0.006359577178955078,
    "shape": [
      1,
      128,
      512,
      512
    ],
    "method": "Both"
  },
  "decoder.up.0.block.1": {
    "l2_value": 0.0007580450619570911,
    "cosine_value": 0.005334675312042236,
    "shape": [
      1,
      128,
      512,
      512
    ],
    "method": "Both"
  },
  "decoder.up.0.block.2": {
    "l2_value": 0.0007810501847416162,
    "cosine_value": 0.004547238349914551,
    "shape": [
      1,
      128,
      512,
      512
    ],
    "method": "Both"
  },
  "decoder.up.1.block.0": {
    "l2_value": 0.0005506163579411805,
    "cosine_value": 0.021836400032043457,
    "shape": [
      1,
      256,
      256,
      256
    ],
    "method": "Both"
  },
  "decoder.up.1.block.1": {
    "l2_value": 0.000574986741412431,
    "cosine_value": 0.024061977863311768,
    "shape": [
      1,
      256,
      256,
      256
    ],
    "method": "Both"
  },
  "decoder.up.1.block.2": {
    "l2_value": 0.0005319029442034662,
    "cosine_value": 0.023761391639709473,
    "shape": [
      1,
      256,
      256,
      256
    ],
    "method": "Both"
  },
  "decoder.up.1.upsample": {
    "l2_value": 0.0006011648220010102,
    "cosine_value": 0.01751863956451416,
    "shape": [
      1,
      256,
      512,
      512
    ],
    "method": "Both"
  },
  "decoder.up.2.block.0": {
    "l2_value": 0.0005010429886169732,
    "cosine_value": 0.039752304553985596,
    "shape": [
      1,
      512,
      128,
      128
    ],
    "method": "Both"
  },
  "decoder.up.2.block.1": {
    "l2_value": 0.0005152077064849436,
    "cosine_value": 0.04028958082199097,
    "shape": [
      1,
      512,
      128,
      128
    ],
    "method": "Both"
  },
  "decoder.up.2.block.2": {
    "l2_value": 0.0004514035244937986,
    "cosine_value": 0.038320720195770264,
    "shape": [
      1,
      512,
      128,
      128
    ],
    "method": "Both"
  },
  "decoder.up.2.upsample": {
    "l2_value": 0.0006754043279215693,
    "cosine_value": 0.03025972843170166,
    "shape": [
      1,
      512,
      256,
      256
    ],
    "method": "Both"
  },
  "decoder.up.3.block.0": {
    "l2_value": 0.0003031381347682327,
    "cosine_value": 0.04886972904205322,
    "shape": [
      1,
      512,
      64,
      64
    ],
    "method": "Both"
  },
  "decoder.up.3.block.1": {
    "l2_value": 0.00032060331432148814,
    "cosine_value": 0.05254220962524414,
    "shape": [
      1,
      512,
      64,
      64
    ],
    "method": "Both"
  },
  "decoder.up.3.block.2": {
    "l2_value": 0.0002898748207371682,
    "cosine_value": 0.049163222312927246,
    "shape": [
      1,
      512,
      64,
      64
    ],
    "method": "Both"
  },
  "decoder.up.3.upsample": {
    "l2_value": 0.000514970684889704,
    "cosine_value": 0.04325366020202637,
    "shape": [
      1,
      512,
      128,
      128
    ],
    "method": "Both"
  },
  "decoder.conv_out": {
    "l2_value": 0.00012934526118139425,
    "cosine_value": 0.012118399143218994,
    "shape": [
      1,
      3,
      512,
      512
    ],
    "method": "Both"
  }
}