{
  "decoder.conv_in": {
    "l2_value": 0.00038103334372863173,
    "cosine_value": 0.462192177772522,
    "shape": [
      1,
      512,
      64,
      64
    ],
    "method": "Both"
  },
  "decoder.mid.block_1": {
    "l2_value": 0.0004393165872897953,
    "cosine_value": 0.32887518405914307,
    "shape": [
      1,
      512,
      64,
      64
    ],
    "method": "Both"
  },
  "decoder.mid.attn_1": {
    "l2_value": 0.00043773066136054695,
    "cosine_value": 0.2962039113044739,
    "shape": [
      1,
      512,
      64,
      64
    ],
    "method": "Both"
  },
  "decoder.mid.block_2": {
    "l2_value": 0.0004565567069221288,
    "cosine_value": 0.2907228469848633,
    "shape": [
      1,
      512,
      64,
      64
    ],
    "method": "Both"
  },
  "decoder.up.0.block.0": {
    "l2_value": 0.003660866292193532,
    "cosine_value": 0.3141081929206848,
    "shape": [
      1,
      128,
      512,
      512
    ],
    "method": "Both"
  },
  "decoder.up.0.block.1": {
    "l2_value": 0.004267443902790546,
    "cosine_value": 0.3110395073890686,
    "shape": [
      1,
      128,
      512,
      512
    ],
    "method": "Both"
  },
  "decoder.up.0.block.2": {
    "l2_value": 0.0050084409303963184,
    "cosine_value": 0.3077218532562256,
    "shape": [
      1,
      128,
      512,
      512
    ],
    "method": "Both"
  },
  "decoder.up.1.block.0": {
    "l2_value": 0.0011955606751143932,
    "cosine_value": 0.2256975769996643,
    "shape": [
      1,
      256,
      256,
      256
    ],
    "method": "Both"
  },
  "decoder.up.1.block.1": {
    "l2_value": 0.0011992385843768716,
    "cosine_value": 0.22038030624389648,
    "shape": [
      1,
      256,
      256,
      256
    ],
    "method": "Both"
  },
  "decoder.up.1.block.2": {
    "l2_value": 0.0011112263891845942,
    "cosine_value": 0.24941760301589966,
    "shape": [
      1,
      256,
      256,
      256
    ],
    "method": "Both"
  },
  "decoder.up.1.upsample": {
    "l2_value": 0.0013858474558219314,
    "cosine_value": 0.24002641439437866,
    "shape": [
      1,
      256,
      512,
      512
    ],
    "method": "Both"
  },
  "decoder.up.2.block.0": {
    "l2_value": 0.0008626917260698974,
    "cosine_value": 0.25315427780151367,
    "shape": [
      1,
      512,
      128,
      128
    ],
    "method": "Both"
  },
  "decoder.up.2.block.1": {
    "l2_value": 0.0008956503588706255,
    "cosine_value": 0.26513826847076416,
    "shape": [
      1,
      512,
      128,
      128
    ],
    "method": "Both"
  },
  "decoder.up.2.block.2": {
    "l2_value": 0.00081445841351524,
    "cosine_value": 0.3238683342933655,
    "shape": [
      1,
      512,
      128,
      128
    ],
    "method": "Both"
  },
  "decoder.up.2.upsample": {
    "l2_value": 0.0013210440520197153,
    "cosine_value": 0.2981575131416321,
    "shape": [
      1,
      512,
      256,
      256
    ],
    "method": "Both"
  },
  "decoder.up.3.block.0": {
    "l2_value": 0.0005014109774492681,
    "cosine_value": 0.2981206774711609,
    "shape": [
      1,
      512,
      64,
      64
    ],
    "method": "Both"
  },
  "decoder.up.3.block.1": {
    "l2_value": 0.0005166506743989885,
    "cosine_value": 0.2939707040786743,
    "shape": [
      1,
      512,
      64,
      64
    ],
    "method": "Both"
  },
  "decoder.up.3.block.2": {
    "l2_value": 0.00048510284977965057,
    "cosine_value": 0.3277866244316101,
    "shape": [
      1,
      512,
      64,
      64
    ],
    "method": "Both"
  },
  "decoder.up.3.upsample": {
    "l2_value": 0.0008597190026193857,
    "cosine_value": 0.2793579697608948,
    "shape": [
      1,
      512,
      128,
      128
    ],
    "method": "Both"
  },
  "decoder.conv_out": {
    "l2_value": 0.0004875911787773172,
    "cosine_value": 0.29404228925704956,
    "shape": [
      1,
      3,
      512,
      512
    ],
    "method": "Both"
  }
}