{
  "decoder.conv_in": {
    "l2_value": 0.0007048951811157167,
    "cosine_value": 0.4377332925796509,
    "shape": [
      1,
      512,
      64,
      64
    ],
    "method": "Both"
  },
  "decoder.mid.block_1": {
    "l2_value": 0.0007101894589141011,
    "cosine_value": 0.43414556980133057,
    "shape": [
      1,
      512,
      64,
      64
    ],
    "method": "Both"
  },
  "decoder.mid.attn_1": {
    "l2_value": 0.0007054986781440675,
    "cosine_value": 0.4171375632286072,
    "shape": [
      1,
      512,
      64,
      64
    ],
    "method": "Both"
  },
  "decoder.mid.block_2": {
    "l2_value": 0.0007211796473711729,
    "cosine_value": 0.4042835235595703,
    "shape": [
      1,
      512,
      64,
      64
    ],
    "method": "Both"
  },
  "decoder.up.0.block.0": {
    "l2_value": 0.005990554578602314,
    "cosine_value": 0.43344372510910034,
    "shape": [
      1,
      128,
      512,
      512
    ],
    "method": "Both"
  },
  "decoder.up.0.block.1": {
    "l2_value": 0.0067291841842234135,
    "cosine_value": 0.4389535188674927,
    "shape": [
      1,
      128,
      512,
      512
    ],
    "method": "Both"
  },
  "decoder.up.0.block.2": {
    "l2_value": 0.007614887785166502,
    "cosine_value": 0.44045859575271606,
    "shape": [
      1,
      128,
      512,
      512
    ],
    "method": "Both"
  },
  "decoder.up.1.block.0": {
    "l2_value": 0.0016902369679883122,
    "cosine_value": 0.3032726049423218,
    "shape": [
      1,
      256,
      256,
      256
    ],
    "method": "Both"
  },
  "decoder.up.1.block.1": {
    "l2_value": 0.001713962061330676,
    "cosine_value": 0.3166534900665283,
    "shape": [
      1,
      256,
      256,
      256
    ],
    "method": "Both"
  },
  "decoder.up.1.block.2": {
    "l2_value": 0.0016278201946988702,
    "cosine_value": 0.34237051010131836,
    "shape": [
      1,
      256,
      256,
      256
    ],
    "method": "Both"
  },
  "decoder.up.1.upsample": {
    "l2_value": 0.002315338933840394,
    "cosine_value": 0.36796557903289795,
    "shape": [
      1,
      256,
      512,
      512
    ],
    "method": "Both"
  },
  "decoder.up.2.block.0": {
    "l2_value": 0.0012810163898393512,
    "cosine_value": 0.34616005420684814,
    "shape": [
      1,
      512,
      128,
      128
    ],
    "method": "Both"
  },
  "decoder.up.2.block.1": {
    "l2_value": 0.0013156966306269169,
    "cosine_value": 0.3428161144256592,
    "shape": [
      1,
      512,
      128,
      128
    ],
    "method": "Both"
  },
  "decoder.up.2.block.2": {
    "l2_value": 0.0011865748092532158,
    "cosine_value": 0.37538403272628784,
    "shape": [
      1,
      512,
      128,
      128
    ],
    "method": "Both"
  },
  "decoder.up.2.upsample": {
    "l2_value": 0.0018953437684103847,
    "cosine_value": 0.3472972512245178,
    "shape": [
      1,
      512,
      256,
      256
    ],
    "method": "Both"
  },
  "decoder.up.3.block.0": {
    "l2_value": 0.0007684952579438686,
    "cosine_value": 0.40396857261657715,
    "shape": [
      1,
      512,
      64,
      64
    ],
    "method": "Both"
  },
  "decoder.up.3.block.1": {
    "l2_value": 0.0007842617342248559,
    "cosine_value": 0.40704482793807983,
    "shape": [
      1,
      512,
      64,
      64
    ],
    "method": "Both"
  },
  "decoder.up.3.block.2": {
    "l2_value": 0.0007158548687584698,
    "cosine_value": 0.4139460325241089,
    "shape": [
      1,
      512,
      64,
      64
    ],
    "method": "Both"
  },
  "decoder.up.3.upsample": {
    "l2_value": 0.0012957880971953273,
    "cosine_value": 0.37096208333969116,
    "shape": [
      1,
      512,
      128,
      128
    ],
    "method": "Both"
  },
  "decoder.conv_out": {
    "l2_value": 0.0004860981134697795,
    "cosine_value": 0.279910147190094,
    "shape": [
      1,
      3,
      512,
      512
    ],
    "method": "Both"
  }
}