{
  "decoder.conv_in": {
    "l2_value": 0.0003850265056826174,
    "cosine_value": 0.14258337020874023,
    "shape": [
      1,
      512,
      64,
      64
    ],
    "method": "Both"
  },
  "decoder.mid.block_1": {
    "l2_value": 0.00039724764064885676,
    "cosine_value": 0.14636754989624023,
    "shape": [
      1,
      512,
      64,
      64
    ],
    "method": "Both"
  },
  "decoder.mid.attn_1": {
    "l2_value": 0.00040205492405220866,
    "cosine_value": 0.14345663785934448,
    "shape": [
      1,
      512,
      64,
      64
    ],
    "method": "Both"
  },
  "decoder.mid.block_2": {
    "l2_value": 0.0004106493142899126,
    "cosine_value": 0.1383153796195984,
    "shape": [
      1,
      512,
      64,
      64
    ],
    "method": "Both"
  },
  "decoder.up.0.block.0": {
    "l2_value": 0.003532376140356064,
    "cosine_value": 0.1517125964164734,
    "shape": [
      1,
      128,
      512,
      512
    ],
    "method": "Both"
  },
  "decoder.up.0.block.1": {
    "l2_value": 0.004002612549811602,
    "cosine_value": 0.15644049644470215,
    "shape": [
      1,
      128,
      512,
      512
    ],
    "method": "Both"
  },
  "decoder.up.0.block.2": {
    "l2_value": 0.004562350921332836,
    "cosine_value": 0.15923672914505005,
    "shape": [
      1,
      128,
      512,
      512
    ],
    "method": "Both"
  },
  "decoder.up.1.block.0": {
    "l2_value": 0.0008769301930442452,
    "cosine_value": 0.08876639604568481,
    "shape": [
      1,
      256,
      256,
      256
    ],
    "method": "Both"
  },
  "decoder.up.1.block.1": {
    "l2_value": 0.0008949110633693635,
    "cosine_value": 0.09376406669616699,
    "shape": [
      1,
      256,
      256,
      256
    ],
    "method": "Both"
  },
  "decoder.up.1.block.2": {
    "l2_value": 0.0008355086320079863,
    "cosine_value": 0.09913378953933716,
    "shape": [
      1,
      256,
      256,
      256
    ],
    "method": "Both"
  },
  "decoder.up.1.upsample": {
    "l2_value": 0.001258189557120204,
    "cosine_value": 0.11603677272796631,
    "shape": [
      1,
      256,
      512,
      512
    ],
    "method": "Both"
  },
  "decoder.up.2.block.0": {
    "l2_value": 0.0007268182234838605,
    "cosine_value": 0.11846470832824707,
    "shape": [
      1,
      512,
      128,
      128
    ],
    "method": "Both"
  },
  "decoder.up.2.block.1": {
    "l2_value": 0.0007502124062739313,
    "cosine_value": 0.11840039491653442,
    "shape": [
      1,
      512,
      128,
      128
    ],
    "method": "Both"
  },
  "decoder.up.2.block.2": {
    "l2_value": 0.000656460877507925,
    "cosine_value": 0.12420028448104858,
    "shape": [
      1,
      512,
      128,
      128
    ],
    "method": "Both"
  },
  "decoder.up.2.upsample": {
    "l2_value": 0.0010078496998175979,
    "cosine_value": 0.10694313049316406,
    "shape": [
      1,
      512,
      256,
      256
    ],
    "method": "Both"
  },
  "decoder.up.3.block.0": {
    "l2_value": 0.0004435729933902621,
    "cosine_value": 0.14095604419708252,
    "shape": [
      1,
      512,
      64,
      64
    ],
    "method": "Both"
  },
  "decoder.up.3.block.1": {
    "l2_value": 0.00045458992826752365,
    "cosine_value": 0.1436745524406433,
    "shape": [
      1,
      512,
      64,
      64
    ],
    "method": "Both"
  },
  "decoder.up.3.block.2": {
    "l2_value": 0.0004061850195284933,
    "cosine_value": 0.14216208457946777,
    "shape": [
      1,
      512,
      64,
      64
    ],
    "method": "Both"
  },
  "decoder.up.3.upsample": {
    "l2_value": 0.0007322247256524861,
    "cosine_value": 0.12646538019180298,
    "shape": [
      1,
      512,
      128,
      128
    ],
    "method": "Both"
  },
  "decoder.conv_out": {
    "l2_value": 0.00018000726898511252,
    "cosine_value": 0.04879182577133179,
    "shape": [
      1,
      3,
      512,
      512
    ],
    "method": "Both"
  }
}