{
  "decoder.conv_in": {
    "l2_value": 0.00020347145618870854,
    "cosine_value": 0.1389961838722229,
    "shape": [
      1,
      512,
      64,
      64
    ],
    "method": "Both"
  },
  "decoder.mid.block_1": {
    "l2_value": 0.000250605313340202,
    "cosine_value": 0.11136549711227417,
    "shape": [
      1,
      512,
      64,
      64
    ],
    "method": "Both"
  },
  "decoder.mid.attn_1": {
    "l2_value": 0.0002563259331509471,
    "cosine_value": 0.10393911600112915,
    "shape": [
      1,
      512,
      64,
      64
    ],
    "method": "Both"
  },
  "decoder.mid.block_2": {
    "l2_value": 0.0002682660997379571,
    "cosine_value": 0.10287415981292725,
    "shape": [
      1,
      512,
      64,
      64
    ],
    "method": "Both"
  },
  "decoder.up.0.block.0": {
    "l2_value": 0.0032706863712519407,
    "cosine_value": 0.2519492506980896,
    "shape": [
      1,
      128,
      512,
      512
    ],
    "method": "Both"
  },
  "decoder.up.0.block.1": {
    "l2_value": 0.003940637689083815,
    "cosine_value": 0.2659243941307068,
    "shape": [
      1,
      128,
      512,
      512
    ],
    "method": "Both"
  },
  "decoder.up.0.block.2": {
    "l2_value": 0.00474513228982687,
    "cosine_value": 0.2755380868911743,
    "shape": [
      1,
      128,
      512,
      512
    ],
    "method": "Both"
  },
  "decoder.up.1.block.0": {
    "l2_value": 0.0006553466082550585,
    "cosine_value": 0.07120347023010254,
    "shape": [
      1,
      256,
      256,
      256
    ],
    "method": "Both"
  },
  "decoder.up.1.block.1": {
    "l2_value": 0.000654567324090749,
    "cosine_value": 0.06897568702697754,
    "shape": [
      1,
      256,
      256,
      256
    ],
    "method": "Both"
  },
  "decoder.up.1.block.2": {
    "l2_value": 0.0005970625788904727,
    "cosine_value": 0.07647144794464111,
    "shape": [
      1,
      256,
      256,
      256
    ],
    "method": "Both"
  },
  "decoder.up.1.upsample": {
    "l2_value": 0.0008595144608989358,
    "cosine_value": 0.09734326601028442,
    "shape": [
      1,
      256,
      512,
      512
    ],
    "method": "Both"
  },
  "decoder.up.2.block.0": {
    "l2_value": 0.0005001539830118418,
    "cosine_value": 0.08786481618881226,
    "shape": [
      1,
      512,
      128,
      128
    ],
    "method": "Both"
  },
  "decoder.up.2.block.1": {
    "l2_value": 0.0005236556171439588,
    "cosine_value": 0.09353089332580566,
    "shape": [
      1,
      512,
      128,
      128
    ],
    "method": "Both"
  },
  "decoder.up.2.block.2": {
    "l2_value": 0.00046515552094206214,
    "cosine_value": 0.11032116413116455,
    "shape": [
      1,
      512,
      128,
      128
    ],
    "method": "Both"
  },
  "decoder.up.2.upsample": {
    "l2_value": 0.0007336557609960437,
    "cosine_value": 0.09636270999908447,
    "shape": [
      1,
      512,
      256,
      256
    ],
    "method": "Both"
  },
  "decoder.up.3.block.0": {
    "l2_value": 0.0002963415754493326,
    "cosine_value": 0.10675930976867676,
    "shape": [
      1,
      512,
      64,
      64
    ],
    "method": "Both"
  },
  "decoder.up.3.block.1": {
    "l2_value": 0.0003047922218684107,
    "cosine_value": 0.10473763942718506,
    "shape": [
      1,
      512,
      64,
      64
    ],
    "method": "Both"
  },
  "decoder.up.3.block.2": {
    "l2_value": 0.0002828608558047563,
    "cosine_value": 0.115151047706604,
    "shape": [
      1,
      512,
      64,
      64
    ],
    "method": "Both"
  },
  "decoder.up.3.upsample": {
    "l2_value": 0.0004988489672541618,
    "cosine_value": 0.09691303968429565,
    "shape": [
      1,
      512,
      128,
      128
    ],
    "method": "Both"
  },
  "decoder.conv_out": {
    "l2_value": 0.00017954127785439292,
    "cosine_value": 0.050352632999420166,
    "shape": [
      1,
      3,
      512,
      512
    ],
    "method": "Both"
  }
}