{
  "decoder.conv_in": {
    "l2_value": 0.0002472645719535649,
    "cosine_value": 0.0563618540763855,
    "shape": [
      1,
      512,
      64,
      64
    ],
    "method": "Both"
  },
  "decoder.mid.block_1": {
    "l2_value": 0.0002307805116288364,
    "cosine_value": 0.04825776815414429,
    "shape": [
      1,
      512,
      64,
      64
    ],
    "method": "Both"
  },
  "decoder.mid.attn_1": {
    "l2_value": 0.00023181615688372403,
    "cosine_value": 0.046675026416778564,
    "shape": [
      1,
      512,
      64,
      64
    ],
    "method": "Both"
  },
  "decoder.mid.block_2": {
    "l2_value": 0.0002399390359641984,
    "cosine_value": 0.04661327600479126,
    "shape": [
      1,
      512,
      64,
      64
    ],
    "method": "Both"
  },
  "decoder.up.0.block.0": {
    "l2_value": 0.0011708930833265185,
    "cosine_value": 0.017112016677856445,
    "shape": [
      1,
      128,
      512,
      512
    ],
    "method": "Both"
  },
  "decoder.up.0.block.1": {
    "l2_value": 0.0012847769539803267,
    "cosine_value": 0.016231179237365723,
    "shape": [
      1,
      128,
      512,
      512
    ],
    "method": "Both"
  },
  "decoder.up.0.block.2": {
    "l2_value": 0.0014182152226567268,
    "cosine_value": 0.015337467193603516,
    "shape": [
      1,
      128,
      512,
      512
    ],
    "method": "Both"
  },
  "decoder.up.1.block.0": {
    "l2_value": 0.0005218540318310261,
    "cosine_value": 0.031519412994384766,
    "shape": [
      1,
      256,
      256,
      256
    ],
    "method": "Both"
  },
  "decoder.up.1.block.1": {
    "l2_value": 0.0005317588220350444,
    "cosine_value": 0.03320896625518799,
    "shape": [
      1,
      256,
      256,
      256
    ],
    "method": "Both"
  },
  "decoder.up.1.block.2": {
    "l2_value": 0.0004957066848874092,
    "cosine_value": 0.03522002696990967,
    "shape": [
      1,
      256,
      256,
      256
    ],
    "method": "Both"
  },
  "decoder.up.1.upsample": {
    "l2_value": 0.0006134159630164504,
    "cosine_value": 0.028425872325897217,
    "shape": [
      1,
      256,
      512,
      512
    ],
    "method": "Both"
  },
  "decoder.up.2.block.0": {
    "l2_value": 0.0004372758266981691,
    "cosine_value": 0.04220503568649292,
    "shape": [
      1,
      512,
      128,
      128
    ],
    "method": "Both"
  },
  "decoder.up.2.block.1": {
    "l2_value": 0.0004485096433199942,
    "cosine_value": 0.04210406541824341,
    "shape": [
      1,
      512,
      128,
      128
    ],
    "method": "Both"
  },
  "decoder.up.2.block.2": {
    "l2_value": 0.0003969058452639729,
    "cosine_value": 0.04558342695236206,
    "shape": [
      1,
      512,
      128,
      128
    ],
    "method": "Both"
  },
  "decoder.up.2.upsample": {
    "l2_value": 0.0006085741333663464,
    "cosine_value": 0.03917056322097778,
    "shape": [
      1,
      512,
      256,
      256
    ],
    "method": "Both"
  },
  "decoder.up.3.block.0": {
    "l2_value": 0.00026305453502573073,
    "cosine_value": 0.04907214641571045,
    "shape": [
      1,
      512,
      64,
      64
    ],
    "method": "Both"
  },
  "decoder.up.3.block.1": {
    "l2_value": 0.0002739065675996244,
    "cosine_value": 0.05156552791595459,
    "shape": [
      1,
      512,
      64,
      64
    ],
    "method": "Both"
  },
  "decoder.up.3.block.2": {
    "l2_value": 0.00024909546482376754,
    "cosine_value": 0.05266362428665161,
    "shape": [
      1,
      512,
      64,
      64
    ],
    "method": "Both"
  },
  "decoder.up.3.upsample": {
    "l2_value": 0.0004487781843636185,
    "cosine_value": 0.046265602111816406,
    "shape": [
      1,
      512,
      128,
      128
    ],
    "method": "Both"
  },
  "decoder.conv_out": {
    "l2_value": 0.0001318103556210796,
    "cosine_value": 0.02724599838256836,
    "shape": [
      1,
      3,
      512,
      512
    ],
    "method": "Both"
  }
}