{
  "decoder.conv_in": {
    "l2_value": 0.0001427785900887102,
    "cosine_value": 0.06263339519500732,
    "shape": [
      1,
      512,
      64,
      64
    ],
    "method": "Both"
  },
  "decoder.mid.block_1": {
    "l2_value": 0.00015817831445019692,
    "cosine_value": 0.04321730136871338,
    "shape": [
      1,
      512,
      64,
      64
    ],
    "method": "Both"
  },
  "decoder.mid.attn_1": {
    "l2_value": 0.0001580130629008636,
    "cosine_value": 0.03826028108596802,
    "shape": [
      1,
      512,
      64,
      64
    ],
    "method": "Both"
  },
  "decoder.mid.block_2": {
    "l2_value": 0.00016505079111084342,
    "cosine_value": 0.03801429271697998,
    "shape": [
      1,
      512,
      64,
      64
    ],
    "method": "Both"
  },
  "decoder.up.0.block.0": {
    "l2_value": 0.0013718411792069674,
    "cosine_value": 0.04441022872924805,
    "shape": [
      1,
      128,
      512,
      512
    ],
    "method": "Both"
  },
  "decoder.up.0.block.1": {
    "l2_value": 0.001627378398552537,
    "cosine_value": 0.04528319835662842,
    "shape": [
      1,
      128,
      512,
      512
    ],
    "method": "Both"
  },
  "decoder.up.0.block.2": {
    "l2_value": 0.001936707878485322,
    "cosine_value": 0.045740723609924316,
    "shape": [
      1,
      128,
      512,
      512
    ],
    "method": "Both"
  },
  "decoder.up.1.block.0": {
    "l2_value": 0.0004160194075666368,
    "cosine_value": 0.02805769443511963,
    "shape": [
      1,
      256,
      256,
      256
    ],
    "method": "Both"
  },
  "decoder.up.1.block.1": {
    "l2_value": 0.00041581408004276454,
    "cosine_value": 0.027375519275665283,
    "shape": [
      1,
      256,
      256,
      256
    ],
    "method": "Both"
  },
  "decoder.up.1.block.2": {
    "l2_value": 0.00037715339567512274,
    "cosine_value": 0.030118167400360107,
    "shape": [
      1,
      256,
      256,
      256
    ],
    "method": "Both"
  },
  "decoder.up.1.upsample": {
    "l2_value": 0.00047505839029327035,
    "cosine_value": 0.02941107749938965,
    "shape": [
      1,
      256,
      512,
      512
    ],
    "method": "Both"
  },
  "decoder.up.2.block.0": {
    "l2_value": 0.0003147341776639223,
    "cosine_value": 0.033654630184173584,
    "shape": [
      1,
      512,
      128,
      128
    ],
    "method": "Both"
  },
  "decoder.up.2.block.1": {
    "l2_value": 0.00032647111220285296,
    "cosine_value": 0.03553646802902222,
    "shape": [
      1,
      512,
      128,
      128
    ],
    "method": "Both"
  },
  "decoder.up.2.block.2": {
    "l2_value": 0.00029116374207660556,
    "cosine_value": 0.04242211580276489,
    "shape": [
      1,
      512,
      128,
      128
    ],
    "method": "Both"
  },
  "decoder.up.2.upsample": {
    "l2_value": 0.00046389890485443175,
    "cosine_value": 0.03769183158874512,
    "shape": [
      1,
      512,
      256,
      256
    ],
    "method": "Both"
  },
  "decoder.up.3.block.0": {
    "l2_value": 0.00018317453213967383,
    "cosine_value": 0.04015070199966431,
    "shape": [
      1,
      512,
      64,
      64
    ],
    "method": "Both"
  },
  "decoder.up.3.block.1": {
    "l2_value": 0.0001907102414406836,
    "cosine_value": 0.04019629955291748,
    "shape": [
      1,
      512,
      64,
      64
    ],
    "method": "Both"
  },
  "decoder.up.3.block.2": {
    "l2_value": 0.00017888841102831066,
    "cosine_value": 0.044877469539642334,
    "shape": [
      1,
      512,
      64,
      64
    ],
    "method": "Both"
  },
  "decoder.up.3.upsample": {
    "l2_value": 0.00031845393823459744,
    "cosine_value": 0.037815749645233154,
    "shape": [
      1,
      512,
      128,
      128
    ],
    "method": "Both"
  },
  "decoder.conv_out": {
    "l2_value": 0.000132559430009375,
    "cosine_value": 0.028334379196166992,
    "shape": [
      1,
      3,
      512,
      512
    ],
    "method": "Both"
  }
}