{
  "decoder.conv_in": {
    "l2_value": 0.0005768568371422589,
    "cosine_value": 0.28398507833480835,
    "shape": [
      1,
      512,
      64,
      64
    ],
    "method": "Both"
  },
  "decoder.mid.block_1": {
    "l2_value": 0.0005618755822069943,
    "cosine_value": 0.26271796226501465,
    "shape": [
      1,
      512,
      64,
      64
    ],
    "method": "Both"
  },
  "decoder.mid.attn_1": {
    "l2_value": 0.0005487663438543677,
    "cosine_value": 0.2460552453994751,
    "shape": [
      1,
      512,
      64,
      64
    ],
    "method": "Both"
  },
  "decoder.mid.block_2": {
    "l2_value": 0.0005616641137748957,
    "cosine_value": 0.23954850435256958,
    "shape": [
      1,
      512,
      64,
      64
    ],
    "method": "Both"
  },
  "decoder.up.0.block.0": {
    "l2_value": 0.0028807204216718674,
    "cosine_value": 0.09588664770126343,
    "shape": [
      1,
      128,
      512,
      512
    ],
    "method": "Both"
  },
  "decoder.up.0.block.1": {
    "l2_value": 0.002982531674206257,
    "cosine_value": 0.08258569240570068,
    "shape": [
      1,
      128,
      512,
      512
    ],
    "method": "Both"
  },
  "decoder.up.0.block.2": {
    "l2_value": 0.003086577169597149,
    "cosine_value": 0.06974631547927856,
    "shape": [
      1,
      128,
      512,
      512
    ],
    "method": "Both"
  },
  "decoder.up.1.block.0": {
    "l2_value": 0.0013981688534840941,
    "cosine_value": 0.19756346940994263,
    "shape": [
      1,
      256,
      256,
      256
    ],
    "method": "Both"
  },
  "decoder.up.1.block.1": {
    "l2_value": 0.0014116264646872878,
    "cosine_value": 0.20374655723571777,
    "shape": [
      1,
      256,
      256,
      256
    ],
    "method": "Both"
  },
  "decoder.up.1.block.2": {
    "l2_value": 0.001351395039819181,
    "cosine_value": 0.22326064109802246,
    "shape": [
      1,
      256,
      256,
      256
    ],
    "method": "Both"
  },
  "decoder.up.1.upsample": {
    "l2_value": 0.001676923711784184,
    "cosine_value": 0.18257898092269897,
    "shape": [
      1,
      256,
      512,
      512
    ],
    "method": "Both"
  },
  "decoder.up.2.block.0": {
    "l2_value": 0.0010283375158905983,
    "cosine_value": 0.21612030267715454,
    "shape": [
      1,
      512,
      128,
      128
    ],
    "method": "Both"
  },
  "decoder.up.2.block.1": {
    "l2_value": 0.0010489544365555048,
    "cosine_value": 0.21360665559768677,
    "shape": [
      1,
      512,
      128,
      128
    ],
    "method": "Both"
  },
  "decoder.up.2.block.2": {
    "l2_value": 0.0009657096234150231,
    "cosine_value": 0.24305003881454468,
    "shape": [
      1,
      512,
      128,
      128
    ],
    "method": "Both"
  },
  "decoder.up.2.upsample": {
    "l2_value": 0.001566283288411796,
    "cosine_value": 0.23007231950759888,
    "shape": [
      1,
      512,
      256,
      256
    ],
    "method": "Both"
  },
  "decoder.up.3.block.0": {
    "l2_value": 0.0005960662383586168,
    "cosine_value": 0.23883801698684692,
    "shape": [
      1,
      512,
      64,
      64
    ],
    "method": "Both"
  },
  "decoder.up.3.block.1": {
    "l2_value": 0.0006141611956991255,
    "cosine_value": 0.24614888429641724,
    "shape": [
      1,
      512,
      64,
      64
    ],
    "method": "Both"
  },
  "decoder.up.3.block.2": {
    "l2_value": 0.0005759302875958383,
    "cosine_value": 0.2613263726234436,
    "shape": [
      1,
      512,
      64,
      64
    ],
    "method": "Both"
  },
  "decoder.up.3.upsample": {
    "l2_value": 0.0010440497426316142,
    "cosine_value": 0.2323307991027832,
    "shape": [
      1,
      512,
      128,
      128
    ],
    "method": "Both"
  },
  "decoder.conv_out": {
    "l2_value": 0.0004481590973834197,
    "cosine_value": 0.24243581295013428,
    "shape": [
      1,
      3,
      512,
      512
    ],
    "method": "Both"
  }
}