{
  "decoder.conv_in": {
    "l2_value": 0.00031132056028582156,
    "cosine_value": 0.3307914137840271,
    "shape": [
      1,
      512,
      64,
      64
    ],
    "method": "Both"
  },
  "decoder.mid.block_1": {
    "l2_value": 0.000355529657099396,
    "cosine_value": 0.21637451648712158,
    "shape": [
      1,
      512,
      64,
      64
    ],
    "method": "Both"
  },
  "decoder.mid.attn_1": {
    "l2_value": 0.0003468013892415911,
    "cosine_value": 0.18725377321243286,
    "shape": [
      1,
      512,
      64,
      64
    ],
    "method": "Both"
  },
  "decoder.mid.block_2": {
    "l2_value": 0.0003579691401682794,
    "cosine_value": 0.18053483963012695,
    "shape": [
      1,
      512,
      64,
      64
    ],
    "method": "Both"
  },
  "decoder.up.0.block.0": {
    "l2_value": 0.0020243115723133087,
    "cosine_value": 0.0969473123550415,
    "shape": [
      1,
      128,
      512,
      512
    ],
    "method": "Both"
  },
  "decoder.up.0.block.1": {
    "l2_value": 0.0021493711974471807,
    "cosine_value": 0.07939231395721436,
    "shape": [
      1,
      128,
      512,
      512
    ],
    "method": "Both"
  },
  "decoder.up.0.block.2": {
    "l2_value": 0.0023203608579933643,
    "cosine_value": 0.06654775142669678,
    "shape": [
      1,
      128,
      512,
      512
    ],
    "method": "Both"
  },
  "decoder.up.1.block.0": {
    "l2_value": 0.0009726682328619063,
    "cosine_value": 0.14839684963226318,
    "shape": [
      1,
      256,
      256,
      256
    ],
    "method": "Both"
  },
  "decoder.up.1.block.1": {
    "l2_value": 0.0009783093119040132,
    "cosine_value": 0.14568102359771729,
    "shape": [
      1,
      256,
      256,
      256
    ],
    "method": "Both"
  },
  "decoder.up.1.block.2": {
    "l2_value": 0.000920675927773118,
    "cosine_value": 0.17155396938323975,
    "shape": [
      1,
      256,
      256,
      256
    ],
    "method": "Both"
  },
  "decoder.up.1.upsample": {
    "l2_value": 0.0010914539452642202,
    "cosine_value": 0.14911222457885742,
    "shape": [
      1,
      256,
      512,
      512
    ],
    "method": "Both"
  },
  "decoder.up.2.block.0": {
    "l2_value": 0.0006792561034671962,
    "cosine_value": 0.15709656476974487,
    "shape": [
      1,
      512,
      128,
      128
    ],
    "method": "Both"
  },
  "decoder.up.2.block.1": {
    "l2_value": 0.0007005525985732675,
    "cosine_value": 0.16393262147903442,
    "shape": [
      1,
      512,
      128,
      128
    ],
    "method": "Both"
  },
  "decoder.up.2.block.2": {
    "l2_value": 0.0006488730432465672,
    "cosine_value": 0.208593487739563,
    "shape": [
      1,
      512,
      128,
      128
    ],
    "method": "Both"
  },
  "decoder.up.2.upsample": {
    "l2_value": 0.001060890732333064,
    "cosine_value": 0.19587701559066772,
    "shape": [
      1,
      512,
      256,
      256
    ],
    "method": "Both"
  },
  "decoder.up.3.block.0": {
    "l2_value": 0.00038858168409205973,
    "cosine_value": 0.18189358711242676,
    "shape": [
      1,
      512,
      64,
      64
    ],
    "method": "Both"
  },
  "decoder.up.3.block.1": {
    "l2_value": 0.0004004619549959898,
    "cosine_value": 0.17933320999145508,
    "shape": [
      1,
      512,
      64,
      64
    ],
    "method": "Both"
  },
  "decoder.up.3.block.2": {
    "l2_value": 0.00038042417145334184,
    "cosine_value": 0.204889178276062,
    "shape": [
      1,
      512,
      64,
      64
    ],
    "method": "Both"
  },
  "decoder.up.3.upsample": {
    "l2_value": 0.000677553762216121,
    "cosine_value": 0.17378157377243042,
    "shape": [
      1,
      512,
      128,
      128
    ],
    "method": "Both"
  },
  "decoder.conv_out": {
    "l2_value": 0.0004494880170871814,
    "cosine_value": 0.25513845682144165,
    "shape": [
      1,
      3,
      512,
      512
    ],
    "method": "Both"
  }
}