{
  "decoder.conv_in": {
    "l2_value": 0.0003296455543022603,
    "cosine_value": 0.2790380120277405,
    "shape": [
      1,
      512,
      64,
      64
    ],
    "method": "Both"
  },
  "decoder.mid.block_1": {
    "l2_value": 0.00035605489392764866,
    "cosine_value": 0.20105022192001343,
    "shape": [
      1,
      512,
      64,
      64
    ],
    "method": "Both"
  },
  "decoder.mid.attn_1": {
    "l2_value": 0.0003545651270542294,
    "cosine_value": 0.17803853750228882,
    "shape": [
      1,
      512,
      64,
      64
    ],
    "method": "Both"
  },
  "decoder.mid.block_2": {
    "l2_value": 0.00036976346746087074,
    "cosine_value": 0.1774289608001709,
    "shape": [
      1,
      512,
      64,
      64
    ],
    "method": "Both"
  },
  "decoder.up.0.block.0": {
    "l2_value": 0.001446232432499528,
    "cosine_value": 0.049712300300598145,
    "shape": [
      1,
      128,
      512,
      512
    ],
    "method": "Both"
  },
  "decoder.up.0.block.1": {
    "l2_value": 0.0014686130452901125,
    "cosine_value": 0.03712648153305054,
    "shape": [
      1,
      128,
      512,
      512
    ],
    "method": "Both"
  },
  "decoder.up.0.block.2": {
    "l2_value": 0.0015043476596474648,
    "cosine_value": 0.027881979942321777,
    "shape": [
      1,
      128,
      512,
      512
    ],
    "method": "Both"
  },
  "decoder.up.1.block.0": {
    "l2_value": 0.0009636157774366438,
    "cosine_value": 0.14532315731048584,
    "shape": [
      1,
      256,
      256,
      256
    ],
    "method": "Both"
  },
  "decoder.up.1.block.1": {
    "l2_value": 0.0009688919526524842,
    "cosine_value": 0.14722734689712524,
    "shape": [
      1,
      256,
      256,
      256
    ],
    "method": "Both"
  },
  "decoder.up.1.block.2": {
    "l2_value": 0.0008763051009736955,
    "cosine_value": 0.1625000238418579,
    "shape": [
      1,
      256,
      256,
      256
    ],
    "method": "Both"
  },
  "decoder.up.1.upsample": {
    "l2_value": 0.0009747471776790917,
    "cosine_value": 0.12282508611679077,
    "shape": [
      1,
      256,
      512,
      512
    ],
    "method": "Both"
  },
  "decoder.up.2.block.0": {
    "l2_value": 0.0007127858116291463,
    "cosine_value": 0.16092240810394287,
    "shape": [
      1,
      512,
      128,
      128
    ],
    "method": "Both"
  },
  "decoder.up.2.block.1": {
    "l2_value": 0.0007444727816618979,
    "cosine_value": 0.17347735166549683,
    "shape": [
      1,
      512,
      128,
      128
    ],
    "method": "Both"
  },
  "decoder.up.2.block.2": {
    "l2_value": 0.0006755674257874489,
    "cosine_value": 0.21384495496749878,
    "shape": [
      1,
      512,
      128,
      128
    ],
    "method": "Both"
  },
  "decoder.up.2.upsample": {
    "l2_value": 0.0010675995144993067,
    "cosine_value": 0.18782734870910645,
    "shape": [
      1,
      512,
      256,
      256
    ],
    "method": "Both"
  },
  "decoder.up.3.block.0": {
    "l2_value": 0.0004166880971752107,
    "cosine_value": 0.19312655925750732,
    "shape": [
      1,
      512,
      64,
      64
    ],
    "method": "Both"
  },
  "decoder.up.3.block.1": {
    "l2_value": 0.00043962313793599606,
    "cosine_value": 0.19887793064117432,
    "shape": [
      1,
      512,
      64,
      64
    ],
    "method": "Both"
  },
  "decoder.up.3.block.2": {
    "l2_value": 0.00041328617953695357,
    "cosine_value": 0.22083783149719238,
    "shape": [
      1,
      512,
      64,
      64
    ],
    "method": "Both"
  },
  "decoder.up.3.upsample": {
    "l2_value": 0.0007185724680311978,
    "cosine_value": 0.1787015199661255,
    "shape": [
      1,
      512,
      128,
      128
    ],
    "method": "Both"
  },
  "decoder.conv_out": {
    "l2_value": 0.0003720293752849102,
    "cosine_value": 0.26677191257476807,
    "shape": [
      1,
      3,
      512,
      512
    ],
    "method": "Both"
  }
}