{
  "decoder.conv_in": {
    "l2_value": 0.0003002447774633765,
    "cosine_value": 0.2596070170402527,
    "shape": [
      1,
      512,
      64,
      64
    ],
    "method": "Both"
  },
  "decoder.mid.block_1": {
    "l2_value": 0.0003453917452134192,
    "cosine_value": 0.19908678531646729,
    "shape": [
      1,
      512,
      64,
      64
    ],
    "method": "Both"
  },
  "decoder.mid.attn_1": {
    "l2_value": 0.00034008134389296174,
    "cosine_value": 0.17383736371994019,
    "shape": [
      1,
      512,
      64,
      64
    ],
    "method": "Both"
  },
  "decoder.mid.block_2": {
    "l2_value": 0.0003590283449739218,
    "cosine_value": 0.1761987805366516,
    "shape": [
      1,
      512,
      64,
      64
    ],
    "method": "Both"
  },
  "decoder.up.0.block.0": {
    "l2_value": 0.002614382654428482,
    "cosine_value": 0.15817546844482422,
    "shape": [
      1,
      128,
      512,
      512
    ],
    "method": "Both"
  },
  "decoder.up.0.block.1": {
    "l2_value": 0.003033809596672654,
    "cosine_value": 0.1544126272201538,
    "shape": [
      1,
      128,
      512,
      512
    ],
    "method": "Both"
  },
  "decoder.up.0.block.2": {
    "l2_value": 0.0035524673294276,
    "cosine_value": 0.15089696645736694,
    "shape": [
      1,
      128,
      512,
      512
    ],
    "method": "Both"
  },
  "decoder.up.1.block.0": {
    "l2_value": 0.0009368004975840449,
    "cosine_value": 0.14053195714950562,
    "shape": [
      1,
      256,
      256,
      256
    ],
    "method": "Both"
  },
  "decoder.up.1.block.1": {
    "l2_value": 0.0009522921754978597,
    "cosine_value": 0.1418880820274353,
    "shape": [
      1,
      256,
      256,
      256
    ],
    "method": "Both"
  },
  "decoder.up.1.block.2": {
    "l2_value": 0.000873537443112582,
    "cosine_value": 0.15870660543441772,
    "shape": [
      1,
      256,
      256,
      256
    ],
    "method": "Both"
  },
  "decoder.up.1.upsample": {
    "l2_value": 0.001045393873937428,
    "cosine_value": 0.13980793952941895,
    "shape": [
      1,
      256,
      512,
      512
    ],
    "method": "Both"
  },
  "decoder.up.2.block.0": {
    "l2_value": 0.0006928215734660625,
    "cosine_value": 0.16069930791854858,
    "shape": [
      1,
      512,
      128,
      128
    ],
    "method": "Both"
  },
  "decoder.up.2.block.1": {
    "l2_value": 0.0007249090704135597,
    "cosine_value": 0.17241936922073364,
    "shape": [
      1,
      512,
      128,
      128
    ],
    "method": "Both"
  },
  "decoder.up.2.block.2": {
    "l2_value": 0.000657687138300389,
    "cosine_value": 0.21230709552764893,
    "shape": [
      1,
      512,
      128,
      128
    ],
    "method": "Both"
  },
  "decoder.up.2.upsample": {
    "l2_value": 0.0010429563699290156,
    "cosine_value": 0.18583905696868896,
    "shape": [
      1,
      512,
      256,
      256
    ],
    "method": "Both"
  },
  "decoder.up.3.block.0": {
    "l2_value": 0.0004058578342664987,
    "cosine_value": 0.1930331587791443,
    "shape": [
      1,
      512,
      64,
      64
    ],
    "method": "Both"
  },
  "decoder.up.3.block.1": {
    "l2_value": 0.00042300610220991075,
    "cosine_value": 0.1949300765991211,
    "shape": [
      1,
      512,
      64,
      64
    ],
    "method": "Both"
  },
  "decoder.up.3.block.2": {
    "l2_value": 0.000395107053918764,
    "cosine_value": 0.21546226739883423,
    "shape": [
      1,
      512,
      64,
      64
    ],
    "method": "Both"
  },
  "decoder.up.3.upsample": {
    "l2_value": 0.0006896278355270624,
    "cosine_value": 0.17550402879714966,
    "shape": [
      1,
      512,
      128,
      128
    ],
    "method": "Both"
  },
  "decoder.conv_out": {
    "l2_value": 0.00034542300272732973,
    "cosine_value": 0.19263887405395508,
    "shape": [
      1,
      3,
      512,
      512
    ],
    "method": "Both"
  }
}