{
  "decoder.conv_in": {
    "l2_value": 0.0005563310696743429,
    "cosine_value": 0.2860395312309265,
    "shape": [
      1,
      512,
      64,
      64
    ],
    "method": "Both"
  },
  "decoder.mid.block_1": {
    "l2_value": 0.0005303199868649244,
    "cosine_value": 0.25103574991226196,
    "shape": [
      1,
      512,
      64,
      64
    ],
    "method": "Both"
  },
  "decoder.mid.attn_1": {
    "l2_value": 0.000528925156686455,
    "cosine_value": 0.23955875635147095,
    "shape": [
      1,
      512,
      64,
      64
    ],
    "method": "Both"
  },
  "decoder.mid.block_2": {
    "l2_value": 0.000548592593986541,
    "cosine_value": 0.23975813388824463,
    "shape": [
      1,
      512,
      64,
      64
    ],
    "method": "Both"
  },
  "decoder.up.0.block.0": {
    "l2_value": 0.0024613486602902412,
    "cosine_value": 0.07553738355636597,
    "shape": [
      1,
      128,
      512,
      512
    ],
    "method": "Both"
  },
  "decoder.up.0.block.1": {
    "l2_value": 0.002625388093292713,
    "cosine_value": 0.06764733791351318,
    "shape": [
      1,
      128,
      512,
      512
    ],
    "method": "Both"
  },
  "decoder.up.0.block.2": {
    "l2_value": 0.0028091473504900932,
    "cosine_value": 0.05998307466506958,
    "shape": [
      1,
      128,
      512,
      512
    ],
    "method": "Both"
  },
  "decoder.up.1.block.0": {
    "l2_value": 0.0012107174843549728,
    "cosine_value": 0.16789984703063965,
    "shape": [
      1,
      256,
      256,
      256
    ],
    "method": "Both"
  },
  "decoder.up.1.block.1": {
    "l2_value": 0.0012446248438209295,
    "cosine_value": 0.18025684356689453,
    "shape": [
      1,
      256,
      256,
      256
    ],
    "method": "Both"
  },
  "decoder.up.1.block.2": {
    "l2_value": 0.0011764243245124817,
    "cosine_value": 0.1953369379043579,
    "shape": [
      1,
      256,
      256,
      256
    ],
    "method": "Both"
  },
  "decoder.up.1.upsample": {
    "l2_value": 0.001432048506103456,
    "cosine_value": 0.1526552438735962,
    "shape": [
      1,
      256,
      512,
      512
    ],
    "method": "Both"
  },
  "decoder.up.2.block.0": {
    "l2_value": 0.0009878299897536635,
    "cosine_value": 0.21404045820236206,
    "shape": [
      1,
      512,
      128,
      128
    ],
    "method": "Both"
  },
  "decoder.up.2.block.1": {
    "l2_value": 0.0010160146048292518,
    "cosine_value": 0.21471822261810303,
    "shape": [
      1,
      512,
      128,
      128
    ],
    "method": "Both"
  },
  "decoder.up.2.block.2": {
    "l2_value": 0.0009124671923927963,
    "cosine_value": 0.23787593841552734,
    "shape": [
      1,
      512,
      128,
      128
    ],
    "method": "Both"
  },
  "decoder.up.2.upsample": {
    "l2_value": 0.001409904332831502,
    "cosine_value": 0.20722424983978271,
    "shape": [
      1,
      512,
      256,
      256
    ],
    "method": "Both"
  },
  "decoder.up.3.block.0": {
    "l2_value": 0.0005978431436233222,
    "cosine_value": 0.2500079870223999,
    "shape": [
      1,
      512,
      64,
      64
    ],
    "method": "Both"
  },
  "decoder.up.3.block.1": {
    "l2_value": 0.0006223650416359305,
    "cosine_value": 0.2632434368133545,
    "shape": [
      1,
      512,
      64,
      64
    ],
    "method": "Both"
  },
  "decoder.up.3.block.2": {
    "l2_value": 0.0005670615355484188,
    "cosine_value": 0.2696171998977661,
    "shape": [
      1,
      512,
      64,
      64
    ],
    "method": "Both"
  },
  "decoder.up.3.upsample": {
    "l2_value": 0.0010056275641545653,
    "cosine_value": 0.2322407364845276,
    "shape": [
      1,
      512,
      128,
      128
    ],
    "method": "Both"
  },
  "decoder.conv_out": {
    "l2_value": 0.000344759823443989,
    "cosine_value": 0.18577700853347778,
    "shape": [
      1,
      3,
      512,
      512
    ],
    "method": "Both"
  }
}