{
  "decoder.conv_in": {
    "l2_value": 0.00025166195700876415,
    "cosine_value": 0.2246493697166443,
    "shape": [
      1,
      512,
      64,
      64
    ],
    "method": "Both"
  },
  "decoder.mid.block_1": {
    "l2_value": 0.0002822359383571893,
    "cosine_value": 0.14167189598083496,
    "shape": [
      1,
      512,
      64,
      64
    ],
    "method": "Both"
  },
  "decoder.mid.attn_1": {
    "l2_value": 0.00028233692864887416,
    "cosine_value": 0.12759464979171753,
    "shape": [
      1,
      512,
      64,
      64
    ],
    "method": "Both"
  },
  "decoder.mid.block_2": {
    "l2_value": 0.0003001755103468895,
    "cosine_value": 0.13009530305862427,
    "shape": [
      1,
      512,
      64,
      64
    ],
    "method": "Both"
  },
  "decoder.up.0.block.0": {
    "l2_value": 0.003143330803140998,
    "cosine_value": 0.23961091041564941,
    "shape": [
      1,
      128,
      512,
      512
    ],
    "method": "Both"
  },
  "decoder.up.0.block.1": {
    "l2_value": 0.0037953155115246773,
    "cosine_value": 0.25226128101348877,
    "shape": [
      1,
      128,
      512,
      512
    ],
    "method": "Both"
  },
  "decoder.up.0.block.2": {
    "l2_value": 0.00457508210092783,
    "cosine_value": 0.2614721655845642,
    "shape": [
      1,
      128,
      512,
      512
    ],
    "method": "Both"
  },
  "decoder.up.1.block.0": {
    "l2_value": 0.0007547980058006942,
    "cosine_value": 0.09277474880218506,
    "shape": [
      1,
      256,
      256,
      256
    ],
    "method": "Both"
  },
  "decoder.up.1.block.1": {
    "l2_value": 0.0007589620072394609,
    "cosine_value": 0.09079033136367798,
    "shape": [
      1,
      256,
      256,
      256
    ],
    "method": "Both"
  },
  "decoder.up.1.block.2": {
    "l2_value": 0.0006855866522528231,
    "cosine_value": 0.09853953123092651,
    "shape": [
      1,
      256,
      256,
      256
    ],
    "method": "Both"
  },
  "decoder.up.1.upsample": {
    "l2_value": 0.0008956051897257566,
    "cosine_value": 0.10443788766860962,
    "shape": [
      1,
      256,
      512,
      512
    ],
    "method": "Both"
  },
  "decoder.up.2.block.0": {
    "l2_value": 0.0005733768921345472,
    "cosine_value": 0.11610722541809082,
    "shape": [
      1,
      512,
      128,
      128
    ],
    "method": "Both"
  },
  "decoder.up.2.block.1": {
    "l2_value": 0.0005991714424453676,
    "cosine_value": 0.12325870990753174,
    "shape": [
      1,
      512,
      128,
      128
    ],
    "method": "Both"
  },
  "decoder.up.2.block.2": {
    "l2_value": 0.0005351994768716395,
    "cosine_value": 0.1458316445350647,
    "shape": [
      1,
      512,
      128,
      128
    ],
    "method": "Both"
  },
  "decoder.up.2.upsample": {
    "l2_value": 0.0008429493173025548,
    "cosine_value": 0.1274930238723755,
    "shape": [
      1,
      512,
      256,
      256
    ],
    "method": "Both"
  },
  "decoder.up.3.block.0": {
    "l2_value": 0.0003384798765182495,
    "cosine_value": 0.13997691869735718,
    "shape": [
      1,
      512,
      64,
      64
    ],
    "method": "Both"
  },
  "decoder.up.3.block.1": {
    "l2_value": 0.0003532611299306154,
    "cosine_value": 0.14116942882537842,
    "shape": [
      1,
      512,
      64,
      64
    ],
    "method": "Both"
  },
  "decoder.up.3.block.2": {
    "l2_value": 0.0003293992194812745,
    "cosine_value": 0.15688198804855347,
    "shape": [
      1,
      512,
      64,
      64
    ],
    "method": "Both"
  },
  "decoder.up.3.upsample": {
    "l2_value": 0.0005776615580543876,
    "cosine_value": 0.13092774152755737,
    "shape": [
      1,
      512,
      128,
      128
    ],
    "method": "Both"
  },
  "decoder.conv_out": {
    "l2_value": 0.00024272879818454385,
    "cosine_value": 0.08107298612594604,
    "shape": [
      1,
      3,
      512,
      512
    ],
    "method": "Both"
  }
}