{
  "decoder.conv_in": {
    "l2_value": 0.00045294867595657706,
    "cosine_value": 0.18997681140899658,
    "shape": [
      1,
      512,
      64,
      64
    ],
    "method": "Both"
  },
  "decoder.mid.block_1": {
    "l2_value": 0.00042633945122361183,
    "cosine_value": 0.16374129056930542,
    "shape": [
      1,
      512,
      64,
      64
    ],
    "method": "Both"
  },
  "decoder.mid.attn_1": {
    "l2_value": 0.00042679914622567594,
    "cosine_value": 0.15858560800552368,
    "shape": [
      1,
      512,
      64,
      64
    ],
    "method": "Both"
  },
  "decoder.mid.block_2": {
    "l2_value": 0.000444114237325266,
    "cosine_value": 0.15861964225769043,
    "shape": [
      1,
      512,
      64,
      64
    ],
    "method": "Both"
  },
  "decoder.up.0.block.0": {
    "l2_value": 0.002345382934436202,
    "cosine_value": 0.06711095571517944,
    "shape": [
      1,
      128,
      512,
      512
    ],
    "method": "Both"
  },
  "decoder.up.0.block.1": {
    "l2_value": 0.00260385824367404,
    "cosine_value": 0.06623649597167969,
    "shape": [
      1,
      128,
      512,
      512
    ],
    "method": "Both"
  },
  "decoder.up.0.block.2": {
    "l2_value": 0.0029213132802397013,
    "cosine_value": 0.06527924537658691,
    "shape": [
      1,
      128,
      512,
      512
    ],
    "method": "Both"
  },
  "decoder.up.1.block.0": {
    "l2_value": 0.0009308651206083596,
    "cosine_value": 0.09447556734085083,
    "shape": [
      1,
      256,
      256,
      256
    ],
    "method": "Both"
  },
  "decoder.up.1.block.1": {
    "l2_value": 0.0009604042279534042,
    "cosine_value": 0.10200107097625732,
    "shape": [
      1,
      256,
      256,
      256
    ],
    "method": "Both"
  },
  "decoder.up.1.block.2": {
    "l2_value": 0.0008954958175309002,
    "cosine_value": 0.10700523853302002,
    "shape": [
      1,
      256,
      256,
      256
    ],
    "method": "Both"
  },
  "decoder.up.1.upsample": {
    "l2_value": 0.0011158339912071824,
    "cosine_value": 0.08780014514923096,
    "shape": [
      1,
      256,
      512,
      512
    ],
    "method": "Both"
  },
  "decoder.up.2.block.0": {
    "l2_value": 0.0008017196087166667,
    "cosine_value": 0.14047610759735107,
    "shape": [
      1,
      512,
      128,
      128
    ],
    "method": "Both"
  },
  "decoder.up.2.block.1": {
    "l2_value": 0.0008281845948658884,
    "cosine_value": 0.14061450958251953,
    "shape": [
      1,
      512,
      128,
      128
    ],
    "method": "Both"
  },
  "decoder.up.2.block.2": {
    "l2_value": 0.0007306471234187484,
    "cosine_value": 0.14784932136535645,
    "shape": [
      1,
      512,
      128,
      128
    ],
    "method": "Both"
  },
  "decoder.up.2.upsample": {
    "l2_value": 0.0011043401900678873,
    "cosine_value": 0.12311863899230957,
    "shape": [
      1,
      512,
      256,
      256
    ],
    "method": "Both"
  },
  "decoder.up.3.block.0": {
    "l2_value": 0.0004902702057734132,
    "cosine_value": 0.16926109790802002,
    "shape": [
      1,
      512,
      64,
      64
    ],
    "method": "Both"
  },
  "decoder.up.3.block.1": {
    "l2_value": 0.0005130373756401241,
    "cosine_value": 0.17929619550704956,
    "shape": [
      1,
      512,
      64,
      64
    ],
    "method": "Both"
  },
  "decoder.up.3.block.2": {
    "l2_value": 0.0004604246059898287,
    "cosine_value": 0.17766231298446655,
    "shape": [
      1,
      512,
      64,
      64
    ],
    "method": "Both"
  },
  "decoder.up.3.upsample": {
    "l2_value": 0.0008175516850315034,
    "cosine_value": 0.15321457386016846,
    "shape": [
      1,
      512,
      128,
      128
    ],
    "method": "Both"
  },
  "decoder.conv_out": {
    "l2_value": 0.0002397234784439206,
    "cosine_value": 0.07584911584854126,
    "shape": [
      1,
      3,
      512,
      512
    ],
    "method": "Both"
  }
}