{
  "decoder.conv_in": {
    "l2_value": 0.00051182258175686,
    "cosine_value": 0.21506458520889282,
    "shape": [
      1,
      512,
      64,
      64
    ],
    "method": "Both"
  },
  "decoder.mid.block_1": {
    "l2_value": 0.0005111666978336871,
    "cosine_value": 0.21598535776138306,
    "shape": [
      1,
      512,
      64,
      64
    ],
    "method": "Both"
  },
  "decoder.mid.attn_1": {
    "l2_value": 0.0005116019165143371,
    "cosine_value": 0.21054500341415405,
    "shape": [
      1,
      512,
      64,
      64
    ],
    "method": "Both"
  },
  "decoder.mid.block_2": {
    "l2_value": 0.0005265021463856101,
    "cosine_value": 0.20702558755874634,
    "shape": [
      1,
      512,
      64,
      64
    ],
    "method": "Both"
  },
  "decoder.up.0.block.0": {
    "l2_value": 0.005062896758317947,
    "cosine_value": 0.327756404876709,
    "shape": [
      1,
      128,
      512,
      512
    ],
    "method": "Both"
  },
  "decoder.up.0.block.1": {
    "l2_value": 0.005789877846837044,
    "cosine_value": 0.3433825969696045,
    "shape": [
      1,
      128,
      512,
      512
    ],
    "method": "Both"
  },
  "decoder.up.0.block.2": {
    "l2_value": 0.006653201300650835,
    "cosine_value": 0.3545795679092407,
    "shape": [
      1,
      128,
      512,
      512
    ],
    "method": "Both"
  },
  "decoder.up.1.block.0": {
    "l2_value": 0.0011886825086548924,
    "cosine_value": 0.14495861530303955,
    "shape": [
      1,
      256,
      256,
      256
    ],
    "method": "Both"
  },
  "decoder.up.1.block.1": {
    "l2_value": 0.0012071564560756087,
    "cosine_value": 0.15199512243270874,
    "shape": [
      1,
      256,
      256,
      256
    ],
    "method": "Both"
  },
  "decoder.up.1.block.2": {
    "l2_value": 0.0011417130008339882,
    "cosine_value": 0.16369980573654175,
    "shape": [
      1,
      256,
      256,
      256
    ],
    "method": "Both"
  },
  "decoder.up.1.upsample": {
    "l2_value": 0.001708327792584896,
    "cosine_value": 0.20274490118026733,
    "shape": [
      1,
      256,
      512,
      512
    ],
    "method": "Both"
  },
  "decoder.up.2.block.0": {
    "l2_value": 0.0009293280309066176,
    "cosine_value": 0.17485809326171875,
    "shape": [
      1,
      512,
      128,
      128
    ],
    "method": "Both"
  },
  "decoder.up.2.block.1": {
    "l2_value": 0.0009544642525725067,
    "cosine_value": 0.17485177516937256,
    "shape": [
      1,
      512,
      128,
      128
    ],
    "method": "Both"
  },
  "decoder.up.2.block.2": {
    "l2_value": 0.0008490165346302092,
    "cosine_value": 0.18655705451965332,
    "shape": [
      1,
      512,
      128,
      128
    ],
    "method": "Both"
  },
  "decoder.up.2.upsample": {
    "l2_value": 0.001337464083917439,
    "cosine_value": 0.16704386472702026,
    "shape": [
      1,
      512,
      256,
      256
    ],
    "method": "Both"
  },
  "decoder.up.3.block.0": {
    "l2_value": 0.0005667085642926395,
    "cosine_value": 0.21165257692337036,
    "shape": [
      1,
      512,
      64,
      64
    ],
    "method": "Both"
  },
  "decoder.up.3.block.1": {
    "l2_value": 0.000578245788346976,
    "cosine_value": 0.21273523569107056,
    "shape": [
      1,
      512,
      64,
      64
    ],
    "method": "Both"
  },
  "decoder.up.3.block.2": {
    "l2_value": 0.0005224795895628631,
    "cosine_value": 0.2110578417778015,
    "shape": [
      1,
      512,
      64,
      64
    ],
    "method": "Both"
  },
  "decoder.up.3.upsample": {
    "l2_value": 0.0009462260059081018,
    "cosine_value": 0.18770867586135864,
    "shape": [
      1,
      512,
      128,
      128
    ],
    "method": "Both"
  },
  "decoder.conv_out": {
    "l2_value": 0.0003368443188567956,
    "cosine_value": 0.13313883543014526,
    "shape": [
      1,
      3,
      512,
      512
    ],
    "method": "Both"
  }
}