{
  "decoder.conv_in": {
    "l2_value": 0.000281853397609666,
    "cosine_value": 0.22655373811721802,
    "shape": [
      1,
      512,
      64,
      64
    ],
    "method": "Both"
  },
  "decoder.mid.block_1": {
    "l2_value": 0.00031733501236885786,
    "cosine_value": 0.16673779487609863,
    "shape": [
      1,
      512,
      64,
      64
    ],
    "method": "Both"
  },
  "decoder.mid.attn_1": {
    "l2_value": 0.000319191807648167,
    "cosine_value": 0.15164393186569214,
    "shape": [
      1,
      512,
      64,
      64
    ],
    "method": "Both"
  },
  "decoder.mid.block_2": {
    "l2_value": 0.0003338560345582664,
    "cosine_value": 0.15061825513839722,
    "shape": [
      1,
      512,
      64,
      64
    ],
    "method": "Both"
  },
  "decoder.up.0.block.0": {
    "l2_value": 0.002887236885726452,
    "cosine_value": 0.20108753442764282,
    "shape": [
      1,
      128,
      512,
      512
    ],
    "method": "Both"
  },
  "decoder.up.0.block.1": {
    "l2_value": 0.003429148346185684,
    "cosine_value": 0.20655441284179688,
    "shape": [
      1,
      128,
      512,
      512
    ],
    "method": "Both"
  },
  "decoder.up.0.block.2": {
    "l2_value": 0.0040888190269470215,
    "cosine_value": 0.21085768938064575,
    "shape": [
      1,
      128,
      512,
      512
    ],
    "method": "Both"
  },
  "decoder.up.1.block.0": {
    "l2_value": 0.000862463261000812,
    "cosine_value": 0.1140146255493164,
    "shape": [
      1,
      256,
      256,
      256
    ],
    "method": "Both"
  },
  "decoder.up.1.block.1": {
    "l2_value": 0.0008582296431995928,
    "cosine_value": 0.11004453897476196,
    "shape": [
      1,
      256,
      256,
      256
    ],
    "method": "Both"
  },
  "decoder.up.1.block.2": {
    "l2_value": 0.0007863823557272553,
    "cosine_value": 0.12199622392654419,
    "shape": [
      1,
      256,
      256,
      256
    ],
    "method": "Both"
  },
  "decoder.up.1.upsample": {
    "l2_value": 0.0009913473622873425,
    "cosine_value": 0.12099027633666992,
    "shape": [
      1,
      256,
      512,
      512
    ],
    "method": "Both"
  },
  "decoder.up.2.block.0": {
    "l2_value": 0.0006367090390995145,
    "cosine_value": 0.13284754753112793,
    "shape": [
      1,
      512,
      128,
      128
    ],
    "method": "Both"
  },
  "decoder.up.2.block.1": {
    "l2_value": 0.0006620182539336383,
    "cosine_value": 0.14070212841033936,
    "shape": [
      1,
      512,
      128,
      128
    ],
    "method": "Both"
  },
  "decoder.up.2.block.2": {
    "l2_value": 0.0005956378299742937,
    "cosine_value": 0.16774791479110718,
    "shape": [
      1,
      512,
      128,
      128
    ],
    "method": "Both"
  },
  "decoder.up.2.upsample": {
    "l2_value": 0.0009615713497623801,
    "cosine_value": 0.15239590406417847,
    "shape": [
      1,
      512,
      256,
      256
    ],
    "method": "Both"
  },
  "decoder.up.3.block.0": {
    "l2_value": 0.0003677641216199845,
    "cosine_value": 0.15672540664672852,
    "shape": [
      1,
      512,
      64,
      64
    ],
    "method": "Both"
  },
  "decoder.up.3.block.1": {
    "l2_value": 0.00038153649074956775,
    "cosine_value": 0.15576434135437012,
    "shape": [
      1,
      512,
      64,
      64
    ],
    "method": "Both"
  },
  "decoder.up.3.block.2": {
    "l2_value": 0.0003571848210413009,
    "cosine_value": 0.17286843061447144,
    "shape": [
      1,
      512,
      64,
      64
    ],
    "method": "Both"
  },
  "decoder.up.3.upsample": {
    "l2_value": 0.0006398425321094692,
    "cosine_value": 0.14781105518341064,
    "shape": [
      1,
      512,
      128,
      128
    ],
    "method": "Both"
  },
  "decoder.conv_out": {
    "l2_value": 0.00033716054167598486,
    "cosine_value": 0.13904809951782227,
    "shape": [
      1,
      3,
      512,
      512
    ],
    "method": "Both"
  }
}