{
  "decoder.conv_in": {
    "l2_value": 0.00012260522635187954,
    "cosine_value": 0.047754645347595215,
    "shape": [
      1,
      512,
      64,
      64
    ],
    "method": "Both"
  },
  "decoder.mid.block_1": {
    "l2_value": 0.00013923195365350693,
    "cosine_value": 0.03197622299194336,
    "shape": [
      1,
      512,
      64,
      64
    ],
    "method": "Both"
  },
  "decoder.mid.attn_1": {
    "l2_value": 0.0001383916096528992,
    "cosine_value": 0.02911686897277832,
    "shape": [
      1,
      512,
      64,
      64
    ],
    "method": "Both"
  },
  "decoder.mid.block_2": {
    "l2_value": 0.00015160729526542127,
    "cosine_value": 0.031429946422576904,
    "shape": [
      1,
      512,
      64,
      64
    ],
    "method": "Both"
  },
  "decoder.up.0.block.0": {
    "l2_value": 0.001119463355280459,
    "cosine_value": 0.029394865036010742,
    "shape": [
      1,
      128,
      512,
      512
    ],
    "method": "Both"
  },
  "decoder.up.0.block.1": {
    "l2_value": 0.0013456811429932714,
    "cosine_value": 0.030833959579467773,
    "shape": [
      1,
      128,
      512,
      512
    ],
    "method": "Both"
  },
  "decoder.up.0.block.2": {
    "l2_value": 0.0016154746990650892,
    "cosine_value": 0.031767189502716064,
    "shape": [
      1,
      128,
      512,
      512
    ],
    "method": "Both"
  },
  "decoder.up.1.block.0": {
    "l2_value": 0.00038238466368056834,
    "cosine_value": 0.023038625717163086,
    "shape": [
      1,
      256,
      256,
      256
    ],
    "method": "Both"
  },
  "decoder.up.1.block.1": {
    "l2_value": 0.00039281233330257237,
    "cosine_value": 0.02362799644470215,
    "shape": [
      1,
      256,
      256,
      256
    ],
    "method": "Both"
  },
  "decoder.up.1.block.2": {
    "l2_value": 0.0003526875807438046,
    "cosine_value": 0.02506202459335327,
    "shape": [
      1,
      256,
      256,
      256
    ],
    "method": "Both"
  },
  "decoder.up.1.upsample": {
    "l2_value": 0.00040382336010225117,
    "cosine_value": 0.02052527666091919,
    "shape": [
      1,
      256,
      512,
      512
    ],
    "method": "Both"
  },
  "decoder.up.2.block.0": {
    "l2_value": 0.0003025646728929132,
    "cosine_value": 0.030787169933319092,
    "shape": [
      1,
      512,
      128,
      128
    ],
    "method": "Both"
  },
  "decoder.up.2.block.1": {
    "l2_value": 0.00032023590756580234,
    "cosine_value": 0.033654987812042236,
    "shape": [
      1,
      512,
      128,
      128
    ],
    "method": "Both"
  },
  "decoder.up.2.block.2": {
    "l2_value": 0.00028707910678349435,
    "cosine_value": 0.039842963218688965,
    "shape": [
      1,
      512,
      128,
      128
    ],
    "method": "Both"
  },
  "decoder.up.2.upsample": {
    "l2_value": 0.00043692378676496446,
    "cosine_value": 0.03266865015029907,
    "shape": [
      1,
      512,
      256,
      256
    ],
    "method": "Both"
  },
  "decoder.up.3.block.0": {
    "l2_value": 0.00018021963478531688,
    "cosine_value": 0.037926554679870605,
    "shape": [
      1,
      512,
      64,
      64
    ],
    "method": "Both"
  },
  "decoder.up.3.block.1": {
    "l2_value": 0.0001909303100546822,
    "cosine_value": 0.03968232870101929,
    "shape": [
      1,
      512,
      64,
      64
    ],
    "method": "Both"
  },
  "decoder.up.3.block.2": {
    "l2_value": 0.0001767661451594904,
    "cosine_value": 0.042743802070617676,
    "shape": [
      1,
      512,
      64,
      64
    ],
    "method": "Both"
  },
  "decoder.up.3.upsample": {
    "l2_value": 0.00030153116676956415,
    "cosine_value": 0.033969104290008545,
    "shape": [
      1,
      512,
      128,
      128
    ],
    "method": "Both"
  },
  "decoder.conv_out": {
    "l2_value": 0.00010644275850305955,
    "cosine_value": 0.014533460140228271,
    "shape": [
      1,
      3,
      512,
      512
    ],
    "method": "Both"
  }
}