{
  "decoder.conv_in": {
    "l2_value": 0.0002377370255999267,
    "cosine_value": 0.05040311813354492,
    "shape": [
      1,
      512,
      64,
      64
    ],
    "method": "Both"
  },
  "decoder.mid.block_1": {
    "l2_value": 0.00022239945246838033,
    "cosine_value": 0.042654991149902344,
    "shape": [
      1,
      512,
      64,
      64
    ],
    "method": "Both"
  },
  "decoder.mid.attn_1": {
    "l2_value": 0.00022200250532478094,
    "cosine_value": 0.04137897491455078,
    "shape": [
      1,
      512,
      64,
      64
    ],
    "method": "Both"
  },
  "decoder.mid.block_2": {
    "l2_value": 0.00023357413010671735,
    "cosine_value": 0.04245120286941528,
    "shape": [
      1,
      512,
      64,
      64
    ],
    "method": "Both"
  },
  "decoder.up.0.block.0": {
    "l2_value": 0.0007230343180708587,
    "cosine_value": 0.0062975287437438965,
    "shape": [
      1,
      128,
      512,
      512
    ],
    "method": "Both"
  },
  "decoder.up.0.block.1": {
    "l2_value": 0.0007579105440527201,
    "cosine_value": 0.005594849586486816,
    "shape": [
      1,
      128,
      512,
      512
    ],
    "method": "Both"
  },
  "decoder.up.0.block.2": {
    "l2_value": 0.0008065266883932054,
    "cosine_value": 0.004975438117980957,
    "shape": [
      1,
      128,
      512,
      512
    ],
    "method": "Both"
  },
  "decoder.up.1.block.0": {
    "l2_value": 0.0004662552091758698,
    "cosine_value": 0.022367656230926514,
    "shape": [
      1,
      256,
      256,
      256
    ],
    "method": "Both"
  },
  "decoder.up.1.block.1": {
    "l2_value": 0.0004919368075206876,
    "cosine_value": 0.025308191776275635,
    "shape": [
      1,
      256,
      256,
      256
    ],
    "method": "Both"
  },
  "decoder.up.1.block.2": {
    "l2_value": 0.00046236327034421265,
    "cosine_value": 0.02665996551513672,
    "shape": [
      1,
      256,
      256,
      256
    ],
    "method": "Both"
  },
  "decoder.up.1.upsample": {
    "l2_value": 0.0005266242660582066,
    "cosine_value": 0.018685996532440186,
    "shape": [
      1,
      256,
      512,
      512
    ],
    "method": "Both"
  },
  "decoder.up.2.block.0": {
    "l2_value": 0.000427457329351455,
    "cosine_value": 0.03839999437332153,
    "shape": [
      1,
      512,
      128,
      128
    ],
    "method": "Both"
  },
  "decoder.up.2.block.1": {
    "l2_value": 0.00044451188296079636,
    "cosine_value": 0.0390315055847168,
    "shape": [
      1,
      512,
      128,
      128
    ],
    "method": "Both"
  },
  "decoder.up.2.block.2": {
    "l2_value": 0.00039300089702010155,
    "cosine_value": 0.04062008857727051,
    "shape": [
      1,
      512,
      128,
      128
    ],
    "method": "Both"
  },
  "decoder.up.2.upsample": {
    "l2_value": 0.0005732420249842107,
    "cosine_value": 0.031190216541290283,
    "shape": [
      1,
      512,
      256,
      256
    ],
    "method": "Both"
  },
  "decoder.up.3.block.0": {
    "l2_value": 0.00026176124811172485,
    "cosine_value": 0.046788156032562256,
    "shape": [
      1,
      512,
      64,
      64
    ],
    "method": "Both"
  },
  "decoder.up.3.block.1": {
    "l2_value": 0.00027851079357787967,
    "cosine_value": 0.05118149518966675,
    "shape": [
      1,
      512,
      64,
      64
    ],
    "method": "Both"
  },
  "decoder.up.3.block.2": {
    "l2_value": 0.000248894706601277,
    "cosine_value": 0.04998654127120972,
    "shape": [
      1,
      512,
      64,
      64
    ],
    "method": "Both"
  },
  "decoder.up.3.upsample": {
    "l2_value": 0.0004319586150813848,
    "cosine_value": 0.04120427370071411,
    "shape": [
      1,
      512,
      128,
      128
    ],
    "method": "Both"
  },
  "decoder.conv_out": {
    "l2_value": 0.00010480521207985778,
    "cosine_value": 0.013738930225372314,
    "shape": [
      1,
      3,
      512,
      512
    ],
    "method": "Both"
  }
}