{
  "decoder.conv_in": {
    "l2_value": 0.00024322788522113115,
    "cosine_value": 0.14269405603408813,
    "shape": [
      1,
      512,
      64,
      64
    ],
    "method": "Both"
  },
  "decoder.mid.block_1": {
    "l2_value": 0.0002972675138153136,
    "cosine_value": 0.12071484327316284,
    "shape": [
      1,
      512,
      64,
      64
    ],
    "method": "Both"
  },
  "decoder.mid.attn_1": {
    "l2_value": 0.0002940176345873624,
    "cosine_value": 0.11165505647659302,
    "shape": [
      1,
      512,
      64,
      64
    ],
    "method": "Both"
  },
  "decoder.mid.block_2": {
    "l2_value": 0.00030892083304934204,
    "cosine_value": 0.11345410346984863,
    "shape": [
      1,
      512,
      64,
      64
    ],
    "method": "Both"
  },
  "decoder.up.0.block.0": {
    "l2_value": 0.00195013964548707,
    "cosine_value": 0.08637237548828125,
    "shape": [
      1,
      128,
      512,
      512
    ],
    "method": "Both"
  },
  "decoder.up.0.block.1": {
    "l2_value": 0.0022825889755040407,
    "cosine_value": 0.08754980564117432,
    "shape": [
      1,
      128,
      512,
      512
    ],
    "method": "Both"
  },
  "decoder.up.0.block.2": {
    "l2_value": 0.0026907881256192923,
    "cosine_value": 0.08894777297973633,
    "shape": [
      1,
      128,
      512,
      512
    ],
    "method": "Both"
  },
  "decoder.up.1.block.0": {
    "l2_value": 0.0007994684856384993,
    "cosine_value": 0.08292490243911743,
    "shape": [
      1,
      256,
      256,
      256
    ],
    "method": "Both"
  },
  "decoder.up.1.block.1": {
    "l2_value": 0.0007921112701296806,
    "cosine_value": 0.08008354902267456,
    "shape": [
      1,
      256,
      256,
      256
    ],
    "method": "Both"
  },
  "decoder.up.1.block.2": {
    "l2_value": 0.0007197224185802042,
    "cosine_value": 0.08455884456634521,
    "shape": [
      1,
      256,
      256,
      256
    ],
    "method": "Both"
  },
  "decoder.up.1.upsample": {
    "l2_value": 0.0008565495372749865,
    "cosine_value": 0.07577306032180786,
    "shape": [
      1,
      256,
      512,
      512
    ],
    "method": "Both"
  },
  "decoder.up.2.block.0": {
    "l2_value": 0.0006151345442049205,
    "cosine_value": 0.108234703540802,
    "shape": [
      1,
      512,
      128,
      128
    ],
    "method": "Both"
  },
  "decoder.up.2.block.1": {
    "l2_value": 0.0006464102771133184,
    "cosine_value": 0.11668086051940918,
    "shape": [
      1,
      512,
      128,
      128
    ],
    "method": "Both"
  },
  "decoder.up.2.block.2": {
    "l2_value": 0.0005772138829343021,
    "cosine_value": 0.13213080167770386,
    "shape": [
      1,
      512,
      128,
      128
    ],
    "method": "Both"
  },
  "decoder.up.2.upsample": {
    "l2_value": 0.0009095250279642642,
    "cosine_value": 0.11484134197235107,
    "shape": [
      1,
      512,
      256,
      256
    ],
    "method": "Both"
  },
  "decoder.up.3.block.0": {
    "l2_value": 0.00034699917887337506,
    "cosine_value": 0.12446862459182739,
    "shape": [
      1,
      512,
      64,
      64
    ],
    "method": "Both"
  },
  "decoder.up.3.block.1": {
    "l2_value": 0.0003657435008790344,
    "cosine_value": 0.12855052947998047,
    "shape": [
      1,
      512,
      64,
      64
    ],
    "method": "Both"
  },
  "decoder.up.3.block.2": {
    "l2_value": 0.00034161104122176766,
    "cosine_value": 0.1362903118133545,
    "shape": [
      1,
      512,
      64,
      64
    ],
    "method": "Both"
  },
  "decoder.up.3.upsample": {
    "l2_value": 0.0006103577325120568,
    "cosine_value": 0.11776727437973022,
    "shape": [
      1,
      512,
      128,
      128
    ],
    "method": "Both"
  },
  "decoder.conv_out": {
    "l2_value": 0.0002528059606750806,
    "cosine_value": 0.05304783582687378,
    "shape": [
      1,
      3,
      512,
      512
    ],
    "method": "Both"
  }
}