{
  "decoder.conv_in": {
    "l2_value": 0.0001518078934168443,
    "cosine_value": 0.07451969385147095,
    "shape": [
      1,
      512,
      64,
      64
    ],
    "method": "Both"
  },
  "decoder.mid.block_1": {
    "l2_value": 0.0001740588340908289,
    "cosine_value": 0.05541712045669556,
    "shape": [
      1,
      512,
      64,
      64
    ],
    "method": "Both"
  },
  "decoder.mid.attn_1": {
    "l2_value": 0.0001773256663000211,
    "cosine_value": 0.050050437450408936,
    "shape": [
      1,
      512,
      64,
      64
    ],
    "method": "Both"
  },
  "decoder.mid.block_2": {
    "l2_value": 0.00018675613682717085,
    "cosine_value": 0.05035930871963501,
    "shape": [
      1,
      512,
      64,
      64
    ],
    "method": "Both"
  },
  "decoder.up.0.block.0": {
    "l2_value": 0.0008036954677663743,
    "cosine_value": 0.015949785709381104,
    "shape": [
      1,
      128,
      512,
      512
    ],
    "method": "Both"
  },
  "decoder.up.0.block.1": {
    "l2_value": 0.0008962113060988486,
    "cosine_value": 0.014302074909210205,
    "shape": [
      1,
      128,
      512,
      512
    ],
    "method": "Both"
  },
  "decoder.up.0.block.2": {
    "l2_value": 0.0010190523462370038,
    "cosine_value": 0.013153910636901855,
    "shape": [
      1,
      128,
      512,
      512
    ],
    "method": "Both"
  },
  "decoder.up.1.block.0": {
    "l2_value": 0.0004729687934741378,
    "cosine_value": 0.03761786222457886,
    "shape": [
      1,
      256,
      256,
      256
    ],
    "method": "Both"
  },
  "decoder.up.1.block.1": {
    "l2_value": 0.0004674584197346121,
    "cosine_value": 0.03595161437988281,
    "shape": [
      1,
      256,
      256,
      256
    ],
    "method": "Both"
  },
  "decoder.up.1.block.2": {
    "l2_value": 0.0004135685449000448,
    "cosine_value": 0.03833085298538208,
    "shape": [
      1,
      256,
      256,
      256
    ],
    "method": "Both"
  },
  "decoder.up.1.upsample": {
    "l2_value": 0.00047170999459922314,
    "cosine_value": 0.030662119388580322,
    "shape": [
      1,
      256,
      512,
      512
    ],
    "method": "Both"
  },
  "decoder.up.2.block.0": {
    "l2_value": 0.0003607301914598793,
    "cosine_value": 0.04572266340255737,
    "shape": [
      1,
      512,
      128,
      128
    ],
    "method": "Both"
  },
  "decoder.up.2.block.1": {
    "l2_value": 0.00038034477620385587,
    "cosine_value": 0.04977482557296753,
    "shape": [
      1,
      512,
      128,
      128
    ],
    "method": "Both"
  },
  "decoder.up.2.block.2": {
    "l2_value": 0.00033863363205455244,
    "cosine_value": 0.0597611665725708,
    "shape": [
      1,
      512,
      128,
      128
    ],
    "method": "Both"
  },
  "decoder.up.2.upsample": {
    "l2_value": 0.0005367550766095519,
    "cosine_value": 0.05253899097442627,
    "shape": [
      1,
      512,
      256,
      256
    ],
    "method": "Both"
  },
  "decoder.up.3.block.0": {
    "l2_value": 0.00020744604989886284,
    "cosine_value": 0.052958011627197266,
    "shape": [
      1,
      512,
      64,
      64
    ],
    "method": "Both"
  },
  "decoder.up.3.block.1": {
    "l2_value": 0.0002174646215280518,
    "cosine_value": 0.05383211374282837,
    "shape": [
      1,
      512,
      64,
      64
    ],
    "method": "Both"
  },
  "decoder.up.3.block.2": {
    "l2_value": 0.00020254838455002755,
    "cosine_value": 0.06020539999008179,
    "shape": [
      1,
      512,
      64,
      64
    ],
    "method": "Both"
  },
  "decoder.up.3.upsample": {
    "l2_value": 0.0003608697443269193,
    "cosine_value": 0.05032461881637573,
    "shape": [
      1,
      512,
      128,
      128
    ],
    "method": "Both"
  },
  "decoder.conv_out": {
    "l2_value": 0.00013080988234529892,
    "cosine_value": 0.03348815441131592,
    "shape": [
      1,
      3,
      512,
      512
    ],
    "method": "Both"
  }
}