{
  "decoder.conv_in": {
    "l2_value": 0.00023006071569398046,
    "cosine_value": 0.15694892406463623,
    "shape": [
      1,
      512,
      64,
      64
    ],
    "method": "Both"
  },
  "decoder.mid.block_1": {
    "l2_value": 0.00025858511799015105,
    "cosine_value": 0.1156511902809143,
    "shape": [
      1,
      512,
      64,
      64
    ],
    "method": "Both"
  },
  "decoder.mid.attn_1": {
    "l2_value": 0.0002567525953054428,
    "cosine_value": 0.10144072771072388,
    "shape": [
      1,
      512,
      64,
      64
    ],
    "method": "Both"
  },
  "decoder.mid.block_2": {
    "l2_value": 0.0002769341226667166,
    "cosine_value": 0.10573160648345947,
    "shape": [
      1,
      512,
      64,
      64
    ],
    "method": "Both"
  },
  "decoder.up.0.block.0": {
    "l2_value": 0.0009830944472923875,
    "cosine_value": 0.02306187152862549,
    "shape": [
      1,
      128,
      512,
      512
    ],
    "method": "Both"
  },
  "decoder.up.0.block.1": {
    "l2_value": 0.0010554019827395678,
    "cosine_value": 0.019305884838104248,
    "shape": [
      1,
      128,
      512,
      512
    ],
    "method": "Both"
  },
  "decoder.up.0.block.2": {
    "l2_value": 0.0011526898015290499,
    "cosine_value": 0.016435742378234863,
    "shape": [
      1,
      128,
      512,
      512
    ],
    "method": "Both"
  },
  "decoder.up.1.block.0": {
    "l2_value": 0.0006924184272065759,
    "cosine_value": 0.07480043172836304,
    "shape": [
      1,
      256,
      256,
      256
    ],
    "method": "Both"
  },
  "decoder.up.1.block.1": {
    "l2_value": 0.0007028242689557374,
    "cosine_value": 0.07498937845230103,
    "shape": [
      1,
      256,
      256,
      256
    ],
    "method": "Both"
  },
  "decoder.up.1.block.2": {
    "l2_value": 0.00062223692657426,
    "cosine_value": 0.07783108949661255,
    "shape": [
      1,
      256,
      256,
      256
    ],
    "method": "Both"
  },
  "decoder.up.1.upsample": {
    "l2_value": 0.000658798438962549,
    "cosine_value": 0.05415397882461548,
    "shape": [
      1,
      256,
      512,
      512
    ],
    "method": "Both"
  },
  "decoder.up.2.block.0": {
    "l2_value": 0.0005425179842859507,
    "cosine_value": 0.1002880334854126,
    "shape": [
      1,
      512,
      128,
      128
    ],
    "method": "Both"
  },
  "decoder.up.2.block.1": {
    "l2_value": 0.0005703549250029027,
    "cosine_value": 0.10793447494506836,
    "shape": [
      1,
      512,
      128,
      128
    ],
    "method": "Both"
  },
  "decoder.up.2.block.2": {
    "l2_value": 0.0005108396289870143,
    "cosine_value": 0.12747353315353394,
    "shape": [
      1,
      512,
      128,
      128
    ],
    "method": "Both"
  },
  "decoder.up.2.upsample": {
    "l2_value": 0.0007941630901768804,
    "cosine_value": 0.10622960329055786,
    "shape": [
      1,
      512,
      256,
      256
    ],
    "method": "Both"
  },
  "decoder.up.3.block.0": {
    "l2_value": 0.00032123640994541347,
    "cosine_value": 0.12158632278442383,
    "shape": [
      1,
      512,
      64,
      64
    ],
    "method": "Both"
  },
  "decoder.up.3.block.1": {
    "l2_value": 0.00033761351369321346,
    "cosine_value": 0.12519973516464233,
    "shape": [
      1,
      512,
      64,
      64
    ],
    "method": "Both"
  },
  "decoder.up.3.block.2": {
    "l2_value": 0.0003128079988528043,
    "cosine_value": 0.1362953782081604,
    "shape": [
      1,
      512,
      64,
      64
    ],
    "method": "Both"
  },
  "decoder.up.3.upsample": {
    "l2_value": 0.0005406835698522627,
    "cosine_value": 0.11024677753448486,
    "shape": [
      1,
      512,
      128,
      128
    ],
    "method": "Both"
  },
  "decoder.conv_out": {
    "l2_value": 0.00019407489647467932,
    "cosine_value": 0.05263334512710571,
    "shape": [
      1,
      3,
      512,
      512
    ],
    "method": "Both"
  }
}