{
  "decoder.conv_in": {
    "l2_value": 0.00043436302803456783,
    "cosine_value": 0.16827809810638428,
    "shape": [
      1,
      512,
      64,
      64
    ],
    "method": "Both"
  },
  "decoder.mid.block_1": {
    "l2_value": 0.0004065046668983996,
    "cosine_value": 0.14481031894683838,
    "shape": [
      1,
      512,
      64,
      64
    ],
    "method": "Both"
  },
  "decoder.mid.attn_1": {
    "l2_value": 0.00040365385939367115,
    "cosine_value": 0.13888943195343018,
    "shape": [
      1,
      512,
      64,
      64
    ],
    "method": "Both"
  },
  "decoder.mid.block_2": {
    "l2_value": 0.0004223095893394202,
    "cosine_value": 0.14058363437652588,
    "shape": [
      1,
      512,
      64,
      64
    ],
    "method": "Both"
  },
  "decoder.up.0.block.0": {
    "l2_value": 0.0013204124988988042,
    "cosine_value": 0.021500349044799805,
    "shape": [
      1,
      128,
      512,
      512
    ],
    "method": "Both"
  },
  "decoder.up.0.block.1": {
    "l2_value": 0.0013812510296702385,
    "cosine_value": 0.018824279308319092,
    "shape": [
      1,
      128,
      512,
      512
    ],
    "method": "Both"
  },
  "decoder.up.0.block.2": {
    "l2_value": 0.0014417044585570693,
    "cosine_value": 0.016025245189666748,
    "shape": [
      1,
      128,
      512,
      512
    ],
    "method": "Both"
  },
  "decoder.up.1.block.0": {
    "l2_value": 0.0008642657194286585,
    "cosine_value": 0.08141493797302246,
    "shape": [
      1,
      256,
      256,
      256
    ],
    "method": "Both"
  },
  "decoder.up.1.block.1": {
    "l2_value": 0.0008986913016997278,
    "cosine_value": 0.08956408500671387,
    "shape": [
      1,
      256,
      256,
      256
    ],
    "method": "Both"
  },
  "decoder.up.1.block.2": {
    "l2_value": 0.0008332448196597397,
    "cosine_value": 0.09318912029266357,
    "shape": [
      1,
      256,
      256,
      256
    ],
    "method": "Both"
  },
  "decoder.up.1.upsample": {
    "l2_value": 0.0009623499936424196,
    "cosine_value": 0.06599158048629761,
    "shape": [
      1,
      256,
      512,
      512
    ],
    "method": "Both"
  },
  "decoder.up.2.block.0": {
    "l2_value": 0.0007629826432093978,
    "cosine_value": 0.12433147430419922,
    "shape": [
      1,
      512,
      128,
      128
    ],
    "method": "Both"
  },
  "decoder.up.2.block.1": {
    "l2_value": 0.0007877448806539178,
    "cosine_value": 0.12539172172546387,
    "shape": [
      1,
      512,
      128,
      128
    ],
    "method": "Both"
  },
  "decoder.up.2.block.2": {
    "l2_value": 0.0006937046418897808,
    "cosine_value": 0.13281410932540894,
    "shape": [
      1,
      512,
      128,
      128
    ],
    "method": "Both"
  },
  "decoder.up.2.upsample": {
    "l2_value": 0.001042605726979673,
    "cosine_value": 0.10869532823562622,
    "shape": [
      1,
      512,
      256,
      256
    ],
    "method": "Both"
  },
  "decoder.up.3.block.0": {
    "l2_value": 0.00046983087668195367,
    "cosine_value": 0.15286779403686523,
    "shape": [
      1,
      512,
      64,
      64
    ],
    "method": "Both"
  },
  "decoder.up.3.block.1": {
    "l2_value": 0.0004927954287268221,
    "cosine_value": 0.1630842089653015,
    "shape": [
      1,
      512,
      64,
      64
    ],
    "method": "Both"
  },
  "decoder.up.3.block.2": {
    "l2_value": 0.00044191256165504456,
    "cosine_value": 0.1600186824798584,
    "shape": [
      1,
      512,
      64,
      64
    ],
    "method": "Both"
  },
  "decoder.up.3.upsample": {
    "l2_value": 0.0007813890697434545,
    "cosine_value": 0.1367272138595581,
    "shape": [
      1,
      512,
      128,
      128
    ],
    "method": "Both"
  },
  "decoder.conv_out": {
    "l2_value": 0.00018994576142479977,
    "cosine_value": 0.048672616481781006,
    "shape": [
      1,
      3,
      512,
      512
    ],
    "method": "Both"
  }
}