{
  "decoder.conv_in": {
    "l2_value": 0.0006233422318473458,
    "cosine_value": 0.3573530316352844,
    "shape": [
      1,
      512,
      64,
      64
    ],
    "method": "Both"
  },
  "decoder.mid.block_1": {
    "l2_value": 0.0005854347255080938,
    "cosine_value": 0.30791670083999634,
    "shape": [
      1,
      512,
      64,
      64
    ],
    "method": "Both"
  },
  "decoder.mid.attn_1": {
    "l2_value": 0.0005779315251857042,
    "cosine_value": 0.2901993989944458,
    "shape": [
      1,
      512,
      64,
      64
    ],
    "method": "Both"
  },
  "decoder.mid.block_2": {
    "l2_value": 0.0005986410542391241,
    "cosine_value": 0.29101669788360596,
    "shape": [
      1,
      512,
      64,
      64
    ],
    "method": "Both"
  },
  "decoder.up.0.block.0": {
    "l2_value": 0.0024708393029868603,
    "cosine_value": 0.07510256767272949,
    "shape": [
      1,
      128,
      512,
      512
    ],
    "method": "Both"
  },
  "decoder.up.0.block.1": {
    "l2_value": 0.002560611814260483,
    "cosine_value": 0.063548743724823,
    "shape": [
      1,
      128,
      512,
      512
    ],
    "method": "Both"
  },
  "decoder.up.0.block.2": {
    "l2_value": 0.002676219679415226,
    "cosine_value": 0.053865671157836914,
    "shape": [
      1,
      128,
      512,
      512
    ],
    "method": "Both"
  },
  "decoder.up.1.block.0": {
    "l2_value": 0.0013378576841205359,
    "cosine_value": 0.2055068016052246,
    "shape": [
      1,
      256,
      256,
      256
    ],
    "method": "Both"
  },
  "decoder.up.1.block.1": {
    "l2_value": 0.0013739110436290503,
    "cosine_value": 0.22049480676651,
    "shape": [
      1,
      256,
      256,
      256
    ],
    "method": "Both"
  },
  "decoder.up.1.block.2": {
    "l2_value": 0.0012971179094165564,
    "cosine_value": 0.2394576072692871,
    "shape": [
      1,
      256,
      256,
      256
    ],
    "method": "Both"
  },
  "decoder.up.1.upsample": {
    "l2_value": 0.0015500230947509408,
    "cosine_value": 0.17954939603805542,
    "shape": [
      1,
      256,
      512,
      512
    ],
    "method": "Both"
  },
  "decoder.up.2.block.0": {
    "l2_value": 0.001090984558686614,
    "cosine_value": 0.2610290050506592,
    "shape": [
      1,
      512,
      128,
      128
    ],
    "method": "Both"
  },
  "decoder.up.2.block.1": {
    "l2_value": 0.0011226515052840114,
    "cosine_value": 0.2624589800834656,
    "shape": [
      1,
      512,
      128,
      128
    ],
    "method": "Both"
  },
  "decoder.up.2.block.2": {
    "l2_value": 0.0010081724030897021,
    "cosine_value": 0.293681263923645,
    "shape": [
      1,
      512,
      128,
      128
    ],
    "method": "Both"
  },
  "decoder.up.2.upsample": {
    "l2_value": 0.00156314205378294,
    "cosine_value": 0.2575225830078125,
    "shape": [
      1,
      512,
      256,
      256
    ],
    "method": "Both"
  },
  "decoder.up.3.block.0": {
    "l2_value": 0.0006559230969287455,
    "cosine_value": 0.30589258670806885,
    "shape": [
      1,
      512,
      64,
      64
    ],
    "method": "Both"
  },
  "decoder.up.3.block.1": {
    "l2_value": 0.0006856669206172228,
    "cosine_value": 0.32363754510879517,
    "shape": [
      1,
      512,
      64,
      64
    ],
    "method": "Both"
  },
  "decoder.up.3.block.2": {
    "l2_value": 0.0006245789118111134,
    "cosine_value": 0.3311283588409424,
    "shape": [
      1,
      512,
      64,
      64
    ],
    "method": "Both"
  },
  "decoder.up.3.upsample": {
    "l2_value": 0.001114151906222105,
    "cosine_value": 0.2839544415473938,
    "shape": [
      1,
      512,
      128,
      128
    ],
    "method": "Both"
  },
  "decoder.conv_out": {
    "l2_value": 0.0004142291533450286,
    "cosine_value": 0.2500668168067932,
    "shape": [
      1,
      3,
      512,
      512
    ],
    "method": "Both"
  }
}