{
  "decoder.conv_in": {
    "l2_value": 0.00034391399822197855,
    "cosine_value": 0.3446568250656128,
    "shape": [
      1,
      512,
      64,
      64
    ],
    "method": "Both"
  },
  "decoder.mid.block_1": {
    "l2_value": 0.0003836107498500496,
    "cosine_value": 0.2496432065963745,
    "shape": [
      1,
      512,
      64,
      64
    ],
    "method": "Both"
  },
  "decoder.mid.attn_1": {
    "l2_value": 0.0003789003530982882,
    "cosine_value": 0.21822351217269897,
    "shape": [
      1,
      512,
      64,
      64
    ],
    "method": "Both"
  },
  "decoder.mid.block_2": {
    "l2_value": 0.00039651012048125267,
    "cosine_value": 0.21874374151229858,
    "shape": [
      1,
      512,
      64,
      64
    ],
    "method": "Both"
  },
  "decoder.up.0.block.0": {
    "l2_value": 0.0017025211127474904,
    "cosine_value": 0.06778204441070557,
    "shape": [
      1,
      128,
      512,
      512
    ],
    "method": "Both"
  },
  "decoder.up.0.block.1": {
    "l2_value": 0.0017627275083214045,
    "cosine_value": 0.052555739879608154,
    "shape": [
      1,
      128,
      512,
      512
    ],
    "method": "Both"
  },
  "decoder.up.0.block.2": {
    "l2_value": 0.0018460587598383427,
    "cosine_value": 0.04109305143356323,
    "shape": [
      1,
      128,
      512,
      512
    ],
    "method": "Both"
  },
  "decoder.up.1.block.0": {
    "l2_value": 0.0010491840075701475,
    "cosine_value": 0.17725706100463867,
    "shape": [
      1,
      256,
      256,
      256
    ],
    "method": "Both"
  },
  "decoder.up.1.block.1": {
    "l2_value": 0.0010640743421390653,
    "cosine_value": 0.17817240953445435,
    "shape": [
      1,
      256,
      256,
      256
    ],
    "method": "Both"
  },
  "decoder.up.1.block.2": {
    "l2_value": 0.0009668560815043747,
    "cosine_value": 0.19556891918182373,
    "shape": [
      1,
      256,
      256,
      256
    ],
    "method": "Both"
  },
  "decoder.up.1.upsample": {
    "l2_value": 0.0010831629624590278,
    "cosine_value": 0.15099823474884033,
    "shape": [
      1,
      256,
      512,
      512
    ],
    "method": "Both"
  },
  "decoder.up.2.block.0": {
    "l2_value": 0.0007733172969892621,
    "cosine_value": 0.2030932903289795,
    "shape": [
      1,
      512,
      128,
      128
    ],
    "method": "Both"
  },
  "decoder.up.2.block.1": {
    "l2_value": 0.0008090163464657962,
    "cosine_value": 0.2176019549369812,
    "shape": [
      1,
      512,
      128,
      128
    ],
    "method": "Both"
  },
  "decoder.up.2.block.2": {
    "l2_value": 0.0007337731658481061,
    "cosine_value": 0.2694777846336365,
    "shape": [
      1,
      512,
      128,
      128
    ],
    "method": "Both"
  },
  "decoder.up.2.upsample": {
    "l2_value": 0.0011673872359097004,
    "cosine_value": 0.23705381155014038,
    "shape": [
      1,
      512,
      256,
      256
    ],
    "method": "Both"
  },
  "decoder.up.3.block.0": {
    "l2_value": 0.0004481456708163023,
    "cosine_value": 0.23885023593902588,
    "shape": [
      1,
      512,
      64,
      64
    ],
    "method": "Both"
  },
  "decoder.up.3.block.1": {
    "l2_value": 0.0004702753503806889,
    "cosine_value": 0.2442731261253357,
    "shape": [
      1,
      512,
      64,
      64
    ],
    "method": "Both"
  },
  "decoder.up.3.block.2": {
    "l2_value": 0.00044008283293806016,
    "cosine_value": 0.27237504720687866,
    "shape": [
      1,
      512,
      64,
      64
    ],
    "method": "Both"
  },
  "decoder.up.3.upsample": {
    "l2_value": 0.0007713388768024743,
    "cosine_value": 0.22221583127975464,
    "shape": [
      1,
      512,
      128,
      128
    ],
    "method": "Both"
  },
  "decoder.conv_out": {
    "l2_value": 0.00041535574321945507,
    "cosine_value": 0.2626190781593323,
    "shape": [
      1,
      3,
      512,
      512
    ],
    "method": "Both"
  }
}