{
  "decoder.conv_in": {
    "l2_value": 0.000442420452600345,
    "cosine_value": 0.5491001904010773,
    "shape": [
      1,
      512,
      64,
      64
    ],
    "method": "Both"
  },
  "decoder.mid.block_1": {
    "l2_value": 0.0005013124900870025,
    "cosine_value": 0.39410072565078735,
    "shape": [
      1,
      512,
      64,
      64
    ],
    "method": "Both"
  },
  "decoder.mid.attn_1": {
    "l2_value": 0.00048617139691486955,
    "cosine_value": 0.3463040590286255,
    "shape": [
      1,
      512,
      64,
      64
    ],
    "method": "Both"
  },
  "decoder.mid.block_2": {
    "l2_value": 0.0005067738820798695,
    "cosine_value": 0.3377084732055664,
    "shape": [
      1,
      512,
      64,
      64
    ],
    "method": "Both"
  },
  "decoder.up.0.block.0": {
    "l2_value": 0.002967833075672388,
    "cosine_value": 0.20356816053390503,
    "shape": [
      1,
      128,
      512,
      512
    ],
    "method": "Both"
  },
  "decoder.up.0.block.1": {
    "l2_value": 0.0031472472473978996,
    "cosine_value": 0.16741758584976196,
    "shape": [
      1,
      128,
      512,
      512
    ],
    "method": "Both"
  },
  "decoder.up.0.block.2": {
    "l2_value": 0.003394264727830887,
    "cosine_value": 0.14081424474716187,
    "shape": [
      1,
      128,
      512,
      512
    ],
    "method": "Both"
  },
  "decoder.up.1.block.0": {
    "l2_value": 0.0013798291329294443,
    "cosine_value": 0.27243512868881226,
    "shape": [
      1,
      256,
      256,
      256
    ],
    "method": "Both"
  },
  "decoder.up.1.block.1": {
    "l2_value": 0.001393271959386766,
    "cosine_value": 0.2677062749862671,
    "shape": [
      1,
      256,
      256,
      256
    ],
    "method": "Both"
  },
  "decoder.up.1.block.2": {
    "l2_value": 0.0013169234152883291,
    "cosine_value": 0.3080896735191345,
    "shape": [
      1,
      256,
      256,
      256
    ],
    "method": "Both"
  },
  "decoder.up.1.upsample": {
    "l2_value": 0.001582597498781979,
    "cosine_value": 0.27912503480911255,
    "shape": [
      1,
      256,
      512,
      512
    ],
    "method": "Both"
  },
  "decoder.up.2.block.0": {
    "l2_value": 0.0009457702399231493,
    "cosine_value": 0.29140597581863403,
    "shape": [
      1,
      512,
      128,
      128
    ],
    "method": "Both"
  },
  "decoder.up.2.block.1": {
    "l2_value": 0.0009725085692480206,
    "cosine_value": 0.29803144931793213,
    "shape": [
      1,
      512,
      128,
      128
    ],
    "method": "Both"
  },
  "decoder.up.2.block.2": {
    "l2_value": 0.0009083508048206568,
    "cosine_value": 0.3695486783981323,
    "shape": [
      1,
      512,
      128,
      128
    ],
    "method": "Both"
  },
  "decoder.up.2.upsample": {
    "l2_value": 0.0015005730092525482,
    "cosine_value": 0.3498550057411194,
    "shape": [
      1,
      512,
      256,
      256
    ],
    "method": "Both"
  },
  "decoder.up.3.block.0": {
    "l2_value": 0.000547534495126456,
    "cosine_value": 0.3372015953063965,
    "shape": [
      1,
      512,
      64,
      64
    ],
    "method": "Both"
  },
  "decoder.up.3.block.1": {
    "l2_value": 0.0005613707471638918,
    "cosine_value": 0.33191192150115967,
    "shape": [
      1,
      512,
      64,
      64
    ],
    "method": "Both"
  },
  "decoder.up.3.block.2": {
    "l2_value": 0.0005338357295840979,
    "cosine_value": 0.3725370764732361,
    "shape": [
      1,
      512,
      64,
      64
    ],
    "method": "Both"
  },
  "decoder.up.3.upsample": {
    "l2_value": 0.0009410432539880276,
    "cosine_value": 0.3208114504814148,
    "shape": [
      1,
      512,
      128,
      128
    ],
    "method": "Both"
  },
  "decoder.conv_out": {
    "l2_value": 0.0006490621405343214,
    "cosine_value": 0.41362977027893066,
    "shape": [
      1,
      3,
      512,
      512
    ],
    "method": "Both"
  }
}