{
  "decoder.conv_in": {
    "l2_value": 0.0008111476199701428,
    "cosine_value": 0.48226624727249146,
    "shape": [
      1,
      512,
      64,
      64
    ],
    "method": "Both"
  },
  "decoder.mid.block_1": {
    "l2_value": 0.000786445802077651,
    "cosine_value": 0.4570341110229492,
    "shape": [
      1,
      512,
      64,
      64
    ],
    "method": "Both"
  },
  "decoder.mid.attn_1": {
    "l2_value": 0.0007667825557291508,
    "cosine_value": 0.4343189597129822,
    "shape": [
      1,
      512,
      64,
      64
    ],
    "method": "Both"
  },
  "decoder.mid.block_2": {
    "l2_value": 0.0007819434977136552,
    "cosine_value": 0.4200811982154846,
    "shape": [
      1,
      512,
      64,
      64
    ],
    "method": "Both"
  },
  "decoder.up.0.block.0": {
    "l2_value": 0.004260774701833725,
    "cosine_value": 0.20638859272003174,
    "shape": [
      1,
      128,
      512,
      512
    ],
    "method": "Both"
  },
  "decoder.up.0.block.1": {
    "l2_value": 0.004389201756566763,
    "cosine_value": 0.17754769325256348,
    "shape": [
      1,
      128,
      512,
      512
    ],
    "method": "Both"
  },
  "decoder.up.0.block.2": {
    "l2_value": 0.0045448592863976955,
    "cosine_value": 0.15062469244003296,
    "shape": [
      1,
      128,
      512,
      512
    ],
    "method": "Both"
  },
  "decoder.up.1.block.0": {
    "l2_value": 0.001983697758987546,
    "cosine_value": 0.33894872665405273,
    "shape": [
      1,
      256,
      256,
      256
    ],
    "method": "Both"
  },
  "decoder.up.1.block.1": {
    "l2_value": 0.0020067510195076466,
    "cosine_value": 0.34966009855270386,
    "shape": [
      1,
      256,
      256,
      256
    ],
    "method": "Both"
  },
  "decoder.up.1.block.2": {
    "l2_value": 0.0019288271432742476,
    "cosine_value": 0.3780941963195801,
    "shape": [
      1,
      256,
      256,
      256
    ],
    "method": "Both"
  },
  "decoder.up.1.upsample": {
    "l2_value": 0.0024331826716661453,
    "cosine_value": 0.33323508501052856,
    "shape": [
      1,
      256,
      512,
      512
    ],
    "method": "Both"
  },
  "decoder.up.2.block.0": {
    "l2_value": 0.0014200909063220024,
    "cosine_value": 0.3745384216308594,
    "shape": [
      1,
      512,
      128,
      128
    ],
    "method": "Both"
  },
  "decoder.up.2.block.1": {
    "l2_value": 0.0014424585970118642,
    "cosine_value": 0.3650839328765869,
    "shape": [
      1,
      512,
      128,
      128
    ],
    "method": "Both"
  },
  "decoder.up.2.block.2": {
    "l2_value": 0.0013398760929703712,
    "cosine_value": 0.40379202365875244,
    "shape": [
      1,
      512,
      128,
      128
    ],
    "method": "Both"
  },
  "decoder.up.2.upsample": {
    "l2_value": 0.002195170847699046,
    "cosine_value": 0.38634932041168213,
    "shape": [
      1,
      512,
      256,
      256
    ],
    "method": "Both"
  },
  "decoder.up.3.block.0": {
    "l2_value": 0.0008227123180404305,
    "cosine_value": 0.41389787197113037,
    "shape": [
      1,
      512,
      64,
      64
    ],
    "method": "Both"
  },
  "decoder.up.3.block.1": {
    "l2_value": 0.0008459906093776226,
    "cosine_value": 0.422137975692749,
    "shape": [
      1,
      512,
      64,
      64
    ],
    "method": "Both"
  },
  "decoder.up.3.block.2": {
    "l2_value": 0.0007908190018497407,
    "cosine_value": 0.4395257830619812,
    "shape": [
      1,
      512,
      64,
      64
    ],
    "method": "Both"
  },
  "decoder.up.3.upsample": {
    "l2_value": 0.0014420370571315289,
    "cosine_value": 0.40191423892974854,
    "shape": [
      1,
      512,
      128,
      128
    ],
    "method": "Both"
  },
  "decoder.conv_out": {
    "l2_value": 0.0006452097247044245,
    "cosine_value": 0.39267808198928833,
    "shape": [
      1,
      3,
      512,
      512
    ],
    "method": "Both"
  }
}