{
  "decoder.conv_in": {
    "l2_value": 0.0002474782813806087,
    "cosine_value": 0.19999778270721436,
    "shape": [
      1,
      512,
      64,
      64
    ],
    "method": "Both"
  },
  "decoder.mid.block_1": {
    "l2_value": 0.000296348036499694,
    "cosine_value": 0.1360611915588379,
    "shape": [
      1,
      512,
      64,
      64
    ],
    "method": "Both"
  },
  "decoder.mid.attn_1": {
    "l2_value": 0.00029098859522491693,
    "cosine_value": 0.12160974740982056,
    "shape": [
      1,
      512,
      64,
      64
    ],
    "method": "Both"
  },
  "decoder.mid.block_2": {
    "l2_value": 0.000308331596897915,
    "cosine_value": 0.1252349615097046,
    "shape": [
      1,
      512,
      64,
      64
    ],
    "method": "Both"
  },
  "decoder.up.0.block.0": {
    "l2_value": 0.004288600757718086,
    "cosine_value": 0.4327196478843689,
    "shape": [
      1,
      128,
      512,
      512
    ],
    "method": "Both"
  },
  "decoder.up.0.block.1": {
    "l2_value": 0.0052970959804952145,
    "cosine_value": 0.4798128604888916,
    "shape": [
      1,
      128,
      512,
      512
    ],
    "method": "Both"
  },
  "decoder.up.0.block.2": {
    "l2_value": 0.0064425719901919365,
    "cosine_value": 0.5134374797344208,
    "shape": [
      1,
      128,
      512,
      512
    ],
    "method": "Both"
  },
  "decoder.up.1.block.0": {
    "l2_value": 0.0007809522212482989,
    "cosine_value": 0.08696109056472778,
    "shape": [
      1,
      256,
      256,
      256
    ],
    "method": "Both"
  },
  "decoder.up.1.block.1": {
    "l2_value": 0.0007917025359347463,
    "cosine_value": 0.08712774515151978,
    "shape": [
      1,
      256,
      256,
      256
    ],
    "method": "Both"
  },
  "decoder.up.1.block.2": {
    "l2_value": 0.0007431661942973733,
    "cosine_value": 0.10016739368438721,
    "shape": [
      1,
      256,
      256,
      256
    ],
    "method": "Both"
  },
  "decoder.up.1.upsample": {
    "l2_value": 0.0010409237584099174,
    "cosine_value": 0.12443917989730835,
    "shape": [
      1,
      256,
      512,
      512
    ],
    "method": "Both"
  },
  "decoder.up.2.block.0": {
    "l2_value": 0.0005845432751812041,
    "cosine_value": 0.10937964916229248,
    "shape": [
      1,
      512,
      128,
      128
    ],
    "method": "Both"
  },
  "decoder.up.2.block.1": {
    "l2_value": 0.0006052270764485002,
    "cosine_value": 0.11531639099121094,
    "shape": [
      1,
      512,
      128,
      128
    ],
    "method": "Both"
  },
  "decoder.up.2.block.2": {
    "l2_value": 0.0005480794934555888,
    "cosine_value": 0.13560128211975098,
    "shape": [
      1,
      512,
      128,
      128
    ],
    "method": "Both"
  },
  "decoder.up.2.upsample": {
    "l2_value": 0.0008656884310767055,
    "cosine_value": 0.11963379383087158,
    "shape": [
      1,
      512,
      256,
      256
    ],
    "method": "Both"
  },
  "decoder.up.3.block.0": {
    "l2_value": 0.0003462098247837275,
    "cosine_value": 0.13681679964065552,
    "shape": [
      1,
      512,
      64,
      64
    ],
    "method": "Both"
  },
  "decoder.up.3.block.1": {
    "l2_value": 0.00035715941339731216,
    "cosine_value": 0.13475126028060913,
    "shape": [
      1,
      512,
      64,
      64
    ],
    "method": "Both"
  },
  "decoder.up.3.block.2": {
    "l2_value": 0.00033431153860874474,
    "cosine_value": 0.14590448141098022,
    "shape": [
      1,
      512,
      64,
      64
    ],
    "method": "Both"
  },
  "decoder.up.3.upsample": {
    "l2_value": 0.0005859886296093464,
    "cosine_value": 0.12229835987091064,
    "shape": [
      1,
      512,
      128,
      128
    ],
    "method": "Both"
  },
  "decoder.conv_out": {
    "l2_value": 0.00030271596430490416,
    "cosine_value": 0.0839616060256958,
    "shape": [
      1,
      3,
      512,
      512
    ],
    "method": "Both"
  }
}