{
  "decoder.conv_in": {
    "l2_value": 0.0005042235134169459,
    "cosine_value": 0.1856391429901123,
    "shape": [
      1,
      512,
      64,
      64
    ],
    "method": "Both"
  },
  "decoder.mid.block_1": {
    "l2_value": 0.0005284952349029481,
    "cosine_value": 0.2034817934036255,
    "shape": [
      1,
      512,
      64,
      64
    ],
    "method": "Both"
  },
  "decoder.mid.attn_1": {
    "l2_value": 0.0005242798943072557,
    "cosine_value": 0.20037275552749634,
    "shape": [
      1,
      512,
      64,
      64
    ],
    "method": "Both"
  },
  "decoder.mid.block_2": {
    "l2_value": 0.0005370831931941211,
    "cosine_value": 0.19726020097732544,
    "shape": [
      1,
      512,
      64,
      64
    ],
    "method": "Both"
  },
  "decoder.up.0.block.0": {
    "l2_value": 0.006489601917564869,
    "cosine_value": 0.4518100619316101,
    "shape": [
      1,
      128,
      512,
      512
    ],
    "method": "Both"
  },
  "decoder.up.0.block.1": {
    "l2_value": 0.00746498117223382,
    "cosine_value": 0.48497796058654785,
    "shape": [
      1,
      128,
      512,
      512
    ],
    "method": "Both"
  },
  "decoder.up.0.block.2": {
    "l2_value": 0.008589270524680614,
    "cosine_value": 0.5112413167953491,
    "shape": [
      1,
      128,
      512,
      512
    ],
    "method": "Both"
  },
  "decoder.up.1.block.0": {
    "l2_value": 0.001223277417011559,
    "cosine_value": 0.12706202268600464,
    "shape": [
      1,
      256,
      256,
      256
    ],
    "method": "Both"
  },
  "decoder.up.1.block.1": {
    "l2_value": 0.001255352166481316,
    "cosine_value": 0.13482975959777832,
    "shape": [
      1,
      256,
      256,
      256
    ],
    "method": "Both"
  },
  "decoder.up.1.block.2": {
    "l2_value": 0.0012012345250695944,
    "cosine_value": 0.14397549629211426,
    "shape": [
      1,
      256,
      256,
      256
    ],
    "method": "Both"
  },
  "decoder.up.1.upsample": {
    "l2_value": 0.00199334928765893,
    "cosine_value": 0.21877676248550415,
    "shape": [
      1,
      256,
      512,
      512
    ],
    "method": "Both"
  },
  "decoder.up.2.block.0": {
    "l2_value": 0.0009317548247054219,
    "cosine_value": 0.15952152013778687,
    "shape": [
      1,
      512,
      128,
      128
    ],
    "method": "Both"
  },
  "decoder.up.2.block.1": {
    "l2_value": 0.0009525856585241854,
    "cosine_value": 0.15852952003479004,
    "shape": [
      1,
      512,
      128,
      128
    ],
    "method": "Both"
  },
  "decoder.up.2.block.2": {
    "l2_value": 0.0008512877393513918,
    "cosine_value": 0.162461519241333,
    "shape": [
      1,
      512,
      128,
      128
    ],
    "method": "Both"
  },
  "decoder.up.2.upsample": {
    "l2_value": 0.0013340746518224478,
    "cosine_value": 0.1411879062652588,
    "shape": [
      1,
      512,
      256,
      256
    ],
    "method": "Both"
  },
  "decoder.up.3.block.0": {
    "l2_value": 0.0005788667476736009,
    "cosine_value": 0.20545274019241333,
    "shape": [
      1,
      512,
      64,
      64
    ],
    "method": "Both"
  },
  "decoder.up.3.block.1": {
    "l2_value": 0.0005847500870004296,
    "cosine_value": 0.20340949296951294,
    "shape": [
      1,
      512,
      64,
      64
    ],
    "method": "Both"
  },
  "decoder.up.3.block.2": {
    "l2_value": 0.0005268596578389406,
    "cosine_value": 0.19361305236816406,
    "shape": [
      1,
      512,
      64,
      64
    ],
    "method": "Both"
  },
  "decoder.up.3.upsample": {
    "l2_value": 0.0009452852536924183,
    "cosine_value": 0.16985094547271729,
    "shape": [
      1,
      512,
      128,
      128
    ],
    "method": "Both"
  },
  "decoder.conv_out": {
    "l2_value": 0.000297864976649483,
    "cosine_value": 0.07808548212051392,
    "shape": [
      1,
      3,
      512,
      512
    ],
    "method": "Both"
  }
}