{
  "decoder.conv_in": {
    "l2_value": 0.0005607130588032305,
    "cosine_value": 0.2425626516342163,
    "shape": [
      1,
      512,
      64,
      64
    ],
    "method": "Both"
  },
  "decoder.mid.block_1": {
    "l2_value": 0.0005969672347418964,
    "cosine_value": 0.2619597315788269,
    "shape": [
      1,
      512,
      64,
      64
    ],
    "method": "Both"
  },
  "decoder.mid.attn_1": {
    "l2_value": 0.0005801579682156444,
    "cosine_value": 0.2485896348953247,
    "shape": [
      1,
      512,
      64,
      64
    ],
    "method": "Both"
  },
  "decoder.mid.block_2": {
    "l2_value": 0.0005935521330684423,
    "cosine_value": 0.2438896894454956,
    "shape": [
      1,
      512,
      64,
      64
    ],
    "method": "Both"
  },
  "decoder.up.0.block.0": {
    "l2_value": 0.002895906800404191,
    "cosine_value": 0.09555023908615112,
    "shape": [
      1,
      128,
      512,
      512
    ],
    "method": "Both"
  },
  "decoder.up.0.block.1": {
    "l2_value": 0.003087033750489354,
    "cosine_value": 0.08757299184799194,
    "shape": [
      1,
      128,
      512,
      512
    ],
    "method": "Both"
  },
  "decoder.up.0.block.2": {
    "l2_value": 0.0032458649948239326,
    "cosine_value": 0.07658392190933228,
    "shape": [
      1,
      128,
      512,
      512
    ],
    "method": "Both"
  },
  "decoder.up.1.block.0": {
    "l2_value": 0.0014353872975334525,
    "cosine_value": 0.18275946378707886,
    "shape": [
      1,
      256,
      256,
      256
    ],
    "method": "Both"
  },
  "decoder.up.1.block.1": {
    "l2_value": 0.0014219604199752212,
    "cosine_value": 0.18131816387176514,
    "shape": [
      1,
      256,
      256,
      256
    ],
    "method": "Both"
  },
  "decoder.up.1.block.2": {
    "l2_value": 0.0013327498454600573,
    "cosine_value": 0.18658393621444702,
    "shape": [
      1,
      256,
      256,
      256
    ],
    "method": "Both"
  },
  "decoder.up.1.upsample": {
    "l2_value": 0.0016857084119692445,
    "cosine_value": 0.1637536883354187,
    "shape": [
      1,
      256,
      512,
      512
    ],
    "method": "Both"
  },
  "decoder.up.2.block.0": {
    "l2_value": 0.0010916823521256447,
    "cosine_value": 0.22255098819732666,
    "shape": [
      1,
      512,
      128,
      128
    ],
    "method": "Both"
  },
  "decoder.up.2.block.1": {
    "l2_value": 0.001127095427364111,
    "cosine_value": 0.2268427014350891,
    "shape": [
      1,
      512,
      128,
      128
    ],
    "method": "Both"
  },
  "decoder.up.2.block.2": {
    "l2_value": 0.0010177661897614598,
    "cosine_value": 0.24124079942703247,
    "shape": [
      1,
      512,
      128,
      128
    ],
    "method": "Both"
  },
  "decoder.up.2.upsample": {
    "l2_value": 0.0016260492848232388,
    "cosine_value": 0.21886736154556274,
    "shape": [
      1,
      512,
      256,
      256
    ],
    "method": "Both"
  },
  "decoder.up.3.block.0": {
    "l2_value": 0.0006283045513555408,
    "cosine_value": 0.24464917182922363,
    "shape": [
      1,
      512,
      64,
      64
    ],
    "method": "Both"
  },
  "decoder.up.3.block.1": {
    "l2_value": 0.0006481189047917724,
    "cosine_value": 0.25311148166656494,
    "shape": [
      1,
      512,
      64,
      64
    ],
    "method": "Both"
  },
  "decoder.up.3.block.2": {
    "l2_value": 0.0006076482823118567,
    "cosine_value": 0.2621488571166992,
    "shape": [
      1,
      512,
      64,
      64
    ],
    "method": "Both"
  },
  "decoder.up.3.upsample": {
    "l2_value": 0.001091080834157765,
    "cosine_value": 0.23239314556121826,
    "shape": [
      1,
      512,
      128,
      128
    ],
    "method": "Both"
  },
  "decoder.conv_out": {
    "l2_value": 0.0003198401148741444,
    "cosine_value": 0.10373497009277344,
    "shape": [
      1,
      3,
      512,
      512
    ],
    "method": "Both"
  }
}