{
  "decoder.conv_in": {
    "l2_value": 0.00031113935983739793,
    "cosine_value": 0.05824458599090576,
    "shape": [
      1,
      512,
      64,
      64
    ],
    "method": "Both"
  },
  "decoder.mid.block_1": {
    "l2_value": 0.0003255332703702152,
    "cosine_value": 0.06477153301239014,
    "shape": [
      1,
      512,
      64,
      64
    ],
    "method": "Both"
  },
  "decoder.mid.attn_1": {
    "l2_value": 0.00032480465597473085,
    "cosine_value": 0.065227210521698,
    "shape": [
      1,
      512,
      64,
      64
    ],
    "method": "Both"
  },
  "decoder.mid.block_2": {
    "l2_value": 0.0003474188270047307,
    "cosine_value": 0.0702853798866272,
    "shape": [
      1,
      512,
      64,
      64
    ],
    "method": "Both"
  },
  "decoder.up.0.block.0": {
    "l2_value": 0.005887503735721111,
    "cosine_value": 0.3842701315879822,
    "shape": [
      1,
      128,
      512,
      512
    ],
    "method": "Both"
  },
  "decoder.up.0.block.1": {
    "l2_value": 0.006993619725108147,
    "cosine_value": 0.4462212324142456,
    "shape": [
      1,
      128,
      512,
      512
    ],
    "method": "Both"
  },
  "decoder.up.0.block.2": {
    "l2_value": 0.008262495510280132,
    "cosine_value": 0.5003071129322052,
    "shape": [
      1,
      128,
      512,
      512
    ],
    "method": "Both"
  },
  "decoder.up.1.block.0": {
    "l2_value": 0.0007610266329720616,
    "cosine_value": 0.04096466302871704,
    "shape": [
      1,
      256,
      256,
      256
    ],
    "method": "Both"
  },
  "decoder.up.1.block.1": {
    "l2_value": 0.0007849931716918945,
    "cosine_value": 0.04396933317184448,
    "shape": [
      1,
      256,
      256,
      256
    ],
    "method": "Both"
  },
  "decoder.up.1.block.2": {
    "l2_value": 0.0007665431476198137,
    "cosine_value": 0.04835069179534912,
    "shape": [
      1,
      256,
      256,
      256
    ],
    "method": "Both"
  },
  "decoder.up.1.upsample": {
    "l2_value": 0.001485363463871181,
    "cosine_value": 0.10499107837677002,
    "shape": [
      1,
      256,
      512,
      512
    ],
    "method": "Both"
  },
  "decoder.up.2.block.0": {
    "l2_value": 0.0005684994976036251,
    "cosine_value": 0.050925374031066895,
    "shape": [
      1,
      512,
      128,
      128
    ],
    "method": "Both"
  },
  "decoder.up.2.block.1": {
    "l2_value": 0.0005793977179564536,
    "cosine_value": 0.05080598592758179,
    "shape": [
      1,
      512,
      128,
      128
    ],
    "method": "Both"
  },
  "decoder.up.2.block.2": {
    "l2_value": 0.0005166191840544343,
    "cosine_value": 0.049942076206207275,
    "shape": [
      1,
      512,
      128,
      128
    ],
    "method": "Both"
  },
  "decoder.up.2.upsample": {
    "l2_value": 0.0008142904844135046,
    "cosine_value": 0.04365122318267822,
    "shape": [
      1,
      512,
      256,
      256
    ],
    "method": "Both"
  },
  "decoder.up.3.block.0": {
    "l2_value": 0.0003716681385412812,
    "cosine_value": 0.07328784465789795,
    "shape": [
      1,
      512,
      64,
      64
    ],
    "method": "Both"
  },
  "decoder.up.3.block.1": {
    "l2_value": 0.00036419028765521944,
    "cosine_value": 0.06785917282104492,
    "shape": [
      1,
      512,
      64,
      64
    ],
    "method": "Both"
  },
  "decoder.up.3.block.2": {
    "l2_value": 0.00032418538467027247,
    "cosine_value": 0.061370015144348145,
    "shape": [
      1,
      512,
      64,
      64
    ],
    "method": "Both"
  },
  "decoder.up.3.upsample": {
    "l2_value": 0.0005756458267569542,
    "cosine_value": 0.05371910333633423,
    "shape": [
      1,
      512,
      128,
      128
    ],
    "method": "Both"
  },
  "decoder.conv_out": {
    "l2_value": 0.00015853330842219293,
    "cosine_value": 0.017834246158599854,
    "shape": [
      1,
      3,
      512,
      512
    ],
    "method": "Both"
  }
}