{
  "decoder.conv_in": {
    "l2_value": 0.0001553331530885771,
    "cosine_value": 0.06270486116409302,
    "shape": [
      1,
      512,
      64,
      64
    ],
    "method": "Both"
  },
  "decoder.mid.block_1": {
    "l2_value": 0.0001767114590620622,
    "cosine_value": 0.04394543170928955,
    "shape": [
      1,
      512,
      64,
      64
    ],
    "method": "Both"
  },
  "decoder.mid.attn_1": {
    "l2_value": 0.00017431957530789077,
    "cosine_value": 0.040402352809906006,
    "shape": [
      1,
      512,
      64,
      64
    ],
    "method": "Both"
  },
  "decoder.mid.block_2": {
    "l2_value": 0.00019212733604945242,
    "cosine_value": 0.04463481903076172,
    "shape": [
      1,
      512,
      64,
      64
    ],
    "method": "Both"
  },
  "decoder.up.0.block.0": {
    "l2_value": 0.0038820658810436726,
    "cosine_value": 0.3493703603744507,
    "shape": [
      1,
      128,
      512,
      512
    ],
    "method": "Both"
  },
  "decoder.up.0.block.1": {
    "l2_value": 0.004947119392454624,
    "cosine_value": 0.41825222969055176,
    "shape": [
      1,
      128,
      512,
      512
    ],
    "method": "Both"
  },
  "decoder.up.0.block.2": {
    "l2_value": 0.00610284274443984,
    "cosine_value": 0.46790993213653564,
    "shape": [
      1,
      128,
      512,
      512
    ],
    "method": "Both"
  },
  "decoder.up.1.block.0": {
    "l2_value": 0.00048030089237727225,
    "cosine_value": 0.029162704944610596,
    "shape": [
      1,
      256,
      256,
      256
    ],
    "method": "Both"
  },
  "decoder.up.1.block.1": {
    "l2_value": 0.0004887462710030377,
    "cosine_value": 0.029487252235412598,
    "shape": [
      1,
      256,
      256,
      256
    ],
    "method": "Both"
  },
  "decoder.up.1.block.2": {
    "l2_value": 0.0004695724928751588,
    "cosine_value": 0.03479236364364624,
    "shape": [
      1,
      256,
      256,
      256
    ],
    "method": "Both"
  },
  "decoder.up.1.upsample": {
    "l2_value": 0.0007500294013880193,
    "cosine_value": 0.056411564350128174,
    "shape": [
      1,
      256,
      512,
      512
    ],
    "method": "Both"
  },
  "decoder.up.2.block.0": {
    "l2_value": 0.0003685998381115496,
    "cosine_value": 0.04004937410354614,
    "shape": [
      1,
      512,
      128,
      128
    ],
    "method": "Both"
  },
  "decoder.up.2.block.1": {
    "l2_value": 0.000384545826818794,
    "cosine_value": 0.0425264835357666,
    "shape": [
      1,
      512,
      128,
      128
    ],
    "method": "Both"
  },
  "decoder.up.2.block.2": {
    "l2_value": 0.00034603654057718813,
    "cosine_value": 0.04802834987640381,
    "shape": [
      1,
      512,
      128,
      128
    ],
    "method": "Both"
  },
  "decoder.up.2.upsample": {
    "l2_value": 0.0005417395732365549,
    "cosine_value": 0.040836334228515625,
    "shape": [
      1,
      512,
      256,
      256
    ],
    "method": "Both"
  },
  "decoder.up.3.block.0": {
    "l2_value": 0.00021859834669157863,
    "cosine_value": 0.0502774715423584,
    "shape": [
      1,
      512,
      64,
      64
    ],
    "method": "Both"
  },
  "decoder.up.3.block.1": {
    "l2_value": 0.00022604309197049588,
    "cosine_value": 0.05004620552062988,
    "shape": [
      1,
      512,
      64,
      64
    ],
    "method": "Both"
  },
  "decoder.up.3.block.2": {
    "l2_value": 0.00021161169570405036,
    "cosine_value": 0.0533297061920166,
    "shape": [
      1,
      512,
      64,
      64
    ],
    "method": "Both"
  },
  "decoder.up.3.upsample": {
    "l2_value": 0.00036864951835013926,
    "cosine_value": 0.04431891441345215,
    "shape": [
      1,
      512,
      128,
      128
    ],
    "method": "Both"
  },
  "decoder.conv_out": {
    "l2_value": 0.00016025196722087762,
    "cosine_value": 0.01885169744491577,
    "shape": [
      1,
      3,
      512,
      512
    ],
    "method": "Both"
  }
}