{
  "decoder.conv_in": {
    "l2_value": 0.00013619742821902037,
    "cosine_value": 0.05980318784713745,
    "shape": [
      1,
      512,
      64,
      64
    ],
    "method": "Both"
  },
  "decoder.mid.block_1": {
    "l2_value": 0.0001468895934522152,
    "cosine_value": 0.03918558359146118,
    "shape": [
      1,
      512,
      64,
      64
    ],
    "method": "Both"
  },
  "decoder.mid.attn_1": {
    "l2_value": 0.00014768651453778148,
    "cosine_value": 0.03443938493728638,
    "shape": [
      1,
      512,
      64,
      64
    ],
    "method": "Both"
  },
  "decoder.mid.block_2": {
    "l2_value": 0.0001570382883073762,
    "cosine_value": 0.03517043590545654,
    "shape": [
      1,
      512,
      64,
      64
    ],
    "method": "Both"
  },
  "decoder.up.0.block.0": {
    "l2_value": 0.00047661556163802743,
    "cosine_value": 0.005700349807739258,
    "shape": [
      1,
      128,
      512,
      512
    ],
    "method": "Both"
  },
  "decoder.up.0.block.1": {
    "l2_value": 0.00048109007184393704,
    "cosine_value": 0.004163980484008789,
    "shape": [
      1,
      128,
      512,
      512
    ],
    "method": "Both"
  },
  "decoder.up.0.block.2": {
    "l2_value": 0.0004947510897181928,
    "cosine_value": 0.0031478404998779297,
    "shape": [
      1,
      128,
      512,
      512
    ],
    "method": "Both"
  },
  "decoder.up.1.block.0": {
    "l2_value": 0.0003938524750992656,
    "cosine_value": 0.024673402309417725,
    "shape": [
      1,
      256,
      256,
      256
    ],
    "method": "Both"
  },
  "decoder.up.1.block.1": {
    "l2_value": 0.00039675846346654,
    "cosine_value": 0.024464309215545654,
    "shape": [
      1,
      256,
      256,
      256
    ],
    "method": "Both"
  },
  "decoder.up.1.block.2": {
    "l2_value": 0.0003494892443995923,
    "cosine_value": 0.025669872760772705,
    "shape": [
      1,
      256,
      256,
      256
    ],
    "method": "Both"
  },
  "decoder.up.1.upsample": {
    "l2_value": 0.00037040404276922345,
    "cosine_value": 0.017850935459136963,
    "shape": [
      1,
      256,
      512,
      512
    ],
    "method": "Both"
  },
  "decoder.up.2.block.0": {
    "l2_value": 0.0003109332174062729,
    "cosine_value": 0.03290313482284546,
    "shape": [
      1,
      512,
      128,
      128
    ],
    "method": "Both"
  },
  "decoder.up.2.block.1": {
    "l2_value": 0.0003258084470871836,
    "cosine_value": 0.035537123680114746,
    "shape": [
      1,
      512,
      128,
      128
    ],
    "method": "Both"
  },
  "decoder.up.2.block.2": {
    "l2_value": 0.000290350872091949,
    "cosine_value": 0.04213380813598633,
    "shape": [
      1,
      512,
      128,
      128
    ],
    "method": "Both"
  },
  "decoder.up.2.upsample": {
    "l2_value": 0.00045165984192863107,
    "cosine_value": 0.03552579879760742,
    "shape": [
      1,
      512,
      256,
      256
    ],
    "method": "Both"
  },
  "decoder.up.3.block.0": {
    "l2_value": 0.0001813515555113554,
    "cosine_value": 0.03978091478347778,
    "shape": [
      1,
      512,
      64,
      64
    ],
    "method": "Both"
  },
  "decoder.up.3.block.1": {
    "l2_value": 0.00019264622824266553,
    "cosine_value": 0.041287362575531006,
    "shape": [
      1,
      512,
      64,
      64
    ],
    "method": "Both"
  },
  "decoder.up.3.block.2": {
    "l2_value": 0.00017968394968193024,
    "cosine_value": 0.04600644111633301,
    "shape": [
      1,
      512,
      64,
      64
    ],
    "method": "Both"
  },
  "decoder.up.3.upsample": {
    "l2_value": 0.0003147258539684117,
    "cosine_value": 0.03722506761550903,
    "shape": [
      1,
      512,
      128,
      128
    ],
    "method": "Both"
  },
  "decoder.conv_out": {
    "l2_value": 0.00012007430389833947,
    "cosine_value": 0.019491493701934814,
    "shape": [
      1,
      3,
      512,
      512
    ],
    "method": "Both"
  }
}