{
  "decoder.conv_in": {
    "l2_value": 0.00018703022215049714,
    "cosine_value": 0.11914253234863281,
    "shape": [
      1,
      512,
      64,
      64
    ],
    "method": "Both"
  },
  "decoder.mid.block_1": {
    "l2_value": 0.0002273853460792452,
    "cosine_value": 0.0909009575843811,
    "shape": [
      1,
      512,
      64,
      64
    ],
    "method": "Both"
  },
  "decoder.mid.attn_1": {
    "l2_value": 0.00022936832101549953,
    "cosine_value": 0.08331024646759033,
    "shape": [
      1,
      512,
      64,
      64
    ],
    "method": "Both"
  },
  "decoder.mid.block_2": {
    "l2_value": 0.0002430853492114693,
    "cosine_value": 0.08461058139801025,
    "shape": [
      1,
      512,
      64,
      64
    ],
    "method": "Both"
  },
  "decoder.up.0.block.0": {
    "l2_value": 0.0037111230194568634,
    "cosine_value": 0.32926708459854126,
    "shape": [
      1,
      128,
      512,
      512
    ],
    "method": "Both"
  },
  "decoder.up.0.block.1": {
    "l2_value": 0.004513664171099663,
    "cosine_value": 0.35419654846191406,
    "shape": [
      1,
      128,
      512,
      512
    ],
    "method": "Both"
  },
  "decoder.up.0.block.2": {
    "l2_value": 0.005453599151223898,
    "cosine_value": 0.3717156648635864,
    "shape": [
      1,
      128,
      512,
      512
    ],
    "method": "Both"
  },
  "decoder.up.1.block.0": {
    "l2_value": 0.0006116813747212291,
    "cosine_value": 0.0602535605430603,
    "shape": [
      1,
      256,
      256,
      256
    ],
    "method": "Both"
  },
  "decoder.up.1.block.1": {
    "l2_value": 0.0006129883695393801,
    "cosine_value": 0.05868566036224365,
    "shape": [
      1,
      256,
      256,
      256
    ],
    "method": "Both"
  },
  "decoder.up.1.block.2": {
    "l2_value": 0.0005584144964814186,
    "cosine_value": 0.06489986181259155,
    "shape": [
      1,
      256,
      256,
      256
    ],
    "method": "Both"
  },
  "decoder.up.1.upsample": {
    "l2_value": 0.0008687471272423863,
    "cosine_value": 0.09669017791748047,
    "shape": [
      1,
      256,
      512,
      512
    ],
    "method": "Both"
  },
  "decoder.up.2.block.0": {
    "l2_value": 0.0004629719478543848,
    "cosine_value": 0.07388895750045776,
    "shape": [
      1,
      512,
      128,
      128
    ],
    "method": "Both"
  },
  "decoder.up.2.block.1": {
    "l2_value": 0.00048384390538558364,
    "cosine_value": 0.0786827802658081,
    "shape": [
      1,
      512,
      128,
      128
    ],
    "method": "Both"
  },
  "decoder.up.2.block.2": {
    "l2_value": 0.00042538417619653046,
    "cosine_value": 0.09107726812362671,
    "shape": [
      1,
      512,
      128,
      128
    ],
    "method": "Both"
  },
  "decoder.up.2.upsample": {
    "l2_value": 0.0006700169760733843,
    "cosine_value": 0.07950085401535034,
    "shape": [
      1,
      512,
      256,
      256
    ],
    "method": "Both"
  },
  "decoder.up.3.block.0": {
    "l2_value": 0.0002744441735558212,
    "cosine_value": 0.09103679656982422,
    "shape": [
      1,
      512,
      64,
      64
    ],
    "method": "Both"
  },
  "decoder.up.3.block.1": {
    "l2_value": 0.0002843351394403726,
    "cosine_value": 0.09019851684570312,
    "shape": [
      1,
      512,
      64,
      64
    ],
    "method": "Both"
  },
  "decoder.up.3.block.2": {
    "l2_value": 0.00026270124362781644,
    "cosine_value": 0.09825891256332397,
    "shape": [
      1,
      512,
      64,
      64
    ],
    "method": "Both"
  },
  "decoder.up.3.upsample": {
    "l2_value": 0.00046477021533064544,
    "cosine_value": 0.08243364095687866,
    "shape": [
      1,
      512,
      128,
      128
    ],
    "method": "Both"
  },
  "decoder.conv_out": {
    "l2_value": 0.00014281069161370397,
    "cosine_value": 0.026616692543029785,
    "shape": [
      1,
      3,
      512,
      512
    ],
    "method": "Both"
  }
}