{
  "decoder.conv_in": {
    "l2_value": 0.00035923783434554935,
    "cosine_value": 0.11832720041275024,
    "shape": [
      1,
      512,
      64,
      64
    ],
    "method": "Both"
  },
  "decoder.mid.block_1": {
    "l2_value": 0.00036501471186056733,
    "cosine_value": 0.12008947134017944,
    "shape": [
      1,
      512,
      64,
      64
    ],
    "method": "Both"
  },
  "decoder.mid.attn_1": {
    "l2_value": 0.00036911151255480945,
    "cosine_value": 0.11919623613357544,
    "shape": [
      1,
      512,
      64,
      64
    ],
    "method": "Both"
  },
  "decoder.mid.block_2": {
    "l2_value": 0.0003819717385340482,
    "cosine_value": 0.11784684658050537,
    "shape": [
      1,
      512,
      64,
      64
    ],
    "method": "Both"
  },
  "decoder.up.0.block.0": {
    "l2_value": 0.0038137377705425024,
    "cosine_value": 0.18513768911361694,
    "shape": [
      1,
      128,
      512,
      512
    ],
    "method": "Both"
  },
  "decoder.up.0.block.1": {
    "l2_value": 0.004373961593955755,
    "cosine_value": 0.19442147016525269,
    "shape": [
      1,
      128,
      512,
      512
    ],
    "method": "Both"
  },
  "decoder.up.0.block.2": {
    "l2_value": 0.0050289686769247055,
    "cosine_value": 0.20092171430587769,
    "shape": [
      1,
      128,
      512,
      512
    ],
    "method": "Both"
  },
  "decoder.up.1.block.0": {
    "l2_value": 0.0008334382437169552,
    "cosine_value": 0.07526719570159912,
    "shape": [
      1,
      256,
      256,
      256
    ],
    "method": "Both"
  },
  "decoder.up.1.block.1": {
    "l2_value": 0.0008539428235962987,
    "cosine_value": 0.08028298616409302,
    "shape": [
      1,
      256,
      256,
      256
    ],
    "method": "Both"
  },
  "decoder.up.1.block.2": {
    "l2_value": 0.0007892741705290973,
    "cosine_value": 0.08300429582595825,
    "shape": [
      1,
      256,
      256,
      256
    ],
    "method": "Both"
  },
  "decoder.up.1.upsample": {
    "l2_value": 0.001253190916031599,
    "cosine_value": 0.11213493347167969,
    "shape": [
      1,
      256,
      512,
      512
    ],
    "method": "Both"
  },
  "decoder.up.2.block.0": {
    "l2_value": 0.0006804125150665641,
    "cosine_value": 0.10048466920852661,
    "shape": [
      1,
      512,
      128,
      128
    ],
    "method": "Both"
  },
  "decoder.up.2.block.1": {
    "l2_value": 0.000703842262737453,
    "cosine_value": 0.1008458137512207,
    "shape": [
      1,
      512,
      128,
      128
    ],
    "method": "Both"
  },
  "decoder.up.2.block.2": {
    "l2_value": 0.0006105273496359587,
    "cosine_value": 0.10276907682418823,
    "shape": [
      1,
      512,
      128,
      128
    ],
    "method": "Both"
  },
  "decoder.up.2.upsample": {
    "l2_value": 0.0009360280819237232,
    "cosine_value": 0.08765441179275513,
    "shape": [
      1,
      512,
      256,
      256
    ],
    "method": "Both"
  },
  "decoder.up.3.block.0": {
    "l2_value": 0.0004170728789176792,
    "cosine_value": 0.12301528453826904,
    "shape": [
      1,
      512,
      64,
      64
    ],
    "method": "Both"
  },
  "decoder.up.3.block.1": {
    "l2_value": 0.00042945152381435037,
    "cosine_value": 0.12578248977661133,
    "shape": [
      1,
      512,
      64,
      64
    ],
    "method": "Both"
  },
  "decoder.up.3.block.2": {
    "l2_value": 0.00038198725087568164,
    "cosine_value": 0.12255007028579712,
    "shape": [
      1,
      512,
      64,
      64
    ],
    "method": "Both"
  },
  "decoder.up.3.upsample": {
    "l2_value": 0.0006843398441560566,
    "cosine_value": 0.10689008235931396,
    "shape": [
      1,
      512,
      128,
      128
    ],
    "method": "Both"
  },
  "decoder.conv_out": {
    "l2_value": 0.00014514392629886666,
    "cosine_value": 0.026140689849853516,
    "shape": [
      1,
      3,
      512,
      512
    ],
    "method": "Both"
  }
}