{
  "decoder.conv_in": {
    "l2_value": 0.00020445870177354664,
    "cosine_value": 0.15769320726394653,
    "shape": [
      1,
      512,
      64,
      64
    ],
    "method": "Both"
  },
  "decoder.mid.block_1": {
    "l2_value": 0.0002630649250932038,
    "cosine_value": 0.12446296215057373,
    "shape": [
      1,
      512,
      64,
      64
    ],
    "method": "Both"
  },
  "decoder.mid.attn_1": {
    "l2_value": 0.00025205506244674325,
    "cosine_value": 0.10028076171875,
    "shape": [
      1,
      512,
      64,
      64
    ],
    "method": "Both"
  },
  "decoder.mid.block_2": {
    "l2_value": 0.0002620162267703563,
    "cosine_value": 0.0976153016090393,
    "shape": [
      1,
      512,
      64,
      64
    ],
    "method": "Both"
  },
  "decoder.up.0.block.0": {
    "l2_value": 0.0012043574824929237,
    "cosine_value": 0.03560185432434082,
    "shape": [
      1,
      128,
      512,
      512
    ],
    "method": "Both"
  },
  "decoder.up.0.block.1": {
    "l2_value": 0.0012680236250162125,
    "cosine_value": 0.028477132320404053,
    "shape": [
      1,
      128,
      512,
      512
    ],
    "method": "Both"
  },
  "decoder.up.0.block.2": {
    "l2_value": 0.0013535484904423356,
    "cosine_value": 0.023328125476837158,
    "shape": [
      1,
      128,
      512,
      512
    ],
    "method": "Both"
  },
  "decoder.up.1.block.0": {
    "l2_value": 0.00067502586171031,
    "cosine_value": 0.07069391012191772,
    "shape": [
      1,
      256,
      256,
      256
    ],
    "method": "Both"
  },
  "decoder.up.1.block.1": {
    "l2_value": 0.0006819596164859831,
    "cosine_value": 0.07028281688690186,
    "shape": [
      1,
      256,
      256,
      256
    ],
    "method": "Both"
  },
  "decoder.up.1.block.2": {
    "l2_value": 0.0006279569352045655,
    "cosine_value": 0.07967633008956909,
    "shape": [
      1,
      256,
      256,
      256
    ],
    "method": "Both"
  },
  "decoder.up.1.upsample": {
    "l2_value": 0.0007156566716730595,
    "cosine_value": 0.06450730562210083,
    "shape": [
      1,
      256,
      512,
      512
    ],
    "method": "Both"
  },
  "decoder.up.2.block.0": {
    "l2_value": 0.0005025149439461529,
    "cosine_value": 0.08648627996444702,
    "shape": [
      1,
      512,
      128,
      128
    ],
    "method": "Both"
  },
  "decoder.up.2.block.1": {
    "l2_value": 0.0005259784520603716,
    "cosine_value": 0.09316056966781616,
    "shape": [
      1,
      512,
      128,
      128
    ],
    "method": "Both"
  },
  "decoder.up.2.block.2": {
    "l2_value": 0.00048110305215232074,
    "cosine_value": 0.1154208779335022,
    "shape": [
      1,
      512,
      128,
      128
    ],
    "method": "Both"
  },
  "decoder.up.2.upsample": {
    "l2_value": 0.000750978768337518,
    "cosine_value": 0.09888863563537598,
    "shape": [
      1,
      512,
      256,
      256
    ],
    "method": "Both"
  },
  "decoder.up.3.block.0": {
    "l2_value": 0.0002914728538598865,
    "cosine_value": 0.10337883234024048,
    "shape": [
      1,
      512,
      64,
      64
    ],
    "method": "Both"
  },
  "decoder.up.3.block.1": {
    "l2_value": 0.0003030846710316837,
    "cosine_value": 0.10390037298202515,
    "shape": [
      1,
      512,
      64,
      64
    ],
    "method": "Both"
  },
  "decoder.up.3.block.2": {
    "l2_value": 0.0002864779089577496,
    "cosine_value": 0.11748325824737549,
    "shape": [
      1,
      512,
      64,
      64
    ],
    "method": "Both"
  },
  "decoder.up.3.upsample": {
    "l2_value": 0.0004916000179946423,
    "cosine_value": 0.09213024377822876,
    "shape": [
      1,
      512,
      128,
      128
    ],
    "method": "Both"
  },
  "decoder.conv_out": {
    "l2_value": 0.00023459955506647626,
    "cosine_value": 0.05577296018600464,
    "shape": [
      1,
      3,
      512,
      512
    ],
    "method": "Both"
  }
}