{
  "decoder.conv_in": {
    "l2_value": 0.000425226055085659,
    "cosine_value": 0.15794521570205688,
    "shape": [
      1,
      512,
      64,
      64
    ],
    "method": "Both"
  },
  "decoder.mid.block_1": {
    "l2_value": 0.0004409896209836006,
    "cosine_value": 0.16707050800323486,
    "shape": [
      1,
      512,
      64,
      64
    ],
    "method": "Both"
  },
  "decoder.mid.attn_1": {
    "l2_value": 0.0004232926876284182,
    "cosine_value": 0.15124213695526123,
    "shape": [
      1,
      512,
      64,
      64
    ],
    "method": "Both"
  },
  "decoder.mid.block_2": {
    "l2_value": 0.00043275332427583635,
    "cosine_value": 0.14657050371170044,
    "shape": [
      1,
      512,
      64,
      64
    ],
    "method": "Both"
  },
  "decoder.up.0.block.0": {
    "l2_value": 0.002225107280537486,
    "cosine_value": 0.05738264322280884,
    "shape": [
      1,
      128,
      512,
      512
    ],
    "method": "Both"
  },
  "decoder.up.0.block.1": {
    "l2_value": 0.002397725125774741,
    "cosine_value": 0.05372607707977295,
    "shape": [
      1,
      128,
      512,
      512
    ],
    "method": "Both"
  },
  "decoder.up.0.block.2": {
    "l2_value": 0.0025519095361232758,
    "cosine_value": 0.048059821128845215,
    "shape": [
      1,
      128,
      512,
      512
    ],
    "method": "Both"
  },
  "decoder.up.1.block.0": {
    "l2_value": 0.0010363701730966568,
    "cosine_value": 0.10837900638580322,
    "shape": [
      1,
      256,
      256,
      256
    ],
    "method": "Both"
  },
  "decoder.up.1.block.1": {
    "l2_value": 0.0010496972827240825,
    "cosine_value": 0.11254757642745972,
    "shape": [
      1,
      256,
      256,
      256
    ],
    "method": "Both"
  },
  "decoder.up.1.block.2": {
    "l2_value": 0.0009929966181516647,
    "cosine_value": 0.12006819248199463,
    "shape": [
      1,
      256,
      256,
      256
    ],
    "method": "Both"
  },
  "decoder.up.1.upsample": {
    "l2_value": 0.00126658845692873,
    "cosine_value": 0.10448598861694336,
    "shape": [
      1,
      256,
      512,
      512
    ],
    "method": "Both"
  },
  "decoder.up.2.block.0": {
    "l2_value": 0.0007913000299595296,
    "cosine_value": 0.12953788042068481,
    "shape": [
      1,
      512,
      128,
      128
    ],
    "method": "Both"
  },
  "decoder.up.2.block.1": {
    "l2_value": 0.0008129047346301377,
    "cosine_value": 0.12952357530593872,
    "shape": [
      1,
      512,
      128,
      128
    ],
    "method": "Both"
  },
  "decoder.up.2.block.2": {
    "l2_value": 0.0007389069651253521,
    "cosine_value": 0.1428247094154358,
    "shape": [
      1,
      512,
      128,
      128
    ],
    "method": "Both"
  },
  "decoder.up.2.upsample": {
    "l2_value": 0.0011732189450412989,
    "cosine_value": 0.12943679094314575,
    "shape": [
      1,
      512,
      256,
      256
    ],
    "method": "Both"
  },
  "decoder.up.3.block.0": {
    "l2_value": 0.0004606230650097132,
    "cosine_value": 0.14639848470687866,
    "shape": [
      1,
      512,
      64,
      64
    ],
    "method": "Both"
  },
  "decoder.up.3.block.1": {
    "l2_value": 0.00047788993106223643,
    "cosine_value": 0.15198558568954468,
    "shape": [
      1,
      512,
      64,
      64
    ],
    "method": "Both"
  },
  "decoder.up.3.block.2": {
    "l2_value": 0.00044400652404874563,
    "cosine_value": 0.1587161421775818,
    "shape": [
      1,
      512,
      64,
      64
    ],
    "method": "Both"
  },
  "decoder.up.3.upsample": {
    "l2_value": 0.0007984155090525746,
    "cosine_value": 0.13772845268249512,
    "shape": [
      1,
      512,
      128,
      128
    ],
    "method": "Both"
  },
  "decoder.conv_out": {
    "l2_value": 0.00023105451449130973,
    "cosine_value": 0.051739394664764404,
    "shape": [
      1,
      3,
      512,
      512
    ],
    "method": "Both"
  }
}