{
  "decoder.conv_in": {
    "l2_value": 0.00036707473918795586,
    "cosine_value": 0.10341691970825195,
    "shape": [
      1,
      512,
      64,
      64
    ],
    "method": "Both"
  },
  "decoder.mid.block_1": {
    "l2_value": 0.00034432121901772916,
    "cosine_value": 0.09262663125991821,
    "shape": [
      1,
      512,
      64,
      64
    ],
    "method": "Both"
  },
  "decoder.mid.attn_1": {
    "l2_value": 0.00034325261367484927,
    "cosine_value": 0.09049177169799805,
    "shape": [
      1,
      512,
      64,
      64
    ],
    "method": "Both"
  },
  "decoder.mid.block_2": {
    "l2_value": 0.0003592480788938701,
    "cosine_value": 0.09217125177383423,
    "shape": [
      1,
      512,
      64,
      64
    ],
    "method": "Both"
  },
  "decoder.up.0.block.0": {
    "l2_value": 0.0012283043470233679,
    "cosine_value": 0.018768310546875,
    "shape": [
      1,
      128,
      512,
      512
    ],
    "method": "Both"
  },
  "decoder.up.0.block.1": {
    "l2_value": 0.0012501375749707222,
    "cosine_value": 0.015681028366088867,
    "shape": [
      1,
      128,
      512,
      512
    ],
    "method": "Both"
  },
  "decoder.up.0.block.2": {
    "l2_value": 0.0012867008335888386,
    "cosine_value": 0.01303088665008545,
    "shape": [
      1,
      128,
      512,
      512
    ],
    "method": "Both"
  },
  "decoder.up.1.block.0": {
    "l2_value": 0.0007648106548003852,
    "cosine_value": 0.05403494834899902,
    "shape": [
      1,
      256,
      256,
      256
    ],
    "method": "Both"
  },
  "decoder.up.1.block.1": {
    "l2_value": 0.0007881601923145354,
    "cosine_value": 0.058166325092315674,
    "shape": [
      1,
      256,
      256,
      256
    ],
    "method": "Both"
  },
  "decoder.up.1.block.2": {
    "l2_value": 0.000739348295610398,
    "cosine_value": 0.06051766872406006,
    "shape": [
      1,
      256,
      256,
      256
    ],
    "method": "Both"
  },
  "decoder.up.1.upsample": {
    "l2_value": 0.000858202634844929,
    "cosine_value": 0.04620480537414551,
    "shape": [
      1,
      256,
      512,
      512
    ],
    "method": "Both"
  },
  "decoder.up.2.block.0": {
    "l2_value": 0.0006568238604813814,
    "cosine_value": 0.08332109451293945,
    "shape": [
      1,
      512,
      128,
      128
    ],
    "method": "Both"
  },
  "decoder.up.2.block.1": {
    "l2_value": 0.0006770252366550267,
    "cosine_value": 0.08366864919662476,
    "shape": [
      1,
      512,
      128,
      128
    ],
    "method": "Both"
  },
  "decoder.up.2.block.2": {
    "l2_value": 0.0005996379186399281,
    "cosine_value": 0.08563369512557983,
    "shape": [
      1,
      512,
      128,
      128
    ],
    "method": "Both"
  },
  "decoder.up.2.upsample": {
    "l2_value": 0.0009119727765209973,
    "cosine_value": 0.07067042589187622,
    "shape": [
      1,
      512,
      256,
      256
    ],
    "method": "Both"
  },
  "decoder.up.3.block.0": {
    "l2_value": 0.000397781579522416,
    "cosine_value": 0.10037088394165039,
    "shape": [
      1,
      512,
      64,
      64
    ],
    "method": "Both"
  },
  "decoder.up.3.block.1": {
    "l2_value": 0.00041673053056001663,
    "cosine_value": 0.10644632577896118,
    "shape": [
      1,
      512,
      64,
      64
    ],
    "method": "Both"
  },
  "decoder.up.3.block.2": {
    "l2_value": 0.00037679559318348765,
    "cosine_value": 0.10405796766281128,
    "shape": [
      1,
      512,
      64,
      64
    ],
    "method": "Both"
  },
  "decoder.up.3.upsample": {
    "l2_value": 0.0006719551747664809,
    "cosine_value": 0.09057831764221191,
    "shape": [
      1,
      512,
      128,
      128
    ],
    "method": "Both"
  },
  "decoder.conv_out": {
    "l2_value": 0.0002206130496536692,
    "cosine_value": 0.04574376344680786,
    "shape": [
      1,
      3,
      512,
      512
    ],
    "method": "Both"
  }
}