{
  "decoder.conv_in": {
    "l2_value": 0.00017663602193351835,
    "cosine_value": 0.09770995378494263,
    "shape": [
      1,
      512,
      64,
      64
    ],
    "method": "Both"
  },
  "decoder.mid.block_1": {
    "l2_value": 0.0001953235623659566,
    "cosine_value": 0.06711876392364502,
    "shape": [
      1,
      512,
      64,
      64
    ],
    "method": "Both"
  },
  "decoder.mid.attn_1": {
    "l2_value": 0.00019898910250049084,
    "cosine_value": 0.06197565793991089,
    "shape": [
      1,
      512,
      64,
      64
    ],
    "method": "Both"
  },
  "decoder.mid.block_2": {
    "l2_value": 0.00021053108503110707,
    "cosine_value": 0.06307363510131836,
    "shape": [
      1,
      512,
      64,
      64
    ],
    "method": "Both"
  },
  "decoder.up.0.block.0": {
    "l2_value": 0.0009363004355691373,
    "cosine_value": 0.021299421787261963,
    "shape": [
      1,
      128,
      512,
      512
    ],
    "method": "Both"
  },
  "decoder.up.0.block.1": {
    "l2_value": 0.001044222735799849,
    "cosine_value": 0.019147634506225586,
    "shape": [
      1,
      128,
      512,
      512
    ],
    "method": "Both"
  },
  "decoder.up.0.block.2": {
    "l2_value": 0.0011838488280773163,
    "cosine_value": 0.017516493797302246,
    "shape": [
      1,
      128,
      512,
      512
    ],
    "method": "Both"
  },
  "decoder.up.1.block.0": {
    "l2_value": 0.0005333005101419985,
    "cosine_value": 0.04667550325393677,
    "shape": [
      1,
      256,
      256,
      256
    ],
    "method": "Both"
  },
  "decoder.up.1.block.1": {
    "l2_value": 0.0005279435426928103,
    "cosine_value": 0.044512271881103516,
    "shape": [
      1,
      256,
      256,
      256
    ],
    "method": "Both"
  },
  "decoder.up.1.block.2": {
    "l2_value": 0.00046877528075128794,
    "cosine_value": 0.04697716236114502,
    "shape": [
      1,
      256,
      256,
      256
    ],
    "method": "Both"
  },
  "decoder.up.1.upsample": {
    "l2_value": 0.0005360228824429214,
    "cosine_value": 0.038107335567474365,
    "shape": [
      1,
      256,
      512,
      512
    ],
    "method": "Both"
  },
  "decoder.up.2.block.0": {
    "l2_value": 0.0004093949683010578,
    "cosine_value": 0.05803936719894409,
    "shape": [
      1,
      512,
      128,
      128
    ],
    "method": "Both"
  },
  "decoder.up.2.block.1": {
    "l2_value": 0.0004290344368200749,
    "cosine_value": 0.06220811605453491,
    "shape": [
      1,
      512,
      128,
      128
    ],
    "method": "Both"
  },
  "decoder.up.2.block.2": {
    "l2_value": 0.0003816765092778951,
    "cosine_value": 0.0734257698059082,
    "shape": [
      1,
      512,
      128,
      128
    ],
    "method": "Both"
  },
  "decoder.up.2.upsample": {
    "l2_value": 0.0006029478390701115,
    "cosine_value": 0.06452029943466187,
    "shape": [
      1,
      512,
      256,
      256
    ],
    "method": "Both"
  },
  "decoder.up.3.block.0": {
    "l2_value": 0.00023646297631785274,
    "cosine_value": 0.06774866580963135,
    "shape": [
      1,
      512,
      64,
      64
    ],
    "method": "Both"
  },
  "decoder.up.3.block.1": {
    "l2_value": 0.00024878676049411297,
    "cosine_value": 0.06923854351043701,
    "shape": [
      1,
      512,
      64,
      64
    ],
    "method": "Both"
  },
  "decoder.up.3.block.2": {
    "l2_value": 0.00023228982172440737,
    "cosine_value": 0.07717740535736084,
    "shape": [
      1,
      512,
      64,
      64
    ],
    "method": "Both"
  },
  "decoder.up.3.upsample": {
    "l2_value": 0.00041163142304867506,
    "cosine_value": 0.06455206871032715,
    "shape": [
      1,
      512,
      128,
      128
    ],
    "method": "Both"
  },
  "decoder.conv_out": {
    "l2_value": 0.0001531030866317451,
    "cosine_value": 0.03569227457046509,
    "shape": [
      1,
      3,
      512,
      512
    ],
    "method": "Both"
  }
}