{
  "decoder.conv_in": {
    "l2_value": 0.00028340931748971343,
    "cosine_value": 0.07503122091293335,
    "shape": [
      1,
      512,
      64,
      64
    ],
    "method": "Both"
  },
  "decoder.mid.block_1": {
    "l2_value": 0.00026000215439125896,
    "cosine_value": 0.06188303232192993,
    "shape": [
      1,
      512,
      64,
      64
    ],
    "method": "Both"
  },
  "decoder.mid.attn_1": {
    "l2_value": 0.0002597160346340388,
    "cosine_value": 0.05873382091522217,
    "shape": [
      1,
      512,
      64,
      64
    ],
    "method": "Both"
  },
  "decoder.mid.block_2": {
    "l2_value": 0.000272326753474772,
    "cosine_value": 0.05960565805435181,
    "shape": [
      1,
      512,
      64,
      64
    ],
    "method": "Both"
  },
  "decoder.up.0.block.0": {
    "l2_value": 0.0007723026210442185,
    "cosine_value": 0.007385909557342529,
    "shape": [
      1,
      128,
      512,
      512
    ],
    "method": "Both"
  },
  "decoder.up.0.block.1": {
    "l2_value": 0.0007899454212747514,
    "cosine_value": 0.006121337413787842,
    "shape": [
      1,
      128,
      512,
      512
    ],
    "method": "Both"
  },
  "decoder.up.0.block.2": {
    "l2_value": 0.0008184227626770735,
    "cosine_value": 0.005138993263244629,
    "shape": [
      1,
      128,
      512,
      512
    ],
    "method": "Both"
  },
  "decoder.up.1.block.0": {
    "l2_value": 0.0005657076835632324,
    "cosine_value": 0.03781205415725708,
    "shape": [
      1,
      256,
      256,
      256
    ],
    "method": "Both"
  },
  "decoder.up.1.block.1": {
    "l2_value": 0.0005795664037577808,
    "cosine_value": 0.04047262668609619,
    "shape": [
      1,
      256,
      256,
      256
    ],
    "method": "Both"
  },
  "decoder.up.1.block.2": {
    "l2_value": 0.0005316507304087281,
    "cosine_value": 0.04236859083175659,
    "shape": [
      1,
      256,
      256,
      256
    ],
    "method": "Both"
  },
  "decoder.up.1.upsample": {
    "l2_value": 0.0005953107611276209,
    "cosine_value": 0.027317285537719727,
    "shape": [
      1,
      256,
      512,
      512
    ],
    "method": "Both"
  },
  "decoder.up.2.block.0": {
    "l2_value": 0.000508406141307205,
    "cosine_value": 0.0552746057510376,
    "shape": [
      1,
      512,
      128,
      128
    ],
    "method": "Both"
  },
  "decoder.up.2.block.1": {
    "l2_value": 0.0005253125564195216,
    "cosine_value": 0.05683058500289917,
    "shape": [
      1,
      512,
      128,
      128
    ],
    "method": "Both"
  },
  "decoder.up.2.block.2": {
    "l2_value": 0.00045974456588737667,
    "cosine_value": 0.06235766410827637,
    "shape": [
      1,
      512,
      128,
      128
    ],
    "method": "Both"
  },
  "decoder.up.2.upsample": {
    "l2_value": 0.0006868193740956485,
    "cosine_value": 0.05108112096786499,
    "shape": [
      1,
      512,
      256,
      256
    ],
    "method": "Both"
  },
  "decoder.up.3.block.0": {
    "l2_value": 0.00030674313893541694,
    "cosine_value": 0.06614446640014648,
    "shape": [
      1,
      512,
      64,
      64
    ],
    "method": "Both"
  },
  "decoder.up.3.block.1": {
    "l2_value": 0.0003251895250286907,
    "cosine_value": 0.07215660810470581,
    "shape": [
      1,
      512,
      64,
      64
    ],
    "method": "Both"
  },
  "decoder.up.3.block.2": {
    "l2_value": 0.00029578732210211456,
    "cosine_value": 0.07293331623077393,
    "shape": [
      1,
      512,
      64,
      64
    ],
    "method": "Both"
  },
  "decoder.up.3.upsample": {
    "l2_value": 0.0005255455616861582,
    "cosine_value": 0.060727596282958984,
    "shape": [
      1,
      512,
      128,
      128
    ],
    "method": "Both"
  },
  "decoder.conv_out": {
    "l2_value": 0.0001244742403893421,
    "cosine_value": 0.024523913860321045,
    "shape": [
      1,
      3,
      512,
      512
    ],
    "method": "Both"
  }
}