{
  "decoder.conv_in": {
    "l2_value": 0.00015241438813973218,
    "cosine_value": 0.08351707458496094,
    "shape": [
      1,
      512,
      64,
      64
    ],
    "method": "Both"
  },
  "decoder.mid.block_1": {
    "l2_value": 0.0001726540649542585,
    "cosine_value": 0.055831074714660645,
    "shape": [
      1,
      512,
      64,
      64
    ],
    "method": "Both"
  },
  "decoder.mid.attn_1": {
    "l2_value": 0.0001736091944621876,
    "cosine_value": 0.047434329986572266,
    "shape": [
      1,
      512,
      64,
      64
    ],
    "method": "Both"
  },
  "decoder.mid.block_2": {
    "l2_value": 0.00018209670088253915,
    "cosine_value": 0.04759877920150757,
    "shape": [
      1,
      512,
      64,
      64
    ],
    "method": "Both"
  },
  "decoder.up.0.block.0": {
    "l2_value": 0.0016401981702074409,
    "cosine_value": 0.0686197280883789,
    "shape": [
      1,
      128,
      512,
      512
    ],
    "method": "Both"
  },
  "decoder.up.0.block.1": {
    "l2_value": 0.001983467722311616,
    "cosine_value": 0.07205301523208618,
    "shape": [
      1,
      128,
      512,
      512
    ],
    "method": "Both"
  },
  "decoder.up.0.block.2": {
    "l2_value": 0.0023769696708768606,
    "cosine_value": 0.07378143072128296,
    "shape": [
      1,
      128,
      512,
      512
    ],
    "method": "Both"
  },
  "decoder.up.1.block.0": {
    "l2_value": 0.0004633395583368838,
    "cosine_value": 0.03501534461975098,
    "shape": [
      1,
      256,
      256,
      256
    ],
    "method": "Both"
  },
  "decoder.up.1.block.1": {
    "l2_value": 0.00046453450340777636,
    "cosine_value": 0.034731507301330566,
    "shape": [
      1,
      256,
      256,
      256
    ],
    "method": "Both"
  },
  "decoder.up.1.block.2": {
    "l2_value": 0.0004128412692807615,
    "cosine_value": 0.03787505626678467,
    "shape": [
      1,
      256,
      256,
      256
    ],
    "method": "Both"
  },
  "decoder.up.1.upsample": {
    "l2_value": 0.0005061997217126191,
    "cosine_value": 0.035164058208465576,
    "shape": [
      1,
      256,
      512,
      512
    ],
    "method": "Both"
  },
  "decoder.up.2.block.0": {
    "l2_value": 0.0003575614537112415,
    "cosine_value": 0.04369145631790161,
    "shape": [
      1,
      512,
      128,
      128
    ],
    "method": "Both"
  },
  "decoder.up.2.block.1": {
    "l2_value": 0.0003749089955817908,
    "cosine_value": 0.04790365695953369,
    "shape": [
      1,
      512,
      128,
      128
    ],
    "method": "Both"
  },
  "decoder.up.2.block.2": {
    "l2_value": 0.0003353924839757383,
    "cosine_value": 0.0587734580039978,
    "shape": [
      1,
      512,
      128,
      128
    ],
    "method": "Both"
  },
  "decoder.up.2.upsample": {
    "l2_value": 0.0005197171703912318,
    "cosine_value": 0.04953312873840332,
    "shape": [
      1,
      512,
      256,
      256
    ],
    "method": "Both"
  },
  "decoder.up.3.block.0": {
    "l2_value": 0.0002076139353448525,
    "cosine_value": 0.053115248680114746,
    "shape": [
      1,
      512,
      64,
      64
    ],
    "method": "Both"
  },
  "decoder.up.3.block.1": {
    "l2_value": 0.00022002657351549715,
    "cosine_value": 0.05525249242782593,
    "shape": [
      1,
      512,
      64,
      64
    ],
    "method": "Both"
  },
  "decoder.up.3.block.2": {
    "l2_value": 0.0002060468978015706,
    "cosine_value": 0.062066853046417236,
    "shape": [
      1,
      512,
      64,
      64
    ],
    "method": "Both"
  },
  "decoder.up.3.upsample": {
    "l2_value": 0.0003593530273064971,
    "cosine_value": 0.048726558685302734,
    "shape": [
      1,
      512,
      128,
      128
    ],
    "method": "Both"
  },
  "decoder.conv_out": {
    "l2_value": 0.00012838677503168583,
    "cosine_value": 0.02716439962387085,
    "shape": [
      1,
      3,
      512,
      512
    ],
    "method": "Both"
  }
}