{
  "decoder.conv_in": {
    "l2_value": 0.00017148771439678967,
    "cosine_value": 0.09294509887695312,
    "shape": [
      1,
      512,
      64,
      64
    ],
    "method": "Both"
  },
  "decoder.mid.block_1": {
    "l2_value": 0.00019234461069572717,
    "cosine_value": 0.06233477592468262,
    "shape": [
      1,
      512,
      64,
      64
    ],
    "method": "Both"
  },
  "decoder.mid.attn_1": {
    "l2_value": 0.00019063412037212402,
    "cosine_value": 0.05526912212371826,
    "shape": [
      1,
      512,
      64,
      64
    ],
    "method": "Both"
  },
  "decoder.mid.block_2": {
    "l2_value": 0.00020369394042063504,
    "cosine_value": 0.056651771068573,
    "shape": [
      1,
      512,
      64,
      64
    ],
    "method": "Both"
  },
  "decoder.up.0.block.0": {
    "l2_value": 0.0017465726705268025,
    "cosine_value": 0.07384616136550903,
    "shape": [
      1,
      128,
      512,
      512
    ],
    "method": "Both"
  },
  "decoder.up.0.block.1": {
    "l2_value": 0.0020999470725655556,
    "cosine_value": 0.0773513913154602,
    "shape": [
      1,
      128,
      512,
      512
    ],
    "method": "Both"
  },
  "decoder.up.0.block.2": {
    "l2_value": 0.002521684393286705,
    "cosine_value": 0.08016175031661987,
    "shape": [
      1,
      128,
      512,
      512
    ],
    "method": "Both"
  },
  "decoder.up.1.block.0": {
    "l2_value": 0.0005141992005519569,
    "cosine_value": 0.039264559745788574,
    "shape": [
      1,
      256,
      256,
      256
    ],
    "method": "Both"
  },
  "decoder.up.1.block.1": {
    "l2_value": 0.0005166401388123631,
    "cosine_value": 0.03838008642196655,
    "shape": [
      1,
      256,
      256,
      256
    ],
    "method": "Both"
  },
  "decoder.up.1.block.2": {
    "l2_value": 0.00047161176917143166,
    "cosine_value": 0.04174470901489258,
    "shape": [
      1,
      256,
      256,
      256
    ],
    "method": "Both"
  },
  "decoder.up.1.upsample": {
    "l2_value": 0.0005767332040704787,
    "cosine_value": 0.03938460350036621,
    "shape": [
      1,
      256,
      512,
      512
    ],
    "method": "Both"
  },
  "decoder.up.2.block.0": {
    "l2_value": 0.0003890618390869349,
    "cosine_value": 0.05074387788772583,
    "shape": [
      1,
      512,
      128,
      128
    ],
    "method": "Both"
  },
  "decoder.up.2.block.1": {
    "l2_value": 0.0004038892802782357,
    "cosine_value": 0.053180575370788574,
    "shape": [
      1,
      512,
      128,
      128
    ],
    "method": "Both"
  },
  "decoder.up.2.block.2": {
    "l2_value": 0.0003633452288340777,
    "cosine_value": 0.062255144119262695,
    "shape": [
      1,
      512,
      128,
      128
    ],
    "method": "Both"
  },
  "decoder.up.2.upsample": {
    "l2_value": 0.0005740064661949873,
    "cosine_value": 0.05420565605163574,
    "shape": [
      1,
      512,
      256,
      256
    ],
    "method": "Both"
  },
  "decoder.up.3.block.0": {
    "l2_value": 0.00022695123334415257,
    "cosine_value": 0.0601082444190979,
    "shape": [
      1,
      512,
      64,
      64
    ],
    "method": "Both"
  },
  "decoder.up.3.block.1": {
    "l2_value": 0.00023557063832413405,
    "cosine_value": 0.060310959815979004,
    "shape": [
      1,
      512,
      64,
      64
    ],
    "method": "Both"
  },
  "decoder.up.3.block.2": {
    "l2_value": 0.00022105382231529802,
    "cosine_value": 0.06675702333450317,
    "shape": [
      1,
      512,
      64,
      64
    ],
    "method": "Both"
  },
  "decoder.up.3.upsample": {
    "l2_value": 0.0003914476837962866,
    "cosine_value": 0.05682247877120972,
    "shape": [
      1,
      512,
      128,
      128
    ],
    "method": "Both"
  },
  "decoder.conv_out": {
    "l2_value": 0.0001912831988496085,
    "cosine_value": 0.035888612270355225,
    "shape": [
      1,
      3,
      512,
      512
    ],
    "method": "Both"
  }
}