{
  "decoder.conv_in": {
    "l2_value": 0.0003044530167244375,
    "cosine_value": 0.0747673511505127,
    "shape": [
      1,
      512,
      64,
      64
    ],
    "method": "Both"
  },
  "decoder.mid.block_1": {
    "l2_value": 0.0002859086962416768,
    "cosine_value": 0.06639337539672852,
    "shape": [
      1,
      512,
      64,
      64
    ],
    "method": "Both"
  },
  "decoder.mid.attn_1": {
    "l2_value": 0.00028392914100550115,
    "cosine_value": 0.06379777193069458,
    "shape": [
      1,
      512,
      64,
      64
    ],
    "method": "Both"
  },
  "decoder.mid.block_2": {
    "l2_value": 0.0002961617719847709,
    "cosine_value": 0.06421405076980591,
    "shape": [
      1,
      512,
      64,
      64
    ],
    "method": "Both"
  },
  "decoder.up.0.block.0": {
    "l2_value": 0.0010507924016565084,
    "cosine_value": 0.013184845447540283,
    "shape": [
      1,
      128,
      512,
      512
    ],
    "method": "Both"
  },
  "decoder.up.0.block.1": {
    "l2_value": 0.0010685980087146163,
    "cosine_value": 0.011070311069488525,
    "shape": [
      1,
      128,
      512,
      512
    ],
    "method": "Both"
  },
  "decoder.up.0.block.2": {
    "l2_value": 0.0010975445620715618,
    "cosine_value": 0.009210824966430664,
    "shape": [
      1,
      128,
      512,
      512
    ],
    "method": "Both"
  },
  "decoder.up.1.block.0": {
    "l2_value": 0.0006437491974793375,
    "cosine_value": 0.038663506507873535,
    "shape": [
      1,
      256,
      256,
      256
    ],
    "method": "Both"
  },
  "decoder.up.1.block.1": {
    "l2_value": 0.000660482794046402,
    "cosine_value": 0.04126179218292236,
    "shape": [
      1,
      256,
      256,
      256
    ],
    "method": "Both"
  },
  "decoder.up.1.block.2": {
    "l2_value": 0.0006193147855810821,
    "cosine_value": 0.04289454221725464,
    "shape": [
      1,
      256,
      256,
      256
    ],
    "method": "Both"
  },
  "decoder.up.1.upsample": {
    "l2_value": 0.0007213475182652473,
    "cosine_value": 0.03256082534790039,
    "shape": [
      1,
      256,
      512,
      512
    ],
    "method": "Both"
  },
  "decoder.up.2.block.0": {
    "l2_value": 0.000545330171007663,
    "cosine_value": 0.05844318866729736,
    "shape": [
      1,
      512,
      128,
      128
    ],
    "method": "Both"
  },
  "decoder.up.2.block.1": {
    "l2_value": 0.0005597196868620813,
    "cosine_value": 0.05803734064102173,
    "shape": [
      1,
      512,
      128,
      128
    ],
    "method": "Both"
  },
  "decoder.up.2.block.2": {
    "l2_value": 0.000496775028295815,
    "cosine_value": 0.05983656644821167,
    "shape": [
      1,
      512,
      128,
      128
    ],
    "method": "Both"
  },
  "decoder.up.2.upsample": {
    "l2_value": 0.0007596288342028856,
    "cosine_value": 0.050369858741760254,
    "shape": [
      1,
      512,
      256,
      256
    ],
    "method": "Both"
  },
  "decoder.up.3.block.0": {
    "l2_value": 0.0003265408449806273,
    "cosine_value": 0.06935817003250122,
    "shape": [
      1,
      512,
      64,
      64
    ],
    "method": "Both"
  },
  "decoder.up.3.block.1": {
    "l2_value": 0.0003419662534724921,
    "cosine_value": 0.07323688268661499,
    "shape": [
      1,
      512,
      64,
      64
    ],
    "method": "Both"
  },
  "decoder.up.3.block.2": {
    "l2_value": 0.0003108333039563149,
    "cosine_value": 0.07240879535675049,
    "shape": [
      1,
      512,
      64,
      64
    ],
    "method": "Both"
  },
  "decoder.up.3.upsample": {
    "l2_value": 0.0005584137397818267,
    "cosine_value": 0.06368517875671387,
    "shape": [
      1,
      512,
      128,
      128
    ],
    "method": "Both"
  },
  "decoder.conv_out": {
    "l2_value": 0.00019024525924275318,
    "cosine_value": 0.03380340337753296,
    "shape": [
      1,
      3,
      512,
      512
    ],
    "method": "Both"
  }
}