{
  "decoder.conv_in": {
    "l2_value": 0.00025018243468366563,
    "cosine_value": 0.2041569948196411,
    "shape": [
      1,
      512,
      64,
      64
    ],
    "method": "Both"
  },
  "decoder.mid.block_1": {
    "l2_value": 0.000290260068140924,
    "cosine_value": 0.1514507532119751,
    "shape": [
      1,
      512,
      64,
      64
    ],
    "method": "Both"
  },
  "decoder.mid.attn_1": {
    "l2_value": 0.0002860267704818398,
    "cosine_value": 0.12885451316833496,
    "shape": [
      1,
      512,
      64,
      64
    ],
    "method": "Both"
  },
  "decoder.mid.block_2": {
    "l2_value": 0.00029598455876111984,
    "cosine_value": 0.12580513954162598,
    "shape": [
      1,
      512,
      64,
      64
    ],
    "method": "Both"
  },
  "decoder.up.0.block.0": {
    "l2_value": 0.0033684668596833944,
    "cosine_value": 0.2648109793663025,
    "shape": [
      1,
      128,
      512,
      512
    ],
    "method": "Both"
  },
  "decoder.up.0.block.1": {
    "l2_value": 0.004020933527499437,
    "cosine_value": 0.27477240562438965,
    "shape": [
      1,
      128,
      512,
      512
    ],
    "method": "Both"
  },
  "decoder.up.0.block.2": {
    "l2_value": 0.004803091753274202,
    "cosine_value": 0.2804744839668274,
    "shape": [
      1,
      128,
      512,
      512
    ],
    "method": "Both"
  },
  "decoder.up.1.block.0": {
    "l2_value": 0.0007766089984215796,
    "cosine_value": 0.09642308950424194,
    "shape": [
      1,
      256,
      256,
      256
    ],
    "method": "Both"
  },
  "decoder.up.1.block.1": {
    "l2_value": 0.0007877564639784396,
    "cosine_value": 0.09651589393615723,
    "shape": [
      1,
      256,
      256,
      256
    ],
    "method": "Both"
  },
  "decoder.up.1.block.2": {
    "l2_value": 0.0007305500912480056,
    "cosine_value": 0.11092913150787354,
    "shape": [
      1,
      256,
      256,
      256
    ],
    "method": "Both"
  },
  "decoder.up.1.upsample": {
    "l2_value": 0.0009803923312574625,
    "cosine_value": 0.12270528078079224,
    "shape": [
      1,
      256,
      512,
      512
    ],
    "method": "Both"
  },
  "decoder.up.2.block.0": {
    "l2_value": 0.0005632555694319308,
    "cosine_value": 0.11141085624694824,
    "shape": [
      1,
      512,
      128,
      128
    ],
    "method": "Both"
  },
  "decoder.up.2.block.1": {
    "l2_value": 0.0005836097989231348,
    "cosine_value": 0.1167687177658081,
    "shape": [
      1,
      512,
      128,
      128
    ],
    "method": "Both"
  },
  "decoder.up.2.block.2": {
    "l2_value": 0.0005309301777742803,
    "cosine_value": 0.14409512281417847,
    "shape": [
      1,
      512,
      128,
      128
    ],
    "method": "Both"
  },
  "decoder.up.2.upsample": {
    "l2_value": 0.0008544718730263412,
    "cosine_value": 0.12893939018249512,
    "shape": [
      1,
      512,
      256,
      256
    ],
    "method": "Both"
  },
  "decoder.up.3.block.0": {
    "l2_value": 0.00032956607174128294,
    "cosine_value": 0.13351088762283325,
    "shape": [
      1,
      512,
      64,
      64
    ],
    "method": "Both"
  },
  "decoder.up.3.block.1": {
    "l2_value": 0.0003392695798538625,
    "cosine_value": 0.13115721940994263,
    "shape": [
      1,
      512,
      64,
      64
    ],
    "method": "Both"
  },
  "decoder.up.3.block.2": {
    "l2_value": 0.00031826147460378706,
    "cosine_value": 0.14733630418777466,
    "shape": [
      1,
      512,
      64,
      64
    ],
    "method": "Both"
  },
  "decoder.up.3.upsample": {
    "l2_value": 0.0005632454995065928,
    "cosine_value": 0.1231541633605957,
    "shape": [
      1,
      512,
      128,
      128
    ],
    "method": "Both"
  },
  "decoder.conv_out": {
    "l2_value": 0.00030562638615568477,
    "cosine_value": 0.14566820859909058,
    "shape": [
      1,
      3,
      512,
      512
    ],
    "method": "Both"
  }
}