{
  "decoder.conv_in": {
    "l2_value": 0.0005041093099862337,
    "cosine_value": 0.23343771696090698,
    "shape": [
      1,
      512,
      64,
      64
    ],
    "method": "Both"
  },
  "decoder.mid.block_1": {
    "l2_value": 0.0005460110260173678,
    "cosine_value": 0.2695428729057312,
    "shape": [
      1,
      512,
      64,
      64
    ],
    "method": "Both"
  },
  "decoder.mid.attn_1": {
    "l2_value": 0.0005393040482886136,
    "cosine_value": 0.2541045546531677,
    "shape": [
      1,
      512,
      64,
      64
    ],
    "method": "Both"
  },
  "decoder.mid.block_2": {
    "l2_value": 0.0005386177217587829,
    "cosine_value": 0.2357587218284607,
    "shape": [
      1,
      512,
      64,
      64
    ],
    "method": "Both"
  },
  "decoder.up.0.block.0": {
    "l2_value": 0.0074434527195990086,
    "cosine_value": 0.6418056190013885,
    "shape": [
      1,
      128,
      512,
      512
    ],
    "method": "Both"
  },
  "decoder.up.0.block.1": {
    "l2_value": 0.008490321226418018,
    "cosine_value": 0.665855199098587,
    "shape": [
      1,
      128,
      512,
      512
    ],
    "method": "Both"
  },
  "decoder.up.0.block.2": {
    "l2_value": 0.009697997011244297,
    "cosine_value": 0.6823421120643616,
    "shape": [
      1,
      128,
      512,
      512
    ],
    "method": "Both"
  },
  "decoder.up.1.block.0": {
    "l2_value": 0.0012859789421781898,
    "cosine_value": 0.18524998426437378,
    "shape": [
      1,
      256,
      256,
      256
    ],
    "method": "Both"
  },
  "decoder.up.1.block.1": {
    "l2_value": 0.0013181744143366814,
    "cosine_value": 0.1978440284729004,
    "shape": [
      1,
      256,
      256,
      256
    ],
    "method": "Both"
  },
  "decoder.up.1.block.2": {
    "l2_value": 0.0012644132366403937,
    "cosine_value": 0.22189205884933472,
    "shape": [
      1,
      256,
      256,
      256
    ],
    "method": "Both"
  },
  "decoder.up.1.upsample": {
    "l2_value": 0.0022647979203611612,
    "cosine_value": 0.3627127408981323,
    "shape": [
      1,
      256,
      512,
      512
    ],
    "method": "Both"
  },
  "decoder.up.2.block.0": {
    "l2_value": 0.0009184593800455332,
    "cosine_value": 0.18506091833114624,
    "shape": [
      1,
      512,
      128,
      128
    ],
    "method": "Both"
  },
  "decoder.up.2.block.1": {
    "l2_value": 0.0009368705214001238,
    "cosine_value": 0.18238478899002075,
    "shape": [
      1,
      512,
      128,
      128
    ],
    "method": "Both"
  },
  "decoder.up.2.block.2": {
    "l2_value": 0.0008443756960332394,
    "cosine_value": 0.2045544981956482,
    "shape": [
      1,
      512,
      128,
      128
    ],
    "method": "Both"
  },
  "decoder.up.2.upsample": {
    "l2_value": 0.0013521440559998155,
    "cosine_value": 0.1890665888786316,
    "shape": [
      1,
      512,
      256,
      256
    ],
    "method": "Both"
  },
  "decoder.up.3.block.0": {
    "l2_value": 0.0005733321886509657,
    "cosine_value": 0.23435956239700317,
    "shape": [
      1,
      512,
      64,
      64
    ],
    "method": "Both"
  },
  "decoder.up.3.block.1": {
    "l2_value": 0.0005696653388440609,
    "cosine_value": 0.22566860914230347,
    "shape": [
      1,
      512,
      64,
      64
    ],
    "method": "Both"
  },
  "decoder.up.3.block.2": {
    "l2_value": 0.0005136597901582718,
    "cosine_value": 0.22487413883209229,
    "shape": [
      1,
      512,
      64,
      64
    ],
    "method": "Both"
  },
  "decoder.up.3.upsample": {
    "l2_value": 0.0009266302804462612,
    "cosine_value": 0.19769638776779175,
    "shape": [
      1,
      512,
      128,
      128
    ],
    "method": "Both"
  },
  "decoder.conv_out": {
    "l2_value": 0.00030338917470847565,
    "cosine_value": 0.13949137926101685,
    "shape": [
      1,
      3,
      512,
      512
    ],
    "method": "Both"
  }
}