{
  "decoder.conv_in": {
    "l2_value": 0.000286633032374084,
    "cosine_value": 0.07023876905441284,
    "shape": [
      1,
      512,
      64,
      64
    ],
    "method": "Both"
  },
  "decoder.mid.block_1": {
    "l2_value": 0.00026583991711959243,
    "cosine_value": 0.060646235942840576,
    "shape": [
      1,
      512,
      64,
      64
    ],
    "method": "Both"
  },
  "decoder.mid.attn_1": {
    "l2_value": 0.00026454226463101804,
    "cosine_value": 0.05836004018783569,
    "shape": [
      1,
      512,
      64,
      64
    ],
    "method": "Both"
  },
  "decoder.mid.block_2": {
    "l2_value": 0.00027568123186938465,
    "cosine_value": 0.05864512920379639,
    "shape": [
      1,
      512,
      64,
      64
    ],
    "method": "Both"
  },
  "decoder.up.0.block.0": {
    "l2_value": 0.0009407811448909342,
    "cosine_value": 0.01105111837387085,
    "shape": [
      1,
      128,
      512,
      512
    ],
    "method": "Both"
  },
  "decoder.up.0.block.1": {
    "l2_value": 0.00096107367426157,
    "cosine_value": 0.009268641471862793,
    "shape": [
      1,
      128,
      512,
      512
    ],
    "method": "Both"
  },
  "decoder.up.0.block.2": {
    "l2_value": 0.0009912787936627865,
    "cosine_value": 0.00771486759185791,
    "shape": [
      1,
      128,
      512,
      512
    ],
    "method": "Both"
  },
  "decoder.up.1.block.0": {
    "l2_value": 0.0005894112400710583,
    "cosine_value": 0.03567689657211304,
    "shape": [
      1,
      256,
      256,
      256
    ],
    "method": "Both"
  },
  "decoder.up.1.block.1": {
    "l2_value": 0.0006061590975150466,
    "cosine_value": 0.038382649421691895,
    "shape": [
      1,
      256,
      256,
      256
    ],
    "method": "Both"
  },
  "decoder.up.1.block.2": {
    "l2_value": 0.0005686995573341846,
    "cosine_value": 0.040455758571624756,
    "shape": [
      1,
      256,
      256,
      256
    ],
    "method": "Both"
  },
  "decoder.up.1.upsample": {
    "l2_value": 0.0006610330892726779,
    "cosine_value": 0.029953718185424805,
    "shape": [
      1,
      256,
      512,
      512
    ],
    "method": "Both"
  },
  "decoder.up.2.block.0": {
    "l2_value": 0.0005071400082670152,
    "cosine_value": 0.05358278751373291,
    "shape": [
      1,
      512,
      128,
      128
    ],
    "method": "Both"
  },
  "decoder.up.2.block.1": {
    "l2_value": 0.0005212827818468213,
    "cosine_value": 0.05331844091415405,
    "shape": [
      1,
      512,
      128,
      128
    ],
    "method": "Both"
  },
  "decoder.up.2.block.2": {
    "l2_value": 0.00046160034253261983,
    "cosine_value": 0.055871546268463135,
    "shape": [
      1,
      512,
      128,
      128
    ],
    "method": "Both"
  },
  "decoder.up.2.upsample": {
    "l2_value": 0.0007018879987299442,
    "cosine_value": 0.0465509295463562,
    "shape": [
      1,
      512,
      256,
      256
    ],
    "method": "Both"
  },
  "decoder.up.3.block.0": {
    "l2_value": 0.0003033131069969386,
    "cosine_value": 0.062477707862854004,
    "shape": [
      1,
      512,
      64,
      64
    ],
    "method": "Both"
  },
  "decoder.up.3.block.1": {
    "l2_value": 0.000317836063914001,
    "cosine_value": 0.0663442611694336,
    "shape": [
      1,
      512,
      64,
      64
    ],
    "method": "Both"
  },
  "decoder.up.3.block.2": {
    "l2_value": 0.00028939355979673564,
    "cosine_value": 0.06656408309936523,
    "shape": [
      1,
      512,
      64,
      64
    ],
    "method": "Both"
  },
  "decoder.up.3.upsample": {
    "l2_value": 0.0005203864420764148,
    "cosine_value": 0.05894005298614502,
    "shape": [
      1,
      512,
      128,
      128
    ],
    "method": "Both"
  },
  "decoder.conv_out": {
    "l2_value": 0.00016551736431817213,
    "cosine_value": 0.03086453676223755,
    "shape": [
      1,
      3,
      512,
      512
    ],
    "method": "Both"
  }
}