{
  "decoder.conv_in": {
    "l2_value": 0.0002268255193484947,
    "cosine_value": 0.03626006841659546,
    "shape": [
      1,
      512,
      64,
      64
    ],
    "method": "Both"
  },
  "decoder.mid.block_1": {
    "l2_value": 0.0002102405414916575,
    "cosine_value": 0.03199315071105957,
    "shape": [
      1,
      512,
      64,
      64
    ],
    "method": "Both"
  },
  "decoder.mid.attn_1": {
    "l2_value": 0.00021012114302720875,
    "cosine_value": 0.031839966773986816,
    "shape": [
      1,
      512,
      64,
      64
    ],
    "method": "Both"
  },
  "decoder.mid.block_2": {
    "l2_value": 0.00022082278155721724,
    "cosine_value": 0.03272658586502075,
    "shape": [
      1,
      512,
      64,
      64
    ],
    "method": "Both"
  },
  "decoder.up.0.block.0": {
    "l2_value": 0.0007939946954138577,
    "cosine_value": 0.00820547342300415,
    "shape": [
      1,
      128,
      512,
      512
    ],
    "method": "Both"
  },
  "decoder.up.0.block.1": {
    "l2_value": 0.0008296572486869991,
    "cosine_value": 0.00717616081237793,
    "shape": [
      1,
      128,
      512,
      512
    ],
    "method": "Both"
  },
  "decoder.up.0.block.2": {
    "l2_value": 0.0008752002031542361,
    "cosine_value": 0.006238043308258057,
    "shape": [
      1,
      128,
      512,
      512
    ],
    "method": "Both"
  },
  "decoder.up.1.block.0": {
    "l2_value": 0.0004659993574023247,
    "cosine_value": 0.019308090209960938,
    "shape": [
      1,
      256,
      256,
      256
    ],
    "method": "Both"
  },
  "decoder.up.1.block.1": {
    "l2_value": 0.00048111306386999786,
    "cosine_value": 0.02088618278503418,
    "shape": [
      1,
      256,
      256,
      256
    ],
    "method": "Both"
  },
  "decoder.up.1.block.2": {
    "l2_value": 0.00045103003503754735,
    "cosine_value": 0.021642744541168213,
    "shape": [
      1,
      256,
      256,
      256
    ],
    "method": "Both"
  },
  "decoder.up.1.upsample": {
    "l2_value": 0.0005318265757523477,
    "cosine_value": 0.017302751541137695,
    "shape": [
      1,
      256,
      512,
      512
    ],
    "method": "Both"
  },
  "decoder.up.2.block.0": {
    "l2_value": 0.00039955510874278843,
    "cosine_value": 0.02905327081680298,
    "shape": [
      1,
      512,
      128,
      128
    ],
    "method": "Both"
  },
  "decoder.up.2.block.1": {
    "l2_value": 0.0004102228849660605,
    "cosine_value": 0.02921348810195923,
    "shape": [
      1,
      512,
      128,
      128
    ],
    "method": "Both"
  },
  "decoder.up.2.block.2": {
    "l2_value": 0.00036252973950468004,
    "cosine_value": 0.02942216396331787,
    "shape": [
      1,
      512,
      128,
      128
    ],
    "method": "Both"
  },
  "decoder.up.2.upsample": {
    "l2_value": 0.0005515732918865979,
    "cosine_value": 0.02442997694015503,
    "shape": [
      1,
      512,
      256,
      256
    ],
    "method": "Both"
  },
  "decoder.up.3.block.0": {
    "l2_value": 0.0002452358021400869,
    "cosine_value": 0.03602302074432373,
    "shape": [
      1,
      512,
      64,
      64
    ],
    "method": "Both"
  },
  "decoder.up.3.block.1": {
    "l2_value": 0.0002569782081991434,
    "cosine_value": 0.037926435470581055,
    "shape": [
      1,
      512,
      64,
      64
    ],
    "method": "Both"
  },
  "decoder.up.3.block.2": {
    "l2_value": 0.0002306416427018121,
    "cosine_value": 0.036041438579559326,
    "shape": [
      1,
      512,
      64,
      64
    ],
    "method": "Both"
  },
  "decoder.up.3.upsample": {
    "l2_value": 0.0004096110351383686,
    "cosine_value": 0.03158289194107056,
    "shape": [
      1,
      512,
      128,
      128
    ],
    "method": "Both"
  },
  "decoder.conv_out": {
    "l2_value": 0.00013201532419770956,
    "cosine_value": 0.016645610332489014,
    "shape": [
      1,
      3,
      512,
      512
    ],
    "method": "Both"
  }
}