{
  "decoder.conv_in": {
    "l2_value": 0.00035015083267353475,
    "cosine_value": 0.10137522220611572,
    "shape": [
      1,
      512,
      64,
      64
    ],
    "method": "Both"
  },
  "decoder.mid.block_1": {
    "l2_value": 0.00034115472226403654,
    "cosine_value": 0.09516745805740356,
    "shape": [
      1,
      512,
      64,
      64
    ],
    "method": "Both"
  },
  "decoder.mid.attn_1": {
    "l2_value": 0.000333959556883201,
    "cosine_value": 0.09111660718917847,
    "shape": [
      1,
      512,
      64,
      64
    ],
    "method": "Both"
  },
  "decoder.mid.block_2": {
    "l2_value": 0.00034852686803787947,
    "cosine_value": 0.09239095449447632,
    "shape": [
      1,
      512,
      64,
      64
    ],
    "method": "Both"
  },
  "decoder.up.0.block.0": {
    "l2_value": 0.0013164347037672997,
    "cosine_value": 0.021272599697113037,
    "shape": [
      1,
      128,
      512,
      512
    ],
    "method": "Both"
  },
  "decoder.up.0.block.1": {
    "l2_value": 0.0014071875484660268,
    "cosine_value": 0.019327878952026367,
    "shape": [
      1,
      128,
      512,
      512
    ],
    "method": "Both"
  },
  "decoder.up.0.block.2": {
    "l2_value": 0.0014883197145536542,
    "cosine_value": 0.01686948537826538,
    "shape": [
      1,
      128,
      512,
      512
    ],
    "method": "Both"
  },
  "decoder.up.1.block.0": {
    "l2_value": 0.0007423868519254029,
    "cosine_value": 0.05511552095413208,
    "shape": [
      1,
      256,
      256,
      256
    ],
    "method": "Both"
  },
  "decoder.up.1.block.1": {
    "l2_value": 0.0007677583489567041,
    "cosine_value": 0.05957770347595215,
    "shape": [
      1,
      256,
      256,
      256
    ],
    "method": "Both"
  },
  "decoder.up.1.block.2": {
    "l2_value": 0.0007208933238871396,
    "cosine_value": 0.06243413686752319,
    "shape": [
      1,
      256,
      256,
      256
    ],
    "method": "Both"
  },
  "decoder.up.1.upsample": {
    "l2_value": 0.000868248927872628,
    "cosine_value": 0.049076080322265625,
    "shape": [
      1,
      256,
      512,
      512
    ],
    "method": "Both"
  },
  "decoder.up.2.block.0": {
    "l2_value": 0.0006341705447994173,
    "cosine_value": 0.08260190486907959,
    "shape": [
      1,
      512,
      128,
      128
    ],
    "method": "Both"
  },
  "decoder.up.2.block.1": {
    "l2_value": 0.0006553869461640716,
    "cosine_value": 0.08249562978744507,
    "shape": [
      1,
      512,
      128,
      128
    ],
    "method": "Both"
  },
  "decoder.up.2.block.2": {
    "l2_value": 0.0005816493649035692,
    "cosine_value": 0.08546698093414307,
    "shape": [
      1,
      512,
      128,
      128
    ],
    "method": "Both"
  },
  "decoder.up.2.upsample": {
    "l2_value": 0.0008855817723087966,
    "cosine_value": 0.0713738203048706,
    "shape": [
      1,
      512,
      256,
      256
    ],
    "method": "Both"
  },
  "decoder.up.3.block.0": {
    "l2_value": 0.0003836250107269734,
    "cosine_value": 0.09823942184448242,
    "shape": [
      1,
      512,
      64,
      64
    ],
    "method": "Both"
  },
  "decoder.up.3.block.1": {
    "l2_value": 0.0004021572240162641,
    "cosine_value": 0.10396420955657959,
    "shape": [
      1,
      512,
      64,
      64
    ],
    "method": "Both"
  },
  "decoder.up.3.block.2": {
    "l2_value": 0.0003629628918133676,
    "cosine_value": 0.10269027948379517,
    "shape": [
      1,
      512,
      64,
      64
    ],
    "method": "Both"
  },
  "decoder.up.3.upsample": {
    "l2_value": 0.0006433227099478245,
    "cosine_value": 0.08889049291610718,
    "shape": [
      1,
      512,
      128,
      128
    ],
    "method": "Both"
  },
  "decoder.conv_out": {
    "l2_value": 0.00015472364611923695,
    "cosine_value": 0.027339637279510498,
    "shape": [
      1,
      3,
      512,
      512
    ],
    "method": "Both"
  }
}