{
  "decoder.conv_in": {
    "l2_value": 0.00017436461348552257,
    "cosine_value": 0.09348487854003906,
    "shape": [
      1,
      512,
      64,
      64
    ],
    "method": "Both"
  },
  "decoder.mid.block_1": {
    "l2_value": 0.00020928758021909744,
    "cosine_value": 0.0732266902923584,
    "shape": [
      1,
      512,
      64,
      64
    ],
    "method": "Both"
  },
  "decoder.mid.attn_1": {
    "l2_value": 0.00020320405019447207,
    "cosine_value": 0.06342333555221558,
    "shape": [
      1,
      512,
      64,
      64
    ],
    "method": "Both"
  },
  "decoder.mid.block_2": {
    "l2_value": 0.0002185401099268347,
    "cosine_value": 0.06612187623977661,
    "shape": [
      1,
      512,
      64,
      64
    ],
    "method": "Both"
  },
  "decoder.up.0.block.0": {
    "l2_value": 0.0008006600546650589,
    "cosine_value": 0.015241444110870361,
    "shape": [
      1,
      128,
      512,
      512
    ],
    "method": "Both"
  },
  "decoder.up.0.block.1": {
    "l2_value": 0.0008433049079030752,
    "cosine_value": 0.012247025966644287,
    "shape": [
      1,
      128,
      512,
      512
    ],
    "method": "Both"
  },
  "decoder.up.0.block.2": {
    "l2_value": 0.0008991111535578966,
    "cosine_value": 0.009977281093597412,
    "shape": [
      1,
      128,
      512,
      512
    ],
    "method": "Both"
  },
  "decoder.up.1.block.0": {
    "l2_value": 0.0005524136358872056,
    "cosine_value": 0.047276437282562256,
    "shape": [
      1,
      256,
      256,
      256
    ],
    "method": "Both"
  },
  "decoder.up.1.block.1": {
    "l2_value": 0.0005653938860632479,
    "cosine_value": 0.04778224229812622,
    "shape": [
      1,
      256,
      256,
      256
    ],
    "method": "Both"
  },
  "decoder.up.1.block.2": {
    "l2_value": 0.0005066407611593604,
    "cosine_value": 0.05029869079589844,
    "shape": [
      1,
      256,
      256,
      256
    ],
    "method": "Both"
  },
  "decoder.up.1.upsample": {
    "l2_value": 0.0005411606398411095,
    "cosine_value": 0.03571242094039917,
    "shape": [
      1,
      256,
      512,
      512
    ],
    "method": "Both"
  },
  "decoder.up.2.block.0": {
    "l2_value": 0.00043311811168678105,
    "cosine_value": 0.06323081254959106,
    "shape": [
      1,
      512,
      128,
      128
    ],
    "method": "Both"
  },
  "decoder.up.2.block.1": {
    "l2_value": 0.0004565741110127419,
    "cosine_value": 0.06816571950912476,
    "shape": [
      1,
      512,
      128,
      128
    ],
    "method": "Both"
  },
  "decoder.up.2.block.2": {
    "l2_value": 0.00041186081944033504,
    "cosine_value": 0.0808413028717041,
    "shape": [
      1,
      512,
      128,
      128
    ],
    "method": "Both"
  },
  "decoder.up.2.upsample": {
    "l2_value": 0.0006361753330565989,
    "cosine_value": 0.06756836175918579,
    "shape": [
      1,
      512,
      256,
      256
    ],
    "method": "Both"
  },
  "decoder.up.3.block.0": {
    "l2_value": 0.00025571617879904807,
    "cosine_value": 0.07663953304290771,
    "shape": [
      1,
      512,
      64,
      64
    ],
    "method": "Both"
  },
  "decoder.up.3.block.1": {
    "l2_value": 0.00026808466645888984,
    "cosine_value": 0.07805424928665161,
    "shape": [
      1,
      512,
      64,
      64
    ],
    "method": "Both"
  },
  "decoder.up.3.block.2": {
    "l2_value": 0.00024978647707030177,
    "cosine_value": 0.08541733026504517,
    "shape": [
      1,
      512,
      64,
      64
    ],
    "method": "Both"
  },
  "decoder.up.3.upsample": {
    "l2_value": 0.00042722519719973207,
    "cosine_value": 0.06832140684127808,
    "shape": [
      1,
      512,
      128,
      128
    ],
    "method": "Both"
  },
  "decoder.conv_out": {
    "l2_value": 0.0001577720589314898,
    "cosine_value": 0.029721975326538086,
    "shape": [
      1,
      3,
      512,
      512
    ],
    "method": "Both"
  }
}