{
  "decoder.conv_in": {
    "l2_value": 0.00019985907420050353,
    "cosine_value": 0.11987245082855225,
    "shape": [
      1,
      512,
      64,
      64
    ],
    "method": "Both"
  },
  "decoder.mid.block_1": {
    "l2_value": 0.00022693834034726024,
    "cosine_value": 0.08149212598800659,
    "shape": [
      1,
      512,
      64,
      64
    ],
    "method": "Both"
  },
  "decoder.mid.attn_1": {
    "l2_value": 0.00022499520855490118,
    "cosine_value": 0.07493054866790771,
    "shape": [
      1,
      512,
      64,
      64
    ],
    "method": "Both"
  },
  "decoder.mid.block_2": {
    "l2_value": 0.00024155784922186285,
    "cosine_value": 0.07801949977874756,
    "shape": [
      1,
      512,
      64,
      64
    ],
    "method": "Both"
  },
  "decoder.up.0.block.0": {
    "l2_value": 0.0009311169269494712,
    "cosine_value": 0.020277202129364014,
    "shape": [
      1,
      128,
      512,
      512
    ],
    "method": "Both"
  },
  "decoder.up.0.block.1": {
    "l2_value": 0.0009811350610107183,
    "cosine_value": 0.016413092613220215,
    "shape": [
      1,
      128,
      512,
      512
    ],
    "method": "Both"
  },
  "decoder.up.0.block.2": {
    "l2_value": 0.0010537711204960942,
    "cosine_value": 0.013659477233886719,
    "shape": [
      1,
      128,
      512,
      512
    ],
    "method": "Both"
  },
  "decoder.up.1.block.0": {
    "l2_value": 0.0006167548126541078,
    "cosine_value": 0.05640953779220581,
    "shape": [
      1,
      256,
      256,
      256
    ],
    "method": "Both"
  },
  "decoder.up.1.block.1": {
    "l2_value": 0.0006231294246390462,
    "cosine_value": 0.05560427904129028,
    "shape": [
      1,
      256,
      256,
      256
    ],
    "method": "Both"
  },
  "decoder.up.1.block.2": {
    "l2_value": 0.0005590345244854689,
    "cosine_value": 0.057960450649261475,
    "shape": [
      1,
      256,
      256,
      256
    ],
    "method": "Both"
  },
  "decoder.up.1.upsample": {
    "l2_value": 0.0006097276927903295,
    "cosine_value": 0.04321610927581787,
    "shape": [
      1,
      256,
      512,
      512
    ],
    "method": "Both"
  },
  "decoder.up.2.block.0": {
    "l2_value": 0.00047887294203974307,
    "cosine_value": 0.07539844512939453,
    "shape": [
      1,
      512,
      128,
      128
    ],
    "method": "Both"
  },
  "decoder.up.2.block.1": {
    "l2_value": 0.0005012759356759489,
    "cosine_value": 0.0800621509552002,
    "shape": [
      1,
      512,
      128,
      128
    ],
    "method": "Both"
  },
  "decoder.up.2.block.2": {
    "l2_value": 0.00045062456047162414,
    "cosine_value": 0.09281343221664429,
    "shape": [
      1,
      512,
      128,
      128
    ],
    "method": "Both"
  },
  "decoder.up.2.upsample": {
    "l2_value": 0.0007041161297820508,
    "cosine_value": 0.07953733205795288,
    "shape": [
      1,
      512,
      256,
      256
    ],
    "method": "Both"
  },
  "decoder.up.3.block.0": {
    "l2_value": 0.00027989939553663135,
    "cosine_value": 0.0894629955291748,
    "shape": [
      1,
      512,
      64,
      64
    ],
    "method": "Both"
  },
  "decoder.up.3.block.1": {
    "l2_value": 0.0002946048916783184,
    "cosine_value": 0.09194916486740112,
    "shape": [
      1,
      512,
      64,
      64
    ],
    "method": "Both"
  },
  "decoder.up.3.block.2": {
    "l2_value": 0.0002740916679613292,
    "cosine_value": 0.0998641848564148,
    "shape": [
      1,
      512,
      64,
      64
    ],
    "method": "Both"
  },
  "decoder.up.3.upsample": {
    "l2_value": 0.0004778388829436153,
    "cosine_value": 0.08327949047088623,
    "shape": [
      1,
      512,
      128,
      128
    ],
    "method": "Both"
  },
  "decoder.conv_out": {
    "l2_value": 0.0002133107821767529,
    "cosine_value": 0.04601806402206421,
    "shape": [
      1,
      3,
      512,
      512
    ],
    "method": "Both"
  }
}