{
  "decoder.conv_in": {
    "l2_value": 0.00037502366467379034,
    "cosine_value": 0.10917133092880249,
    "shape": [
      1,
      512,
      64,
      64
    ],
    "method": "Both"
  },
  "decoder.mid.block_1": {
    "l2_value": 0.00035712745739147067,
    "cosine_value": 0.09780555963516235,
    "shape": [
      1,
      512,
      64,
      64
    ],
    "method": "Both"
  },
  "decoder.mid.attn_1": {
    "l2_value": 0.0003566920349840075,
    "cosine_value": 0.09766024351119995,
    "shape": [
      1,
      512,
      64,
      64
    ],
    "method": "Both"
  },
  "decoder.mid.block_2": {
    "l2_value": 0.00037484176573343575,
    "cosine_value": 0.10058671236038208,
    "shape": [
      1,
      512,
      64,
      64
    ],
    "method": "Both"
  },
  "decoder.up.0.block.0": {
    "l2_value": 0.0012970775132998824,
    "cosine_value": 0.01984196901321411,
    "shape": [
      1,
      128,
      512,
      512
    ],
    "method": "Both"
  },
  "decoder.up.0.block.1": {
    "l2_value": 0.001341531053185463,
    "cosine_value": 0.017128169536590576,
    "shape": [
      1,
      128,
      512,
      512
    ],
    "method": "Both"
  },
  "decoder.up.0.block.2": {
    "l2_value": 0.001400071196258068,
    "cosine_value": 0.0147017240524292,
    "shape": [
      1,
      128,
      512,
      512
    ],
    "method": "Both"
  },
  "decoder.up.1.block.0": {
    "l2_value": 0.0007965322001837194,
    "cosine_value": 0.05862170457839966,
    "shape": [
      1,
      256,
      256,
      256
    ],
    "method": "Both"
  },
  "decoder.up.1.block.1": {
    "l2_value": 0.0008224152843467891,
    "cosine_value": 0.06293845176696777,
    "shape": [
      1,
      256,
      256,
      256
    ],
    "method": "Both"
  },
  "decoder.up.1.block.2": {
    "l2_value": 0.0007716870750300586,
    "cosine_value": 0.06506258249282837,
    "shape": [
      1,
      256,
      256,
      256
    ],
    "method": "Both"
  },
  "decoder.up.1.upsample": {
    "l2_value": 0.0009015500545501709,
    "cosine_value": 0.04886794090270996,
    "shape": [
      1,
      256,
      512,
      512
    ],
    "method": "Both"
  },
  "decoder.up.2.block.0": {
    "l2_value": 0.0006849234341643751,
    "cosine_value": 0.09152567386627197,
    "shape": [
      1,
      512,
      128,
      128
    ],
    "method": "Both"
  },
  "decoder.up.2.block.1": {
    "l2_value": 0.0007108617573976517,
    "cosine_value": 0.09239435195922852,
    "shape": [
      1,
      512,
      128,
      128
    ],
    "method": "Both"
  },
  "decoder.up.2.block.2": {
    "l2_value": 0.0006309152231551707,
    "cosine_value": 0.09360361099243164,
    "shape": [
      1,
      512,
      128,
      128
    ],
    "method": "Both"
  },
  "decoder.up.2.upsample": {
    "l2_value": 0.0009559798054397106,
    "cosine_value": 0.07700568437576294,
    "shape": [
      1,
      512,
      256,
      256
    ],
    "method": "Both"
  },
  "decoder.up.3.block.0": {
    "l2_value": 0.0004158852680120617,
    "cosine_value": 0.10964691638946533,
    "shape": [
      1,
      512,
      64,
      64
    ],
    "method": "Both"
  },
  "decoder.up.3.block.1": {
    "l2_value": 0.0004367130750324577,
    "cosine_value": 0.11644238233566284,
    "shape": [
      1,
      512,
      64,
      64
    ],
    "method": "Both"
  },
  "decoder.up.3.block.2": {
    "l2_value": 0.0003939834423363209,
    "cosine_value": 0.11410927772521973,
    "shape": [
      1,
      512,
      64,
      64
    ],
    "method": "Both"
  },
  "decoder.up.3.upsample": {
    "l2_value": 0.0006966899381950498,
    "cosine_value": 0.09884333610534668,
    "shape": [
      1,
      512,
      128,
      128
    ],
    "method": "Both"
  },
  "decoder.conv_out": {
    "l2_value": 0.00021080511699741086,
    "cosine_value": 0.04336535930633545,
    "shape": [
      1,
      3,
      512,
      512
    ],
    "method": "Both"
  }
}