{
  "decoder.conv_in": {
    "l2_value": 0.000801240443252027,
    "cosine_value": 0.4133610129356384,
    "shape": [
      1,
      512,
      64,
      64
    ],
    "method": "Both"
  },
  "decoder.mid.block_1": {
    "l2_value": 0.0008431196329183877,
    "cosine_value": 0.45349717140197754,
    "shape": [
      1,
      512,
      64,
      64
    ],
    "method": "Both"
  },
  "decoder.mid.attn_1": {
    "l2_value": 0.0008157531847245991,
    "cosine_value": 0.4270002841949463,
    "shape": [
      1,
      512,
      64,
      64
    ],
    "method": "Both"
  },
  "decoder.mid.block_2": {
    "l2_value": 0.0008312779827974737,
    "cosine_value": 0.41969823837280273,
    "shape": [
      1,
      512,
      64,
      64
    ],
    "method": "Both"
  },
  "decoder.up.0.block.0": {
    "l2_value": 0.006298868451267481,
    "cosine_value": 0.4008703827857971,
    "shape": [
      1,
      128,
      512,
      512
    ],
    "method": "Both"
  },
  "decoder.up.0.block.1": {
    "l2_value": 0.006987432483583689,
    "cosine_value": 0.4048926830291748,
    "shape": [
      1,
      128,
      512,
      512
    ],
    "method": "Both"
  },
  "decoder.up.0.block.2": {
    "l2_value": 0.007773890160024166,
    "cosine_value": 0.4031960964202881,
    "shape": [
      1,
      128,
      512,
      512
    ],
    "method": "Both"
  },
  "decoder.up.1.block.0": {
    "l2_value": 0.002052110154181719,
    "cosine_value": 0.30675262212753296,
    "shape": [
      1,
      256,
      256,
      256
    ],
    "method": "Both"
  },
  "decoder.up.1.block.1": {
    "l2_value": 0.0020445953123271465,
    "cosine_value": 0.3078274726867676,
    "shape": [
      1,
      256,
      256,
      256
    ],
    "method": "Both"
  },
  "decoder.up.1.block.2": {
    "l2_value": 0.0019360973965376616,
    "cosine_value": 0.31851911544799805,
    "shape": [
      1,
      256,
      256,
      256
    ],
    "method": "Both"
  },
  "decoder.up.1.upsample": {
    "l2_value": 0.00268531683832407,
    "cosine_value": 0.34525567293167114,
    "shape": [
      1,
      256,
      512,
      512
    ],
    "method": "Both"
  },
  "decoder.up.2.block.0": {
    "l2_value": 0.0015012167859822512,
    "cosine_value": 0.36649274826049805,
    "shape": [
      1,
      512,
      128,
      128
    ],
    "method": "Both"
  },
  "decoder.up.2.block.1": {
    "l2_value": 0.0015293570468202233,
    "cosine_value": 0.3675515651702881,
    "shape": [
      1,
      512,
      128,
      128
    ],
    "method": "Both"
  },
  "decoder.up.2.block.2": {
    "l2_value": 0.0013919542543590069,
    "cosine_value": 0.38390547037124634,
    "shape": [
      1,
      512,
      128,
      128
    ],
    "method": "Both"
  },
  "decoder.up.2.upsample": {
    "l2_value": 0.0022652074694633484,
    "cosine_value": 0.3546357750892639,
    "shape": [
      1,
      512,
      256,
      256
    ],
    "method": "Both"
  },
  "decoder.up.3.block.0": {
    "l2_value": 0.0008734160801395774,
    "cosine_value": 0.4220593571662903,
    "shape": [
      1,
      512,
      64,
      64
    ],
    "method": "Both"
  },
  "decoder.up.3.block.1": {
    "l2_value": 0.0008899357635527849,
    "cosine_value": 0.42670178413391113,
    "shape": [
      1,
      512,
      64,
      64
    ],
    "method": "Both"
  },
  "decoder.up.3.block.2": {
    "l2_value": 0.0008342817891389132,
    "cosine_value": 0.42746156454086304,
    "shape": [
      1,
      512,
      64,
      64
    ],
    "method": "Both"
  },
  "decoder.up.3.upsample": {
    "l2_value": 0.0015107872895896435,
    "cosine_value": 0.3864338994026184,
    "shape": [
      1,
      512,
      128,
      128
    ],
    "method": "Both"
  },
  "decoder.conv_out": {
    "l2_value": 0.0004705864315231641,
    "cosine_value": 0.16046291589736938,
    "shape": [
      1,
      3,
      512,
      512
    ],
    "method": "Both"
  }
}