{
  "decoder.conv_in": {
    "l2_value": 0.0001587301230756566,
    "cosine_value": 0.060516536235809326,
    "shape": [
      1,
      512,
      64,
      64
    ],
    "method": "Both"
  },
  "decoder.mid.block_1": {
    "l2_value": 0.0001882525539258495,
    "cosine_value": 0.049300193786621094,
    "shape": [
      1,
      512,
      64,
      64
    ],
    "method": "Both"
  },
  "decoder.mid.attn_1": {
    "l2_value": 0.0001857179740909487,
    "cosine_value": 0.04427075386047363,
    "shape": [
      1,
      512,
      64,
      64
    ],
    "method": "Both"
  },
  "decoder.mid.block_2": {
    "l2_value": 0.00019904431246686727,
    "cosine_value": 0.04616624116897583,
    "shape": [
      1,
      512,
      64,
      64
    ],
    "method": "Both"
  },
  "decoder.up.0.block.0": {
    "l2_value": 0.0006848729681223631,
    "cosine_value": 0.010826289653778076,
    "shape": [
      1,
      128,
      512,
      512
    ],
    "method": "Both"
  },
  "decoder.up.0.block.1": {
    "l2_value": 0.0007155914790928364,
    "cosine_value": 0.00875556468963623,
    "shape": [
      1,
      128,
      512,
      512
    ],
    "method": "Both"
  },
  "decoder.up.0.block.2": {
    "l2_value": 0.0007708342745900154,
    "cosine_value": 0.007526814937591553,
    "shape": [
      1,
      128,
      512,
      512
    ],
    "method": "Both"
  },
  "decoder.up.1.block.0": {
    "l2_value": 0.0005123625160194933,
    "cosine_value": 0.03126794099807739,
    "shape": [
      1,
      256,
      256,
      256
    ],
    "method": "Both"
  },
  "decoder.up.1.block.1": {
    "l2_value": 0.0005117798573337495,
    "cosine_value": 0.03075122833251953,
    "shape": [
      1,
      256,
      256,
      256
    ],
    "method": "Both"
  },
  "decoder.up.1.block.2": {
    "l2_value": 0.00045353331370279193,
    "cosine_value": 0.03085768222808838,
    "shape": [
      1,
      256,
      256,
      256
    ],
    "method": "Both"
  },
  "decoder.up.1.upsample": {
    "l2_value": 0.0004849439428653568,
    "cosine_value": 0.022419989109039307,
    "shape": [
      1,
      256,
      512,
      512
    ],
    "method": "Both"
  },
  "decoder.up.2.block.0": {
    "l2_value": 0.0004026137467008084,
    "cosine_value": 0.04592764377593994,
    "shape": [
      1,
      512,
      128,
      128
    ],
    "method": "Both"
  },
  "decoder.up.2.block.1": {
    "l2_value": 0.000426380691351369,
    "cosine_value": 0.05043673515319824,
    "shape": [
      1,
      512,
      128,
      128
    ],
    "method": "Both"
  },
  "decoder.up.2.block.2": {
    "l2_value": 0.00038144434802234173,
    "cosine_value": 0.05596506595611572,
    "shape": [
      1,
      512,
      128,
      128
    ],
    "method": "Both"
  },
  "decoder.up.2.upsample": {
    "l2_value": 0.0005885728169232607,
    "cosine_value": 0.045639872550964355,
    "shape": [
      1,
      512,
      256,
      256
    ],
    "method": "Both"
  },
  "decoder.up.3.block.0": {
    "l2_value": 0.00022873010311741382,
    "cosine_value": 0.05359679460525513,
    "shape": [
      1,
      512,
      64,
      64
    ],
    "method": "Both"
  },
  "decoder.up.3.block.1": {
    "l2_value": 0.00024384095740970224,
    "cosine_value": 0.056872785091400146,
    "shape": [
      1,
      512,
      64,
      64
    ],
    "method": "Both"
  },
  "decoder.up.3.block.2": {
    "l2_value": 0.00022873838315717876,
    "cosine_value": 0.06055814027786255,
    "shape": [
      1,
      512,
      64,
      64
    ],
    "method": "Both"
  },
  "decoder.up.3.upsample": {
    "l2_value": 0.00039865949656814337,
    "cosine_value": 0.0495983362197876,
    "shape": [
      1,
      512,
      128,
      128
    ],
    "method": "Both"
  },
  "decoder.conv_out": {
    "l2_value": 0.00010952143929898739,
    "cosine_value": 0.00764155387878418,
    "shape": [
      1,
      3,
      512,
      512
    ],
    "method": "Both"
  }
}