{
  "decoder.conv_in": {
    "l2_value": 0.00020591437350958586,
    "cosine_value": 0.028293192386627197,
    "shape": [
      1,
      512,
      64,
      64
    ],
    "method": "Both"
  },
  "decoder.mid.block_1": {
    "l2_value": 0.00019437372975517064,
    "cosine_value": 0.025288879871368408,
    "shape": [
      1,
      512,
      64,
      64
    ],
    "method": "Both"
  },
  "decoder.mid.attn_1": {
    "l2_value": 0.00019346502085682005,
    "cosine_value": 0.025375545024871826,
    "shape": [
      1,
      512,
      64,
      64
    ],
    "method": "Both"
  },
  "decoder.mid.block_2": {
    "l2_value": 0.0002070155314868316,
    "cosine_value": 0.02754056453704834,
    "shape": [
      1,
      512,
      64,
      64
    ],
    "method": "Both"
  },
  "decoder.up.0.block.0": {
    "l2_value": 0.0005408926517702639,
    "cosine_value": 0.002978026866912842,
    "shape": [
      1,
      128,
      512,
      512
    ],
    "method": "Both"
  },
  "decoder.up.0.block.1": {
    "l2_value": 0.0005446202121675014,
    "cosine_value": 0.0024834871292114258,
    "shape": [
      1,
      128,
      512,
      512
    ],
    "method": "Both"
  },
  "decoder.up.0.block.2": {
    "l2_value": 0.0005599707365036011,
    "cosine_value": 0.002105414867401123,
    "shape": [
      1,
      128,
      512,
      512
    ],
    "method": "Both"
  },
  "decoder.up.1.block.0": {
    "l2_value": 0.0004056609468534589,
    "cosine_value": 0.012611985206604004,
    "shape": [
      1,
      256,
      256,
      256
    ],
    "method": "Both"
  },
  "decoder.up.1.block.1": {
    "l2_value": 0.00043217436177656054,
    "cosine_value": 0.014275848865509033,
    "shape": [
      1,
      256,
      256,
      256
    ],
    "method": "Both"
  },
  "decoder.up.1.block.2": {
    "l2_value": 0.00040788541082292795,
    "cosine_value": 0.014487385749816895,
    "shape": [
      1,
      256,
      256,
      256
    ],
    "method": "Both"
  },
  "decoder.up.1.upsample": {
    "l2_value": 0.00045516647514887154,
    "cosine_value": 0.010125517845153809,
    "shape": [
      1,
      256,
      512,
      512
    ],
    "method": "Both"
  },
  "decoder.up.2.block.0": {
    "l2_value": 0.0003822237194981426,
    "cosine_value": 0.025610148906707764,
    "shape": [
      1,
      512,
      128,
      128
    ],
    "method": "Both"
  },
  "decoder.up.2.block.1": {
    "l2_value": 0.0003976415900979191,
    "cosine_value": 0.02600407600402832,
    "shape": [
      1,
      512,
      128,
      128
    ],
    "method": "Both"
  },
  "decoder.up.2.block.2": {
    "l2_value": 0.0003486635396257043,
    "cosine_value": 0.024515628814697266,
    "shape": [
      1,
      512,
      128,
      128
    ],
    "method": "Both"
  },
  "decoder.up.2.upsample": {
    "l2_value": 0.0005053285276517272,
    "cosine_value": 0.01816844940185547,
    "shape": [
      1,
      512,
      256,
      256
    ],
    "method": "Both"
  },
  "decoder.up.3.block.0": {
    "l2_value": 0.00023540848633274436,
    "cosine_value": 0.03213858604431152,
    "shape": [
      1,
      512,
      64,
      64
    ],
    "method": "Both"
  },
  "decoder.up.3.block.1": {
    "l2_value": 0.0002495399094186723,
    "cosine_value": 0.03486025333404541,
    "shape": [
      1,
      512,
      64,
      64
    ],
    "method": "Both"
  },
  "decoder.up.3.block.2": {
    "l2_value": 0.0002201512106694281,
    "cosine_value": 0.03163909912109375,
    "shape": [
      1,
      512,
      64,
      64
    ],
    "method": "Both"
  },
  "decoder.up.3.upsample": {
    "l2_value": 0.0003844794409815222,
    "cosine_value": 0.026861906051635742,
    "shape": [
      1,
      512,
      128,
      128
    ],
    "method": "Both"
  },
  "decoder.conv_out": {
    "l2_value": 8.809390904692312e-05,
    "cosine_value": 0.005465209484100342,
    "shape": [
      1,
      3,
      512,
      512
    ],
    "method": "Both"
  }
}