{
  "decoder.conv_in": {
    "l2_value": 0.00010154048504773527,
    "cosine_value": 0.030189573764801025,
    "shape": [
      1,
      512,
      64,
      64
    ],
    "method": "Both"
  },
  "decoder.mid.block_1": {
    "l2_value": 0.00011888157314388081,
    "cosine_value": 0.0193825364112854,
    "shape": [
      1,
      512,
      64,
      64
    ],
    "method": "Both"
  },
  "decoder.mid.attn_1": {
    "l2_value": 0.00011742021888494492,
    "cosine_value": 0.018166780471801758,
    "shape": [
      1,
      512,
      64,
      64
    ],
    "method": "Both"
  },
  "decoder.mid.block_2": {
    "l2_value": 0.00013279542326927185,
    "cosine_value": 0.021442413330078125,
    "shape": [
      1,
      512,
      64,
      64
    ],
    "method": "Both"
  },
  "decoder.up.0.block.0": {
    "l2_value": 0.00037660624366253614,
    "cosine_value": 0.0030552148818969727,
    "shape": [
      1,
      128,
      512,
      512
    ],
    "method": "Both"
  },
  "decoder.up.0.block.1": {
    "l2_value": 0.0003798555117100477,
    "cosine_value": 0.0022962093353271484,
    "shape": [
      1,
      128,
      512,
      512
    ],
    "method": "Both"
  },
  "decoder.up.0.block.2": {
    "l2_value": 0.0003934814012609422,
    "cosine_value": 0.0018079280853271484,
    "shape": [
      1,
      128,
      512,
      512
    ],
    "method": "Both"
  },
  "decoder.up.1.block.0": {
    "l2_value": 0.000327916321111843,
    "cosine_value": 0.014126181602478027,
    "shape": [
      1,
      256,
      256,
      256
    ],
    "method": "Both"
  },
  "decoder.up.1.block.1": {
    "l2_value": 0.0003422179725021124,
    "cosine_value": 0.014949679374694824,
    "shape": [
      1,
      256,
      256,
      256
    ],
    "method": "Both"
  },
  "decoder.up.1.block.2": {
    "l2_value": 0.0003064687771257013,
    "cosine_value": 0.015223920345306396,
    "shape": [
      1,
      256,
      256,
      256
    ],
    "method": "Both"
  },
  "decoder.up.1.upsample": {
    "l2_value": 0.0003064640040975064,
    "cosine_value": 0.009626030921936035,
    "shape": [
      1,
      256,
      512,
      512
    ],
    "method": "Both"
  },
  "decoder.up.2.block.0": {
    "l2_value": 0.0002812122111208737,
    "cosine_value": 0.023761212825775146,
    "shape": [
      1,
      512,
      128,
      128
    ],
    "method": "Both"
  },
  "decoder.up.2.block.1": {
    "l2_value": 0.00029613665537908673,
    "cosine_value": 0.025740861892700195,
    "shape": [
      1,
      512,
      128,
      128
    ],
    "method": "Both"
  },
  "decoder.up.2.block.2": {
    "l2_value": 0.00026445541880093515,
    "cosine_value": 0.028805673122406006,
    "shape": [
      1,
      512,
      128,
      128
    ],
    "method": "Both"
  },
  "decoder.up.2.upsample": {
    "l2_value": 0.0003899918228853494,
    "cosine_value": 0.022161483764648438,
    "shape": [
      1,
      512,
      256,
      256
    ],
    "method": "Both"
  },
  "decoder.up.3.block.0": {
    "l2_value": 0.00016539117495995015,
    "cosine_value": 0.02902853488922119,
    "shape": [
      1,
      512,
      64,
      64
    ],
    "method": "Both"
  },
  "decoder.up.3.block.1": {
    "l2_value": 0.00017764544463716447,
    "cosine_value": 0.03133970499038696,
    "shape": [
      1,
      512,
      64,
      64
    ],
    "method": "Both"
  },
  "decoder.up.3.block.2": {
    "l2_value": 0.00016429803508799523,
    "cosine_value": 0.03237926959991455,
    "shape": [
      1,
      512,
      64,
      64
    ],
    "method": "Both"
  },
  "decoder.up.3.upsample": {
    "l2_value": 0.0002783834934234619,
    "cosine_value": 0.02579045295715332,
    "shape": [
      1,
      512,
      128,
      128
    ],
    "method": "Both"
  },
  "decoder.conv_out": {
    "l2_value": 8.945466834120452e-05,
    "cosine_value": 0.0058634281158447266,
    "shape": [
      1,
      3,
      512,
      512
    ],
    "method": "Both"
  }
}