{
  "decoder.conv_in": {
    "l2_value": 0.00039563572499901056,
    "cosine_value": 0.11201155185699463,
    "shape": [
      1,
      512,
      64,
      64
    ],
    "method": "Both"
  },
  "decoder.mid.block_1": {
    "l2_value": 0.00037320610135793686,
    "cosine_value": 0.09865033626556396,
    "shape": [
      1,
      512,
      64,
      64
    ],
    "method": "Both"
  },
  "decoder.mid.attn_1": {
    "l2_value": 0.00037187093403190374,
    "cosine_value": 0.09839916229248047,
    "shape": [
      1,
      512,
      64,
      64
    ],
    "method": "Both"
  },
  "decoder.mid.block_2": {
    "l2_value": 0.0003938481386285275,
    "cosine_value": 0.10317188501358032,
    "shape": [
      1,
      512,
      64,
      64
    ],
    "method": "Both"
  },
  "decoder.up.0.block.0": {
    "l2_value": 0.001149271847680211,
    "cosine_value": 0.015269339084625244,
    "shape": [
      1,
      128,
      512,
      512
    ],
    "method": "Both"
  },
  "decoder.up.0.block.1": {
    "l2_value": 0.0011819152859970927,
    "cosine_value": 0.013066709041595459,
    "shape": [
      1,
      128,
      512,
      512
    ],
    "method": "Both"
  },
  "decoder.up.0.block.2": {
    "l2_value": 0.0012252142187207937,
    "cosine_value": 0.011105895042419434,
    "shape": [
      1,
      128,
      512,
      512
    ],
    "method": "Both"
  },
  "decoder.up.1.block.0": {
    "l2_value": 0.0007919257041066885,
    "cosine_value": 0.05223345756530762,
    "shape": [
      1,
      256,
      256,
      256
    ],
    "method": "Both"
  },
  "decoder.up.1.block.1": {
    "l2_value": 0.000829263823106885,
    "cosine_value": 0.05776304006576538,
    "shape": [
      1,
      256,
      256,
      256
    ],
    "method": "Both"
  },
  "decoder.up.1.block.2": {
    "l2_value": 0.0007714532548561692,
    "cosine_value": 0.058308422565460205,
    "shape": [
      1,
      256,
      256,
      256
    ],
    "method": "Both"
  },
  "decoder.up.1.upsample": {
    "l2_value": 0.0008776576723903418,
    "cosine_value": 0.04266512393951416,
    "shape": [
      1,
      256,
      512,
      512
    ],
    "method": "Both"
  },
  "decoder.up.2.block.0": {
    "l2_value": 0.0007071915315464139,
    "cosine_value": 0.09004217386245728,
    "shape": [
      1,
      512,
      128,
      128
    ],
    "method": "Both"
  },
  "decoder.up.2.block.1": {
    "l2_value": 0.0007350665400736034,
    "cosine_value": 0.09246736764907837,
    "shape": [
      1,
      512,
      128,
      128
    ],
    "method": "Both"
  },
  "decoder.up.2.block.2": {
    "l2_value": 0.0006502305041067302,
    "cosine_value": 0.09232842922210693,
    "shape": [
      1,
      512,
      128,
      128
    ],
    "method": "Both"
  },
  "decoder.up.2.upsample": {
    "l2_value": 0.00096843799110502,
    "cosine_value": 0.07277369499206543,
    "shape": [
      1,
      512,
      256,
      256
    ],
    "method": "Both"
  },
  "decoder.up.3.block.0": {
    "l2_value": 0.00044058504863642156,
    "cosine_value": 0.11559164524078369,
    "shape": [
      1,
      512,
      64,
      64
    ],
    "method": "Both"
  },
  "decoder.up.3.block.1": {
    "l2_value": 0.000464966258732602,
    "cosine_value": 0.12478768825531006,
    "shape": [
      1,
      512,
      64,
      64
    ],
    "method": "Both"
  },
  "decoder.up.3.block.2": {
    "l2_value": 0.00041519146179780364,
    "cosine_value": 0.11706322431564331,
    "shape": [
      1,
      512,
      64,
      64
    ],
    "method": "Both"
  },
  "decoder.up.3.upsample": {
    "l2_value": 0.0007191472104750574,
    "cosine_value": 0.09684503078460693,
    "shape": [
      1,
      512,
      128,
      128
    ],
    "method": "Both"
  },
  "decoder.conv_out": {
    "l2_value": 0.00017599484029536447,
    "cosine_value": 0.027623772621154785,
    "shape": [
      1,
      3,
      512,
      512
    ],
    "method": "Both"
  }
}