{
  "decoder.conv_in": {
    "l2_value": 0.00019195946515537798,
    "cosine_value": 0.11318421363830566,
    "shape": [
      1,
      512,
      64,
      64
    ],
    "method": "Both"
  },
  "decoder.mid.block_1": {
    "l2_value": 0.00022328735212795436,
    "cosine_value": 0.07599502801895142,
    "shape": [
      1,
      512,
      64,
      64
    ],
    "method": "Both"
  },
  "decoder.mid.attn_1": {
    "l2_value": 0.000220458532567136,
    "cosine_value": 0.0701797604560852,
    "shape": [
      1,
      512,
      64,
      64
    ],
    "method": "Both"
  },
  "decoder.mid.block_2": {
    "l2_value": 0.0002457716909702867,
    "cosine_value": 0.07843762636184692,
    "shape": [
      1,
      512,
      64,
      64
    ],
    "method": "Both"
  },
  "decoder.up.0.block.0": {
    "l2_value": 0.0010188736487179995,
    "cosine_value": 0.024649083614349365,
    "shape": [
      1,
      128,
      512,
      512
    ],
    "method": "Both"
  },
  "decoder.up.0.block.1": {
    "l2_value": 0.0011477447114884853,
    "cosine_value": 0.022692203521728516,
    "shape": [
      1,
      128,
      512,
      512
    ],
    "method": "Both"
  },
  "decoder.up.0.block.2": {
    "l2_value": 0.0013198730302974582,
    "cosine_value": 0.021689891815185547,
    "shape": [
      1,
      128,
      512,
      512
    ],
    "method": "Both"
  },
  "decoder.up.1.block.0": {
    "l2_value": 0.0006014688406139612,
    "cosine_value": 0.05155569314956665,
    "shape": [
      1,
      256,
      256,
      256
    ],
    "method": "Both"
  },
  "decoder.up.1.block.1": {
    "l2_value": 0.000617432058788836,
    "cosine_value": 0.05264544486999512,
    "shape": [
      1,
      256,
      256,
      256
    ],
    "method": "Both"
  },
  "decoder.up.1.block.2": {
    "l2_value": 0.0005516129313036799,
    "cosine_value": 0.05427485704421997,
    "shape": [
      1,
      256,
      256,
      256
    ],
    "method": "Both"
  },
  "decoder.up.1.upsample": {
    "l2_value": 0.0005844588158652186,
    "cosine_value": 0.038500964641571045,
    "shape": [
      1,
      256,
      512,
      512
    ],
    "method": "Both"
  },
  "decoder.up.2.block.0": {
    "l2_value": 0.0004813239211216569,
    "cosine_value": 0.07492071390151978,
    "shape": [
      1,
      512,
      128,
      128
    ],
    "method": "Both"
  },
  "decoder.up.2.block.1": {
    "l2_value": 0.000509232806507498,
    "cosine_value": 0.08160668611526489,
    "shape": [
      1,
      512,
      128,
      128
    ],
    "method": "Both"
  },
  "decoder.up.2.block.2": {
    "l2_value": 0.00045781617518514395,
    "cosine_value": 0.09369766712188721,
    "shape": [
      1,
      512,
      128,
      128
    ],
    "method": "Both"
  },
  "decoder.up.2.upsample": {
    "l2_value": 0.000698485120665282,
    "cosine_value": 0.07646059989929199,
    "shape": [
      1,
      512,
      256,
      256
    ],
    "method": "Both"
  },
  "decoder.up.3.block.0": {
    "l2_value": 0.00029152771458029747,
    "cosine_value": 0.0951082706451416,
    "shape": [
      1,
      512,
      64,
      64
    ],
    "method": "Both"
  },
  "decoder.up.3.block.1": {
    "l2_value": 0.00030730481375940144,
    "cosine_value": 0.09916031360626221,
    "shape": [
      1,
      512,
      64,
      64
    ],
    "method": "Both"
  },
  "decoder.up.3.block.2": {
    "l2_value": 0.00028441217727959156,
    "cosine_value": 0.1049533486366272,
    "shape": [
      1,
      512,
      64,
      64
    ],
    "method": "Both"
  },
  "decoder.up.3.upsample": {
    "l2_value": 0.00047952751629054546,
    "cosine_value": 0.08284986019134521,
    "shape": [
      1,
      512,
      128,
      128
    ],
    "method": "Both"
  },
  "decoder.conv_out": {
    "l2_value": 0.0001784972846508026,
    "cosine_value": 0.02986365556716919,
    "shape": [
      1,
      3,
      512,
      512
    ],
    "method": "Both"
  }
}