{
  "decoder.conv_in": {
    "l2_value": 0.0007427156670019031,
    "cosine_value": 0.40447527170181274,
    "shape": [
      1,
      512,
      64,
      64
    ],
    "method": "Both"
  },
  "decoder.mid.block_1": {
    "l2_value": 0.000739979965146631,
    "cosine_value": 0.4050023555755615,
    "shape": [
      1,
      512,
      64,
      64
    ],
    "method": "Both"
  },
  "decoder.mid.attn_1": {
    "l2_value": 0.000733432185370475,
    "cosine_value": 0.3946826457977295,
    "shape": [
      1,
      512,
      64,
      64
    ],
    "method": "Both"
  },
  "decoder.mid.block_2": {
    "l2_value": 0.0007491183350794017,
    "cosine_value": 0.38506245613098145,
    "shape": [
      1,
      512,
      64,
      64
    ],
    "method": "Both"
  },
  "decoder.up.0.block.0": {
    "l2_value": 0.007607541047036648,
    "cosine_value": 0.6853991448879242,
    "shape": [
      1,
      128,
      512,
      512
    ],
    "method": "Both"
  },
  "decoder.up.0.block.1": {
    "l2_value": 0.008648832328617573,
    "cosine_value": 0.7129723131656647,
    "shape": [
      1,
      128,
      512,
      512
    ],
    "method": "Both"
  },
  "decoder.up.0.block.2": {
    "l2_value": 0.009905566461384296,
    "cosine_value": 0.7366149127483368,
    "shape": [
      1,
      128,
      512,
      512
    ],
    "method": "Both"
  },
  "decoder.up.1.block.0": {
    "l2_value": 0.0019276200328022242,
    "cosine_value": 0.32234424352645874,
    "shape": [
      1,
      256,
      256,
      256
    ],
    "method": "Both"
  },
  "decoder.up.1.block.1": {
    "l2_value": 0.001938957255333662,
    "cosine_value": 0.3289646506309509,
    "shape": [
      1,
      256,
      256,
      256
    ],
    "method": "Both"
  },
  "decoder.up.1.block.2": {
    "l2_value": 0.0018637090688571334,
    "cosine_value": 0.355651319026947,
    "shape": [
      1,
      256,
      256,
      256
    ],
    "method": "Both"
  },
  "decoder.up.1.upsample": {
    "l2_value": 0.0027141538448631763,
    "cosine_value": 0.4292488694190979,
    "shape": [
      1,
      256,
      512,
      512
    ],
    "method": "Both"
  },
  "decoder.up.2.block.0": {
    "l2_value": 0.0013441675109788775,
    "cosine_value": 0.3359649181365967,
    "shape": [
      1,
      512,
      128,
      128
    ],
    "method": "Both"
  },
  "decoder.up.2.block.1": {
    "l2_value": 0.0013750416692346334,
    "cosine_value": 0.33198994398117065,
    "shape": [
      1,
      512,
      128,
      128
    ],
    "method": "Both"
  },
  "decoder.up.2.block.2": {
    "l2_value": 0.001262717298232019,
    "cosine_value": 0.35869157314300537,
    "shape": [
      1,
      512,
      128,
      128
    ],
    "method": "Both"
  },
  "decoder.up.2.upsample": {
    "l2_value": 0.0020714367274194956,
    "cosine_value": 0.3446739912033081,
    "shape": [
      1,
      512,
      256,
      256
    ],
    "method": "Both"
  },
  "decoder.up.3.block.0": {
    "l2_value": 0.0007845459622330964,
    "cosine_value": 0.3780924081802368,
    "shape": [
      1,
      512,
      64,
      64
    ],
    "method": "Both"
  },
  "decoder.up.3.block.1": {
    "l2_value": 0.000792423787061125,
    "cosine_value": 0.3723728656768799,
    "shape": [
      1,
      512,
      64,
      64
    ],
    "method": "Both"
  },
  "decoder.up.3.block.2": {
    "l2_value": 0.0007341262535192072,
    "cosine_value": 0.37957698106765747,
    "shape": [
      1,
      512,
      64,
      64
    ],
    "method": "Both"
  },
  "decoder.up.3.upsample": {
    "l2_value": 0.0013490875717252493,
    "cosine_value": 0.35272371768951416,
    "shape": [
      1,
      512,
      128,
      128
    ],
    "method": "Both"
  },
  "decoder.conv_out": {
    "l2_value": 0.0005238521844148636,
    "cosine_value": 0.24500876665115356,
    "shape": [
      1,
      3,
      512,
      512
    ],
    "method": "Both"
  }
}