{
  "decoder.conv_in": {
    "l2_value": 0.0003877246053889394,
    "cosine_value": 0.4176443815231323,
    "shape": [
      1,
      512,
      64,
      64
    ],
    "method": "Both"
  },
  "decoder.mid.block_1": {
    "l2_value": 0.00044882562360726297,
    "cosine_value": 0.30409008264541626,
    "shape": [
      1,
      512,
      64,
      64
    ],
    "method": "Both"
  },
  "decoder.mid.attn_1": {
    "l2_value": 0.0004513811436481774,
    "cosine_value": 0.28701329231262207,
    "shape": [
      1,
      512,
      64,
      64
    ],
    "method": "Both"
  },
  "decoder.mid.block_2": {
    "l2_value": 0.00046458569704554975,
    "cosine_value": 0.2767970561981201,
    "shape": [
      1,
      512,
      64,
      64
    ],
    "method": "Both"
  },
  "decoder.up.0.block.0": {
    "l2_value": 0.004833520855754614,
    "cosine_value": 0.5416299402713776,
    "shape": [
      1,
      128,
      512,
      512
    ],
    "method": "Both"
  },
  "decoder.up.0.block.1": {
    "l2_value": 0.005768968258053064,
    "cosine_value": 0.5678470730781555,
    "shape": [
      1,
      128,
      512,
      512
    ],
    "method": "Both"
  },
  "decoder.up.0.block.2": {
    "l2_value": 0.006908828858286142,
    "cosine_value": 0.59127277135849,
    "shape": [
      1,
      128,
      512,
      512
    ],
    "method": "Both"
  },
  "decoder.up.1.block.0": {
    "l2_value": 0.0012281446252018213,
    "cosine_value": 0.21330541372299194,
    "shape": [
      1,
      256,
      256,
      256
    ],
    "method": "Both"
  },
  "decoder.up.1.block.1": {
    "l2_value": 0.001227069878950715,
    "cosine_value": 0.20681452751159668,
    "shape": [
      1,
      256,
      256,
      256
    ],
    "method": "Both"
  },
  "decoder.up.1.block.2": {
    "l2_value": 0.0011798606719821692,
    "cosine_value": 0.2465658187866211,
    "shape": [
      1,
      256,
      256,
      256
    ],
    "method": "Both"
  },
  "decoder.up.1.upsample": {
    "l2_value": 0.0015428833430632949,
    "cosine_value": 0.2654501795768738,
    "shape": [
      1,
      256,
      512,
      512
    ],
    "method": "Both"
  },
  "decoder.up.2.block.0": {
    "l2_value": 0.0008540588314644992,
    "cosine_value": 0.2290903925895691,
    "shape": [
      1,
      512,
      128,
      128
    ],
    "method": "Both"
  },
  "decoder.up.2.block.1": {
    "l2_value": 0.0008768569095991552,
    "cosine_value": 0.2351541519165039,
    "shape": [
      1,
      512,
      128,
      128
    ],
    "method": "Both"
  },
  "decoder.up.2.block.2": {
    "l2_value": 0.0008106803288683295,
    "cosine_value": 0.28852540254592896,
    "shape": [
      1,
      512,
      128,
      128
    ],
    "method": "Both"
  },
  "decoder.up.2.upsample": {
    "l2_value": 0.0013220477849245071,
    "cosine_value": 0.26952260732650757,
    "shape": [
      1,
      512,
      256,
      256
    ],
    "method": "Both"
  },
  "decoder.up.3.block.0": {
    "l2_value": 0.0004948278656229377,
    "cosine_value": 0.26996684074401855,
    "shape": [
      1,
      512,
      64,
      64
    ],
    "method": "Both"
  },
  "decoder.up.3.block.1": {
    "l2_value": 0.0005056519876234233,
    "cosine_value": 0.26170772314071655,
    "shape": [
      1,
      512,
      64,
      64
    ],
    "method": "Both"
  },
  "decoder.up.3.block.2": {
    "l2_value": 0.0004804908821824938,
    "cosine_value": 0.2916085124015808,
    "shape": [
      1,
      512,
      64,
      64
    ],
    "method": "Both"
  },
  "decoder.up.3.upsample": {
    "l2_value": 0.00085464894073084,
    "cosine_value": 0.25251030921936035,
    "shape": [
      1,
      512,
      128,
      128
    ],
    "method": "Both"
  },
  "decoder.conv_out": {
    "l2_value": 0.0005161723044390479,
    "cosine_value": 0.24921441078186035,
    "shape": [
      1,
      3,
      512,
      512
    ],
    "method": "Both"
  }
}