{
  "decoder.conv_in": {
    "l2_value": 0.0004524349933490157,
    "cosine_value": 0.17445802688598633,
    "shape": [
      1,
      512,
      64,
      64
    ],
    "method": "Both"
  },
  "decoder.mid.block_1": {
    "l2_value": 0.00044337924919091165,
    "cosine_value": 0.16360574960708618,
    "shape": [
      1,
      512,
      64,
      64
    ],
    "method": "Both"
  },
  "decoder.mid.attn_1": {
    "l2_value": 0.00043850846122950315,
    "cosine_value": 0.1571367383003235,
    "shape": [
      1,
      512,
      64,
      64
    ],
    "method": "Both"
  },
  "decoder.mid.block_2": {
    "l2_value": 0.00045536947436630726,
    "cosine_value": 0.15679436922073364,
    "shape": [
      1,
      512,
      64,
      64
    ],
    "method": "Both"
  },
  "decoder.up.0.block.0": {
    "l2_value": 0.0017592435469850898,
    "cosine_value": 0.038766682147979736,
    "shape": [
      1,
      128,
      512,
      512
    ],
    "method": "Both"
  },
  "decoder.up.0.block.1": {
    "l2_value": 0.0018909918144345284,
    "cosine_value": 0.035787224769592285,
    "shape": [
      1,
      128,
      512,
      512
    ],
    "method": "Both"
  },
  "decoder.up.0.block.2": {
    "l2_value": 0.002005696529522538,
    "cosine_value": 0.031456053256988525,
    "shape": [
      1,
      128,
      512,
      512
    ],
    "method": "Both"
  },
  "decoder.up.1.block.0": {
    "l2_value": 0.0009894102113321424,
    "cosine_value": 0.09865713119506836,
    "shape": [
      1,
      256,
      256,
      256
    ],
    "method": "Both"
  },
  "decoder.up.1.block.1": {
    "l2_value": 0.001007347833365202,
    "cosine_value": 0.10375899076461792,
    "shape": [
      1,
      256,
      256,
      256
    ],
    "method": "Both"
  },
  "decoder.up.1.block.2": {
    "l2_value": 0.0009333542548120022,
    "cosine_value": 0.10697305202484131,
    "shape": [
      1,
      256,
      256,
      256
    ],
    "method": "Both"
  },
  "decoder.up.1.upsample": {
    "l2_value": 0.0011274463031440973,
    "cosine_value": 0.08533710241317749,
    "shape": [
      1,
      256,
      512,
      512
    ],
    "method": "Both"
  },
  "decoder.up.2.block.0": {
    "l2_value": 0.00082255934830755,
    "cosine_value": 0.13765758275985718,
    "shape": [
      1,
      512,
      128,
      128
    ],
    "method": "Both"
  },
  "decoder.up.2.block.1": {
    "l2_value": 0.0008535539382137358,
    "cosine_value": 0.14047831296920776,
    "shape": [
      1,
      512,
      128,
      128
    ],
    "method": "Both"
  },
  "decoder.up.2.block.2": {
    "l2_value": 0.0007578781223855913,
    "cosine_value": 0.1481025218963623,
    "shape": [
      1,
      512,
      128,
      128
    ],
    "method": "Both"
  },
  "decoder.up.2.upsample": {
    "l2_value": 0.0011659965384751558,
    "cosine_value": 0.12627846002578735,
    "shape": [
      1,
      512,
      256,
      256
    ],
    "method": "Both"
  },
  "decoder.up.3.block.0": {
    "l2_value": 0.000495139800477773,
    "cosine_value": 0.1630725860595703,
    "shape": [
      1,
      512,
      64,
      64
    ],
    "method": "Both"
  },
  "decoder.up.3.block.1": {
    "l2_value": 0.0005160490982234478,
    "cosine_value": 0.1712934374809265,
    "shape": [
      1,
      512,
      64,
      64
    ],
    "method": "Both"
  },
  "decoder.up.3.block.2": {
    "l2_value": 0.00047037695185281336,
    "cosine_value": 0.1724606156349182,
    "shape": [
      1,
      512,
      64,
      64
    ],
    "method": "Both"
  },
  "decoder.up.3.upsample": {
    "l2_value": 0.0008370819850824773,
    "cosine_value": 0.14834058284759521,
    "shape": [
      1,
      512,
      128,
      128
    ],
    "method": "Both"
  },
  "decoder.conv_out": {
    "l2_value": 0.00019626468808079758,
    "cosine_value": 0.04271131753921509,
    "shape": [
      1,
      3,
      512,
      512
    ],
    "method": "Both"
  }
}