{
  "decoder.conv_in": {
    "l2_value": 0.00022408242512028664,
    "cosine_value": 0.16919678449630737,
    "shape": [
      1,
      512,
      64,
      64
    ],
    "method": "Both"
  },
  "decoder.mid.block_1": {
    "l2_value": 0.00026786973467096686,
    "cosine_value": 0.12281477451324463,
    "shape": [
      1,
      512,
      64,
      64
    ],
    "method": "Both"
  },
  "decoder.mid.attn_1": {
    "l2_value": 0.00026225464534945786,
    "cosine_value": 0.10697269439697266,
    "shape": [
      1,
      512,
      64,
      64
    ],
    "method": "Both"
  },
  "decoder.mid.block_2": {
    "l2_value": 0.000279458035947755,
    "cosine_value": 0.10935002565383911,
    "shape": [
      1,
      512,
      64,
      64
    ],
    "method": "Both"
  },
  "decoder.up.0.block.0": {
    "l2_value": 0.0010112131712958217,
    "cosine_value": 0.025252223014831543,
    "shape": [
      1,
      128,
      512,
      512
    ],
    "method": "Both"
  },
  "decoder.up.0.block.1": {
    "l2_value": 0.0010590158635750413,
    "cosine_value": 0.019924819469451904,
    "shape": [
      1,
      128,
      512,
      512
    ],
    "method": "Both"
  },
  "decoder.up.0.block.2": {
    "l2_value": 0.0011227251961827278,
    "cosine_value": 0.01604670286178589,
    "shape": [
      1,
      128,
      512,
      512
    ],
    "method": "Both"
  },
  "decoder.up.1.block.0": {
    "l2_value": 0.0007134677725844085,
    "cosine_value": 0.07954680919647217,
    "shape": [
      1,
      256,
      256,
      256
    ],
    "method": "Both"
  },
  "decoder.up.1.block.1": {
    "l2_value": 0.000720530457329005,
    "cosine_value": 0.078865647315979,
    "shape": [
      1,
      256,
      256,
      256
    ],
    "method": "Both"
  },
  "decoder.up.1.block.2": {
    "l2_value": 0.0006440324941650033,
    "cosine_value": 0.08394438028335571,
    "shape": [
      1,
      256,
      256,
      256
    ],
    "method": "Both"
  },
  "decoder.up.1.upsample": {
    "l2_value": 0.0006927123758941889,
    "cosine_value": 0.06051892042160034,
    "shape": [
      1,
      256,
      512,
      512
    ],
    "method": "Both"
  },
  "decoder.up.2.block.0": {
    "l2_value": 0.0005526305176317692,
    "cosine_value": 0.1034500002861023,
    "shape": [
      1,
      512,
      128,
      128
    ],
    "method": "Both"
  },
  "decoder.up.2.block.1": {
    "l2_value": 0.0005831018788740039,
    "cosine_value": 0.1128542423248291,
    "shape": [
      1,
      512,
      128,
      128
    ],
    "method": "Both"
  },
  "decoder.up.2.block.2": {
    "l2_value": 0.0005247051012702286,
    "cosine_value": 0.13539892435073853,
    "shape": [
      1,
      512,
      128,
      128
    ],
    "method": "Both"
  },
  "decoder.up.2.upsample": {
    "l2_value": 0.0008127154433168471,
    "cosine_value": 0.11380773782730103,
    "shape": [
      1,
      512,
      256,
      256
    ],
    "method": "Both"
  },
  "decoder.up.3.block.0": {
    "l2_value": 0.00032204759190790355,
    "cosine_value": 0.12345480918884277,
    "shape": [
      1,
      512,
      64,
      64
    ],
    "method": "Both"
  },
  "decoder.up.3.block.1": {
    "l2_value": 0.00033789812005124986,
    "cosine_value": 0.12622392177581787,
    "shape": [
      1,
      512,
      64,
      64
    ],
    "method": "Both"
  },
  "decoder.up.3.block.2": {
    "l2_value": 0.00031515557202510536,
    "cosine_value": 0.1397688388824463,
    "shape": [
      1,
      512,
      64,
      64
    ],
    "method": "Both"
  },
  "decoder.up.3.upsample": {
    "l2_value": 0.0005450285971164703,
    "cosine_value": 0.1116674542427063,
    "shape": [
      1,
      512,
      128,
      128
    ],
    "method": "Both"
  },
  "decoder.conv_out": {
    "l2_value": 0.00019897924115260443,
    "cosine_value": 0.046410560607910156,
    "shape": [
      1,
      3,
      512,
      512
    ],
    "method": "Both"
  }
}