{
  "decoder.conv_in": {
    "l2_value": 0.00012710504233837128,
    "cosine_value": 0.058866918087005615,
    "shape": [
      1,
      512,
      64,
      64
    ],
    "method": "Both"
  },
  "decoder.mid.block_1": {
    "l2_value": 0.00013976260379422456,
    "cosine_value": 0.03694814443588257,
    "shape": [
      1,
      512,
      64,
      64
    ],
    "method": "Both"
  },
  "decoder.mid.attn_1": {
    "l2_value": 0.0001392333215335384,
    "cosine_value": 0.03145879507064819,
    "shape": [
      1,
      512,
      64,
      64
    ],
    "method": "Both"
  },
  "decoder.mid.block_2": {
    "l2_value": 0.0001468480477342382,
    "cosine_value": 0.03184598684310913,
    "shape": [
      1,
      512,
      64,
      64
    ],
    "method": "Both"
  },
  "decoder.up.0.block.0": {
    "l2_value": 0.000530762248672545,
    "cosine_value": 0.00673288106918335,
    "shape": [
      1,
      128,
      512,
      512
    ],
    "method": "Both"
  },
  "decoder.up.0.block.1": {
    "l2_value": 0.0005345524987205863,
    "cosine_value": 0.004945993423461914,
    "shape": [
      1,
      128,
      512,
      512
    ],
    "method": "Both"
  },
  "decoder.up.0.block.2": {
    "l2_value": 0.0005457571242004633,
    "cosine_value": 0.0036701560020446777,
    "shape": [
      1,
      128,
      512,
      512
    ],
    "method": "Both"
  },
  "decoder.up.1.block.0": {
    "l2_value": 0.00038469763239845634,
    "cosine_value": 0.026176869869232178,
    "shape": [
      1,
      256,
      256,
      256
    ],
    "method": "Both"
  },
  "decoder.up.1.block.1": {
    "l2_value": 0.00039000072865746915,
    "cosine_value": 0.026317894458770752,
    "shape": [
      1,
      256,
      256,
      256
    ],
    "method": "Both"
  },
  "decoder.up.1.block.2": {
    "l2_value": 0.00035145223955623806,
    "cosine_value": 0.029548585414886475,
    "shape": [
      1,
      256,
      256,
      256
    ],
    "method": "Both"
  },
  "decoder.up.1.upsample": {
    "l2_value": 0.0003772628551814705,
    "cosine_value": 0.020586729049682617,
    "shape": [
      1,
      256,
      512,
      512
    ],
    "method": "Both"
  },
  "decoder.up.2.block.0": {
    "l2_value": 0.00029476964846253395,
    "cosine_value": 0.03132939338684082,
    "shape": [
      1,
      512,
      128,
      128
    ],
    "method": "Both"
  },
  "decoder.up.2.block.1": {
    "l2_value": 0.00030800304375588894,
    "cosine_value": 0.03376364707946777,
    "shape": [
      1,
      512,
      128,
      128
    ],
    "method": "Both"
  },
  "decoder.up.2.block.2": {
    "l2_value": 0.0002772366569843143,
    "cosine_value": 0.0423617959022522,
    "shape": [
      1,
      512,
      128,
      128
    ],
    "method": "Both"
  },
  "decoder.up.2.upsample": {
    "l2_value": 0.00043204473331570625,
    "cosine_value": 0.03651827573776245,
    "shape": [
      1,
      512,
      256,
      256
    ],
    "method": "Both"
  },
  "decoder.up.3.block.0": {
    "l2_value": 0.00017056734941434115,
    "cosine_value": 0.03647589683532715,
    "shape": [
      1,
      512,
      64,
      64
    ],
    "method": "Both"
  },
  "decoder.up.3.block.1": {
    "l2_value": 0.0001794859126675874,
    "cosine_value": 0.03766828775405884,
    "shape": [
      1,
      512,
      64,
      64
    ],
    "method": "Both"
  },
  "decoder.up.3.block.2": {
    "l2_value": 0.00016794133989606053,
    "cosine_value": 0.042557477951049805,
    "shape": [
      1,
      512,
      64,
      64
    ],
    "method": "Both"
  },
  "decoder.up.3.upsample": {
    "l2_value": 0.0002950979396700859,
    "cosine_value": 0.03470128774642944,
    "shape": [
      1,
      512,
      128,
      128
    ],
    "method": "Both"
  },
  "decoder.conv_out": {
    "l2_value": 0.00014005552899713317,
    "cosine_value": 0.05082219839096069,
    "shape": [
      1,
      3,
      512,
      512
    ],
    "method": "Both"
  }
}