{
  "decoder.conv_in": {
    "l2_value": 0.00022908045502845198,
    "cosine_value": 0.05703610181808472,
    "shape": [
      1,
      512,
      64,
      64
    ],
    "method": "Both"
  },
  "decoder.mid.block_1": {
    "l2_value": 0.00021280805231072009,
    "cosine_value": 0.04584991931915283,
    "shape": [
      1,
      512,
      64,
      64
    ],
    "method": "Both"
  },
  "decoder.mid.attn_1": {
    "l2_value": 0.0002114674571203068,
    "cosine_value": 0.042835235595703125,
    "shape": [
      1,
      512,
      64,
      64
    ],
    "method": "Both"
  },
  "decoder.mid.block_2": {
    "l2_value": 0.0002214858977822587,
    "cosine_value": 0.0433497428894043,
    "shape": [
      1,
      512,
      64,
      64
    ],
    "method": "Both"
  },
  "decoder.up.0.block.0": {
    "l2_value": 0.0007336390553973615,
    "cosine_value": 0.006694793701171875,
    "shape": [
      1,
      128,
      512,
      512
    ],
    "method": "Both"
  },
  "decoder.up.0.block.1": {
    "l2_value": 0.0007394718122668564,
    "cosine_value": 0.005403339862823486,
    "shape": [
      1,
      128,
      512,
      512
    ],
    "method": "Both"
  },
  "decoder.up.0.block.2": {
    "l2_value": 0.0007519273785874248,
    "cosine_value": 0.004362285137176514,
    "shape": [
      1,
      128,
      512,
      512
    ],
    "method": "Both"
  },
  "decoder.up.1.block.0": {
    "l2_value": 0.00047192422789521515,
    "cosine_value": 0.02933424711227417,
    "shape": [
      1,
      256,
      256,
      256
    ],
    "method": "Both"
  },
  "decoder.up.1.block.1": {
    "l2_value": 0.00048764102393761277,
    "cosine_value": 0.03218966722488403,
    "shape": [
      1,
      256,
      256,
      256
    ],
    "method": "Both"
  },
  "decoder.up.1.block.2": {
    "l2_value": 0.00045868626330047846,
    "cosine_value": 0.035818517208099365,
    "shape": [
      1,
      256,
      256,
      256
    ],
    "method": "Both"
  },
  "decoder.up.1.upsample": {
    "l2_value": 0.0005258649471215904,
    "cosine_value": 0.022916793823242188,
    "shape": [
      1,
      256,
      512,
      512
    ],
    "method": "Both"
  },
  "decoder.up.2.block.0": {
    "l2_value": 0.0004081519728060812,
    "cosine_value": 0.04011493921279907,
    "shape": [
      1,
      512,
      128,
      128
    ],
    "method": "Both"
  },
  "decoder.up.2.block.1": {
    "l2_value": 0.000418754672864452,
    "cosine_value": 0.03983670473098755,
    "shape": [
      1,
      512,
      128,
      128
    ],
    "method": "Both"
  },
  "decoder.up.2.block.2": {
    "l2_value": 0.00037130730925127864,
    "cosine_value": 0.04510998725891113,
    "shape": [
      1,
      512,
      128,
      128
    ],
    "method": "Both"
  },
  "decoder.up.2.upsample": {
    "l2_value": 0.0005607809289358556,
    "cosine_value": 0.038082242012023926,
    "shape": [
      1,
      512,
      256,
      256
    ],
    "method": "Both"
  },
  "decoder.up.3.block.0": {
    "l2_value": 0.000245176866883412,
    "cosine_value": 0.04589807987213135,
    "shape": [
      1,
      512,
      64,
      64
    ],
    "method": "Both"
  },
  "decoder.up.3.block.1": {
    "l2_value": 0.00025699680554680526,
    "cosine_value": 0.04917782545089722,
    "shape": [
      1,
      512,
      64,
      64
    ],
    "method": "Both"
  },
  "decoder.up.3.block.2": {
    "l2_value": 0.00023232847161125392,
    "cosine_value": 0.05046170949935913,
    "shape": [
      1,
      512,
      64,
      64
    ],
    "method": "Both"
  },
  "decoder.up.3.upsample": {
    "l2_value": 0.00041759235318750143,
    "cosine_value": 0.04412221908569336,
    "shape": [
      1,
      512,
      128,
      128
    ],
    "method": "Both"
  },
  "decoder.conv_out": {
    "l2_value": 0.00013869306227813163,
    "cosine_value": 0.04828190803527832,
    "shape": [
      1,
      3,
      512,
      512
    ],
    "method": "Both"
  }
}