{
  "decoder.conv_in": {
    "l2_value": 0.00026233831886202097,
    "cosine_value": 0.19769078493118286,
    "shape": [
      1,
      512,
      64,
      64
    ],
    "method": "Both"
  },
  "decoder.mid.block_1": {
    "l2_value": 0.0003017160634044558,
    "cosine_value": 0.1528315544128418,
    "shape": [
      1,
      512,
      64,
      64
    ],
    "method": "Both"
  },
  "decoder.mid.attn_1": {
    "l2_value": 0.0002966302272398025,
    "cosine_value": 0.1335608959197998,
    "shape": [
      1,
      512,
      64,
      64
    ],
    "method": "Both"
  },
  "decoder.mid.block_2": {
    "l2_value": 0.00030997212161310017,
    "cosine_value": 0.1320509910583496,
    "shape": [
      1,
      512,
      64,
      64
    ],
    "method": "Both"
  },
  "decoder.up.0.block.0": {
    "l2_value": 0.003268724074587226,
    "cosine_value": 0.25160855054855347,
    "shape": [
      1,
      128,
      512,
      512
    ],
    "method": "Both"
  },
  "decoder.up.0.block.1": {
    "l2_value": 0.003907986916601658,
    "cosine_value": 0.2598782181739807,
    "shape": [
      1,
      128,
      512,
      512
    ],
    "method": "Both"
  },
  "decoder.up.0.block.2": {
    "l2_value": 0.004679297562688589,
    "cosine_value": 0.26519978046417236,
    "shape": [
      1,
      128,
      512,
      512
    ],
    "method": "Both"
  },
  "decoder.up.1.block.0": {
    "l2_value": 0.0008120929705910385,
    "cosine_value": 0.10778260231018066,
    "shape": [
      1,
      256,
      256,
      256
    ],
    "method": "Both"
  },
  "decoder.up.1.block.1": {
    "l2_value": 0.0008238765876740217,
    "cosine_value": 0.10804510116577148,
    "shape": [
      1,
      256,
      256,
      256
    ],
    "method": "Both"
  },
  "decoder.up.1.block.2": {
    "l2_value": 0.000766033073887229,
    "cosine_value": 0.12428945302963257,
    "shape": [
      1,
      256,
      256,
      256
    ],
    "method": "Both"
  },
  "decoder.up.1.upsample": {
    "l2_value": 0.001003336044959724,
    "cosine_value": 0.13141626119613647,
    "shape": [
      1,
      256,
      512,
      512
    ],
    "method": "Both"
  },
  "decoder.up.2.block.0": {
    "l2_value": 0.000589796167332679,
    "cosine_value": 0.11768674850463867,
    "shape": [
      1,
      512,
      128,
      128
    ],
    "method": "Both"
  },
  "decoder.up.2.block.1": {
    "l2_value": 0.0006147936801426113,
    "cosine_value": 0.12495589256286621,
    "shape": [
      1,
      512,
      128,
      128
    ],
    "method": "Both"
  },
  "decoder.up.2.block.2": {
    "l2_value": 0.0005616197595372796,
    "cosine_value": 0.15538549423217773,
    "shape": [
      1,
      512,
      128,
      128
    ],
    "method": "Both"
  },
  "decoder.up.2.upsample": {
    "l2_value": 0.0008949764887802303,
    "cosine_value": 0.1384705901145935,
    "shape": [
      1,
      512,
      256,
      256
    ],
    "method": "Both"
  },
  "decoder.up.3.block.0": {
    "l2_value": 0.00034804275492206216,
    "cosine_value": 0.14146780967712402,
    "shape": [
      1,
      512,
      64,
      64
    ],
    "method": "Both"
  },
  "decoder.up.3.block.1": {
    "l2_value": 0.00036071575595997274,
    "cosine_value": 0.14084410667419434,
    "shape": [
      1,
      512,
      64,
      64
    ],
    "method": "Both"
  },
  "decoder.up.3.block.2": {
    "l2_value": 0.00033729197457432747,
    "cosine_value": 0.15672731399536133,
    "shape": [
      1,
      512,
      64,
      64
    ],
    "method": "Both"
  },
  "decoder.up.3.upsample": {
    "l2_value": 0.0005890270695090294,
    "cosine_value": 0.12928754091262817,
    "shape": [
      1,
      512,
      128,
      128
    ],
    "method": "Both"
  },
  "decoder.conv_out": {
    "l2_value": 0.00031540769850835204,
    "cosine_value": 0.1604253649711609,
    "shape": [
      1,
      3,
      512,
      512
    ],
    "method": "Both"
  }
}