{
  "decoder.conv_in": {
    "l2_value": 0.0004977979115210474,
    "cosine_value": 0.22725212574005127,
    "shape": [
      1,
      512,
      64,
      64
    ],
    "method": "Both"
  },
  "decoder.mid.block_1": {
    "l2_value": 0.0005096878157928586,
    "cosine_value": 0.2315683364868164,
    "shape": [
      1,
      512,
      64,
      64
    ],
    "method": "Both"
  },
  "decoder.mid.attn_1": {
    "l2_value": 0.0005032378830946982,
    "cosine_value": 0.22062724828720093,
    "shape": [
      1,
      512,
      64,
      64
    ],
    "method": "Both"
  },
  "decoder.mid.block_2": {
    "l2_value": 0.0005104114534333348,
    "cosine_value": 0.21150517463684082,
    "shape": [
      1,
      512,
      64,
      64
    ],
    "method": "Both"
  },
  "decoder.up.0.block.0": {
    "l2_value": 0.005560407415032387,
    "cosine_value": 0.3889251947402954,
    "shape": [
      1,
      128,
      512,
      512
    ],
    "method": "Both"
  },
  "decoder.up.0.block.1": {
    "l2_value": 0.0063530681654810905,
    "cosine_value": 0.4021589159965515,
    "shape": [
      1,
      128,
      512,
      512
    ],
    "method": "Both"
  },
  "decoder.up.0.block.2": {
    "l2_value": 0.007285127881914377,
    "cosine_value": 0.41122984886169434,
    "shape": [
      1,
      128,
      512,
      512
    ],
    "method": "Both"
  },
  "decoder.up.1.block.0": {
    "l2_value": 0.0011744351359084249,
    "cosine_value": 0.15748953819274902,
    "shape": [
      1,
      256,
      256,
      256
    ],
    "method": "Both"
  },
  "decoder.up.1.block.1": {
    "l2_value": 0.0012069725198671222,
    "cosine_value": 0.16917794942855835,
    "shape": [
      1,
      256,
      256,
      256
    ],
    "method": "Both"
  },
  "decoder.up.1.block.2": {
    "l2_value": 0.001160328509286046,
    "cosine_value": 0.19028788805007935,
    "shape": [
      1,
      256,
      256,
      256
    ],
    "method": "Both"
  },
  "decoder.up.1.upsample": {
    "l2_value": 0.0018292709719389677,
    "cosine_value": 0.24736815690994263,
    "shape": [
      1,
      256,
      512,
      512
    ],
    "method": "Both"
  },
  "decoder.up.2.block.0": {
    "l2_value": 0.000886653084307909,
    "cosine_value": 0.17384380102157593,
    "shape": [
      1,
      512,
      128,
      128
    ],
    "method": "Both"
  },
  "decoder.up.2.block.1": {
    "l2_value": 0.000908661400899291,
    "cosine_value": 0.1708781123161316,
    "shape": [
      1,
      512,
      128,
      128
    ],
    "method": "Both"
  },
  "decoder.up.2.block.2": {
    "l2_value": 0.0008201692835427821,
    "cosine_value": 0.1900915503501892,
    "shape": [
      1,
      512,
      128,
      128
    ],
    "method": "Both"
  },
  "decoder.up.2.upsample": {
    "l2_value": 0.0012899403227493167,
    "cosine_value": 0.17122328281402588,
    "shape": [
      1,
      512,
      256,
      256
    ],
    "method": "Both"
  },
  "decoder.up.3.block.0": {
    "l2_value": 0.0005493342760019004,
    "cosine_value": 0.21301782131195068,
    "shape": [
      1,
      512,
      64,
      64
    ],
    "method": "Both"
  },
  "decoder.up.3.block.1": {
    "l2_value": 0.0005577441188506782,
    "cosine_value": 0.2115984559059143,
    "shape": [
      1,
      512,
      64,
      64
    ],
    "method": "Both"
  },
  "decoder.up.3.block.2": {
    "l2_value": 0.0005038236267864704,
    "cosine_value": 0.2144911289215088,
    "shape": [
      1,
      512,
      64,
      64
    ],
    "method": "Both"
  },
  "decoder.up.3.upsample": {
    "l2_value": 0.0009019211865961552,
    "cosine_value": 0.1882203221321106,
    "shape": [
      1,
      512,
      128,
      128
    ],
    "method": "Both"
  },
  "decoder.conv_out": {
    "l2_value": 0.00031242620510359603,
    "cosine_value": 0.15439373254776,
    "shape": [
      1,
      3,
      512,
      512
    ],
    "method": "Both"
  }
}