{
  "decoder.conv_in": {
    "l2_value": 0.00010610849858494475,
    "cosine_value": 0.035953402519226074,
    "shape": [
      1,
      512,
      64,
      64
    ],
    "method": "Both"
  },
  "decoder.mid.block_1": {
    "l2_value": 0.00012627877003978938,
    "cosine_value": 0.02660846710205078,
    "shape": [
      1,
      512,
      64,
      64
    ],
    "method": "Both"
  },
  "decoder.mid.attn_1": {
    "l2_value": 0.0001273640082217753,
    "cosine_value": 0.02469182014465332,
    "shape": [
      1,
      512,
      64,
      64
    ],
    "method": "Both"
  },
  "decoder.mid.block_2": {
    "l2_value": 0.00013673915236722678,
    "cosine_value": 0.02566981315612793,
    "shape": [
      1,
      512,
      64,
      64
    ],
    "method": "Both"
  },
  "decoder.up.0.block.0": {
    "l2_value": 0.0010650951880961657,
    "cosine_value": 0.02787119150161743,
    "shape": [
      1,
      128,
      512,
      512
    ],
    "method": "Both"
  },
  "decoder.up.0.block.1": {
    "l2_value": 0.001289963023737073,
    "cosine_value": 0.029574096202850342,
    "shape": [
      1,
      128,
      512,
      512
    ],
    "method": "Both"
  },
  "decoder.up.0.block.2": {
    "l2_value": 0.0015528886578977108,
    "cosine_value": 0.03078824281692505,
    "shape": [
      1,
      128,
      512,
      512
    ],
    "method": "Both"
  },
  "decoder.up.1.block.0": {
    "l2_value": 0.0003363247960805893,
    "cosine_value": 0.017186641693115234,
    "shape": [
      1,
      256,
      256,
      256
    ],
    "method": "Both"
  },
  "decoder.up.1.block.1": {
    "l2_value": 0.00033343001268804073,
    "cosine_value": 0.016535162925720215,
    "shape": [
      1,
      256,
      256,
      256
    ],
    "method": "Both"
  },
  "decoder.up.1.block.2": {
    "l2_value": 0.0002952463983092457,
    "cosine_value": 0.017177343368530273,
    "shape": [
      1,
      256,
      256,
      256
    ],
    "method": "Both"
  },
  "decoder.up.1.upsample": {
    "l2_value": 0.00036754115717485547,
    "cosine_value": 0.016625940799713135,
    "shape": [
      1,
      256,
      512,
      512
    ],
    "method": "Both"
  },
  "decoder.up.2.block.0": {
    "l2_value": 0.0002618579601403326,
    "cosine_value": 0.022506892681121826,
    "shape": [
      1,
      512,
      128,
      128
    ],
    "method": "Both"
  },
  "decoder.up.2.block.1": {
    "l2_value": 0.0002742385840974748,
    "cosine_value": 0.024212539196014404,
    "shape": [
      1,
      512,
      128,
      128
    ],
    "method": "Both"
  },
  "decoder.up.2.block.2": {
    "l2_value": 0.00024405258591286838,
    "cosine_value": 0.02827388048171997,
    "shape": [
      1,
      512,
      128,
      128
    ],
    "method": "Both"
  },
  "decoder.up.2.upsample": {
    "l2_value": 0.00038173465873114765,
    "cosine_value": 0.024204254150390625,
    "shape": [
      1,
      512,
      256,
      256
    ],
    "method": "Both"
  },
  "decoder.up.3.block.0": {
    "l2_value": 0.00015295490447897464,
    "cosine_value": 0.02740269899368286,
    "shape": [
      1,
      512,
      64,
      64
    ],
    "method": "Both"
  },
  "decoder.up.3.block.1": {
    "l2_value": 0.00015951199748087674,
    "cosine_value": 0.02762436866760254,
    "shape": [
      1,
      512,
      64,
      64
    ],
    "method": "Both"
  },
  "decoder.up.3.block.2": {
    "l2_value": 0.0001482394727645442,
    "cosine_value": 0.030083179473876953,
    "shape": [
      1,
      512,
      64,
      64
    ],
    "method": "Both"
  },
  "decoder.up.3.upsample": {
    "l2_value": 0.0002607793139759451,
    "cosine_value": 0.024747788906097412,
    "shape": [
      1,
      512,
      128,
      128
    ],
    "method": "Both"
  },
  "decoder.conv_out": {
    "l2_value": 8.164603301944832e-05,
    "cosine_value": 0.008108437061309814,
    "shape": [
      1,
      3,
      512,
      512
    ],
    "method": "Both"
  }
}