{
  "decoder.conv_in": {
    "l2_value": 0.00018975696002598852,
    "cosine_value": 0.029678940773010254,
    "shape": [
      1,
      512,
      64,
      64
    ],
    "method": "Both"
  },
  "decoder.mid.block_1": {
    "l2_value": 0.00018444666056893766,
    "cosine_value": 0.027323007583618164,
    "shape": [
      1,
      512,
      64,
      64
    ],
    "method": "Both"
  },
  "decoder.mid.attn_1": {
    "l2_value": 0.00018636863387655467,
    "cosine_value": 0.027535736560821533,
    "shape": [
      1,
      512,
      64,
      64
    ],
    "method": "Both"
  },
  "decoder.mid.block_2": {
    "l2_value": 0.00019420243916101754,
    "cosine_value": 0.027771472930908203,
    "shape": [
      1,
      512,
      64,
      64
    ],
    "method": "Both"
  },
  "decoder.up.0.block.0": {
    "l2_value": 0.0007597288931719959,
    "cosine_value": 0.007261395454406738,
    "shape": [
      1,
      128,
      512,
      512
    ],
    "method": "Both"
  },
  "decoder.up.0.block.1": {
    "l2_value": 0.0008331703720614314,
    "cosine_value": 0.0069890618324279785,
    "shape": [
      1,
      128,
      512,
      512
    ],
    "method": "Both"
  },
  "decoder.up.0.block.2": {
    "l2_value": 0.0009269085130654275,
    "cosine_value": 0.006772279739379883,
    "shape": [
      1,
      128,
      512,
      512
    ],
    "method": "Both"
  },
  "decoder.up.1.block.0": {
    "l2_value": 0.0004026624374091625,
    "cosine_value": 0.016064345836639404,
    "shape": [
      1,
      256,
      256,
      256
    ],
    "method": "Both"
  },
  "decoder.up.1.block.1": {
    "l2_value": 0.00040814877138473094,
    "cosine_value": 0.01674818992614746,
    "shape": [
      1,
      256,
      256,
      256
    ],
    "method": "Both"
  },
  "decoder.up.1.block.2": {
    "l2_value": 0.00037066417280584574,
    "cosine_value": 0.0165482759475708,
    "shape": [
      1,
      256,
      256,
      256
    ],
    "method": "Both"
  },
  "decoder.up.1.upsample": {
    "l2_value": 0.0004460810450837016,
    "cosine_value": 0.013290107250213623,
    "shape": [
      1,
      256,
      512,
      512
    ],
    "method": "Both"
  },
  "decoder.up.2.block.0": {
    "l2_value": 0.0003546473744791001,
    "cosine_value": 0.024754822254180908,
    "shape": [
      1,
      512,
      128,
      128
    ],
    "method": "Both"
  },
  "decoder.up.2.block.1": {
    "l2_value": 0.0003674202016554773,
    "cosine_value": 0.025330185890197754,
    "shape": [
      1,
      512,
      128,
      128
    ],
    "method": "Both"
  },
  "decoder.up.2.block.2": {
    "l2_value": 0.00031966614187695086,
    "cosine_value": 0.02573186159133911,
    "shape": [
      1,
      512,
      128,
      128
    ],
    "method": "Both"
  },
  "decoder.up.2.upsample": {
    "l2_value": 0.0004829193348996341,
    "cosine_value": 0.02126169204711914,
    "shape": [
      1,
      512,
      256,
      256
    ],
    "method": "Both"
  },
  "decoder.up.3.block.0": {
    "l2_value": 0.00021417051902972162,
    "cosine_value": 0.02986586093902588,
    "shape": [
      1,
      512,
      64,
      64
    ],
    "method": "Both"
  },
  "decoder.up.3.block.1": {
    "l2_value": 0.0002249953686259687,
    "cosine_value": 0.03175383806228638,
    "shape": [
      1,
      512,
      64,
      64
    ],
    "method": "Both"
  },
  "decoder.up.3.block.2": {
    "l2_value": 0.00020217450219206512,
    "cosine_value": 0.0309145450592041,
    "shape": [
      1,
      512,
      64,
      64
    ],
    "method": "Both"
  },
  "decoder.up.3.upsample": {
    "l2_value": 0.0003580494085326791,
    "cosine_value": 0.02615678310394287,
    "shape": [
      1,
      512,
      128,
      128
    ],
    "method": "Both"
  },
  "decoder.conv_out": {
    "l2_value": 8.052688887498032e-05,
    "cosine_value": 0.007574677467346191,
    "shape": [
      1,
      3,
      512,
      512
    ],
    "method": "Both"
  }
}