{
  "decoder.conv_in": {
    "l2_value": 0.0001680378190940246,
    "cosine_value": 0.07466000318527222,
    "shape": [
      1,
      512,
      64,
      64
    ],
    "method": "Both"
  },
  "decoder.mid.block_1": {
    "l2_value": 0.00018386798910796642,
    "cosine_value": 0.05680924654006958,
    "shape": [
      1,
      512,
      64,
      64
    ],
    "method": "Both"
  },
  "decoder.mid.attn_1": {
    "l2_value": 0.0001855012378655374,
    "cosine_value": 0.0498276948928833,
    "shape": [
      1,
      512,
      64,
      64
    ],
    "method": "Both"
  },
  "decoder.mid.block_2": {
    "l2_value": 0.0001972619502339512,
    "cosine_value": 0.05083751678466797,
    "shape": [
      1,
      512,
      64,
      64
    ],
    "method": "Both"
  },
  "decoder.up.0.block.0": {
    "l2_value": 0.0017680079909041524,
    "cosine_value": 0.07784104347229004,
    "shape": [
      1,
      128,
      512,
      512
    ],
    "method": "Both"
  },
  "decoder.up.0.block.1": {
    "l2_value": 0.0021364872809499502,
    "cosine_value": 0.08210867643356323,
    "shape": [
      1,
      128,
      512,
      512
    ],
    "method": "Both"
  },
  "decoder.up.0.block.2": {
    "l2_value": 0.0025834066327661276,
    "cosine_value": 0.08551716804504395,
    "shape": [
      1,
      128,
      512,
      512
    ],
    "method": "Both"
  },
  "decoder.up.1.block.0": {
    "l2_value": 0.0004979640361852944,
    "cosine_value": 0.03761774301528931,
    "shape": [
      1,
      256,
      256,
      256
    ],
    "method": "Both"
  },
  "decoder.up.1.block.1": {
    "l2_value": 0.0005015574279241264,
    "cosine_value": 0.03770244121551514,
    "shape": [
      1,
      256,
      256,
      256
    ],
    "method": "Both"
  },
  "decoder.up.1.block.2": {
    "l2_value": 0.00044492771849036217,
    "cosine_value": 0.03978961706161499,
    "shape": [
      1,
      256,
      256,
      256
    ],
    "method": "Both"
  },
  "decoder.up.1.upsample": {
    "l2_value": 0.0005463759880512953,
    "cosine_value": 0.03765350580215454,
    "shape": [
      1,
      256,
      512,
      512
    ],
    "method": "Both"
  },
  "decoder.up.2.block.0": {
    "l2_value": 0.0003896585840266198,
    "cosine_value": 0.04815322160720825,
    "shape": [
      1,
      512,
      128,
      128
    ],
    "method": "Both"
  },
  "decoder.up.2.block.1": {
    "l2_value": 0.0004051655123475939,
    "cosine_value": 0.05121356248855591,
    "shape": [
      1,
      512,
      128,
      128
    ],
    "method": "Both"
  },
  "decoder.up.2.block.2": {
    "l2_value": 0.00035964505514129996,
    "cosine_value": 0.059055209159851074,
    "shape": [
      1,
      512,
      128,
      128
    ],
    "method": "Both"
  },
  "decoder.up.2.upsample": {
    "l2_value": 0.0005669070524163544,
    "cosine_value": 0.051119327545166016,
    "shape": [
      1,
      512,
      256,
      256
    ],
    "method": "Both"
  },
  "decoder.up.3.block.0": {
    "l2_value": 0.00022603620891459286,
    "cosine_value": 0.05764198303222656,
    "shape": [
      1,
      512,
      64,
      64
    ],
    "method": "Both"
  },
  "decoder.up.3.block.1": {
    "l2_value": 0.00023747066734358668,
    "cosine_value": 0.058706700801849365,
    "shape": [
      1,
      512,
      64,
      64
    ],
    "method": "Both"
  },
  "decoder.up.3.block.2": {
    "l2_value": 0.00022124160022940487,
    "cosine_value": 0.06395357847213745,
    "shape": [
      1,
      512,
      64,
      64
    ],
    "method": "Both"
  },
  "decoder.up.3.upsample": {
    "l2_value": 0.00039272982394322753,
    "cosine_value": 0.0539088249206543,
    "shape": [
      1,
      512,
      128,
      128
    ],
    "method": "Both"
  },
  "decoder.conv_out": {
    "l2_value": 0.00013497553300112486,
    "cosine_value": 0.026878654956817627,
    "shape": [
      1,
      3,
      512,
      512
    ],
    "method": "Both"
  }
}