{
  "decoder.conv_in": {
    "l2_value": 0.00029283223557285964,
    "cosine_value": 0.07150816917419434,
    "shape": [
      1,
      512,
      64,
      64
    ],
    "method": "Both"
  },
  "decoder.mid.block_1": {
    "l2_value": 0.00027174336719326675,
    "cosine_value": 0.061606764793395996,
    "shape": [
      1,
      512,
      64,
      64
    ],
    "method": "Both"
  },
  "decoder.mid.attn_1": {
    "l2_value": 0.0002727567043621093,
    "cosine_value": 0.06072711944580078,
    "shape": [
      1,
      512,
      64,
      64
    ],
    "method": "Both"
  },
  "decoder.mid.block_2": {
    "l2_value": 0.00028708091122098267,
    "cosine_value": 0.06230044364929199,
    "shape": [
      1,
      512,
      64,
      64
    ],
    "method": "Both"
  },
  "decoder.up.0.block.0": {
    "l2_value": 0.0013287581969052553,
    "cosine_value": 0.02408689260482788,
    "shape": [
      1,
      128,
      512,
      512
    ],
    "method": "Both"
  },
  "decoder.up.0.block.1": {
    "l2_value": 0.001471164869144559,
    "cosine_value": 0.02322256565093994,
    "shape": [
      1,
      128,
      512,
      512
    ],
    "method": "Both"
  },
  "decoder.up.0.block.2": {
    "l2_value": 0.001649743877351284,
    "cosine_value": 0.02258700132369995,
    "shape": [
      1,
      128,
      512,
      512
    ],
    "method": "Both"
  },
  "decoder.up.1.block.0": {
    "l2_value": 0.0005856058560311794,
    "cosine_value": 0.037237346172332764,
    "shape": [
      1,
      256,
      256,
      256
    ],
    "method": "Both"
  },
  "decoder.up.1.block.1": {
    "l2_value": 0.000609411858022213,
    "cosine_value": 0.04116487503051758,
    "shape": [
      1,
      256,
      256,
      256
    ],
    "method": "Both"
  },
  "decoder.up.1.block.2": {
    "l2_value": 0.0005593971582129598,
    "cosine_value": 0.04235619306564331,
    "shape": [
      1,
      256,
      256,
      256
    ],
    "method": "Both"
  },
  "decoder.up.1.upsample": {
    "l2_value": 0.0006775232614018023,
    "cosine_value": 0.03398919105529785,
    "shape": [
      1,
      256,
      512,
      512
    ],
    "method": "Both"
  },
  "decoder.up.2.block.0": {
    "l2_value": 0.000525651266798377,
    "cosine_value": 0.056022703647613525,
    "shape": [
      1,
      512,
      128,
      128
    ],
    "method": "Both"
  },
  "decoder.up.2.block.1": {
    "l2_value": 0.0005400797235779464,
    "cosine_value": 0.056599199771881104,
    "shape": [
      1,
      512,
      128,
      128
    ],
    "method": "Both"
  },
  "decoder.up.2.block.2": {
    "l2_value": 0.0004697012191172689,
    "cosine_value": 0.05828225612640381,
    "shape": [
      1,
      512,
      128,
      128
    ],
    "method": "Both"
  },
  "decoder.up.2.upsample": {
    "l2_value": 0.0007042994257062674,
    "cosine_value": 0.047757625579833984,
    "shape": [
      1,
      512,
      256,
      256
    ],
    "method": "Both"
  },
  "decoder.up.3.block.0": {
    "l2_value": 0.0003214967146050185,
    "cosine_value": 0.06855422258377075,
    "shape": [
      1,
      512,
      64,
      64
    ],
    "method": "Both"
  },
  "decoder.up.3.block.1": {
    "l2_value": 0.00033685084781609476,
    "cosine_value": 0.07242047786712646,
    "shape": [
      1,
      512,
      64,
      64
    ],
    "method": "Both"
  },
  "decoder.up.3.block.2": {
    "l2_value": 0.0003034938417840749,
    "cosine_value": 0.0709071159362793,
    "shape": [
      1,
      512,
      64,
      64
    ],
    "method": "Both"
  },
  "decoder.up.3.upsample": {
    "l2_value": 0.0005432970938272774,
    "cosine_value": 0.062133729457855225,
    "shape": [
      1,
      512,
      128,
      128
    ],
    "method": "Both"
  },
  "decoder.conv_out": {
    "l2_value": 0.00013187299676549932,
    "cosine_value": 0.025194287300109863,
    "shape": [
      1,
      3,
      512,
      512
    ],
    "method": "Both"
  }
}