{
  "decoder.conv_in": {
    "l2_value": 0.00027350190794095397,
    "cosine_value": 0.06339800357818604,
    "shape": [
      1,
      512,
      64,
      64
    ],
    "method": "Both"
  },
  "decoder.mid.block_1": {
    "l2_value": 0.0002571572840679437,
    "cosine_value": 0.0556262731552124,
    "shape": [
      1,
      512,
      64,
      64
    ],
    "method": "Both"
  },
  "decoder.mid.attn_1": {
    "l2_value": 0.00025621644454076886,
    "cosine_value": 0.05372810363769531,
    "shape": [
      1,
      512,
      64,
      64
    ],
    "method": "Both"
  },
  "decoder.mid.block_2": {
    "l2_value": 0.00026848079869523644,
    "cosine_value": 0.054706871509552,
    "shape": [
      1,
      512,
      64,
      64
    ],
    "method": "Both"
  },
  "decoder.up.0.block.0": {
    "l2_value": 0.0009061435121111572,
    "cosine_value": 0.009840071201324463,
    "shape": [
      1,
      128,
      512,
      512
    ],
    "method": "Both"
  },
  "decoder.up.0.block.1": {
    "l2_value": 0.0009170856210403144,
    "cosine_value": 0.008091866970062256,
    "shape": [
      1,
      128,
      512,
      512
    ],
    "method": "Both"
  },
  "decoder.up.0.block.2": {
    "l2_value": 0.0009389386395923793,
    "cosine_value": 0.006653964519500732,
    "shape": [
      1,
      128,
      512,
      512
    ],
    "method": "Both"
  },
  "decoder.up.1.block.0": {
    "l2_value": 0.0005676140426658094,
    "cosine_value": 0.03256654739379883,
    "shape": [
      1,
      256,
      256,
      256
    ],
    "method": "Both"
  },
  "decoder.up.1.block.1": {
    "l2_value": 0.0005900471587665379,
    "cosine_value": 0.0357511043548584,
    "shape": [
      1,
      256,
      256,
      256
    ],
    "method": "Both"
  },
  "decoder.up.1.block.2": {
    "l2_value": 0.000554115220438689,
    "cosine_value": 0.037714362144470215,
    "shape": [
      1,
      256,
      256,
      256
    ],
    "method": "Both"
  },
  "decoder.up.1.upsample": {
    "l2_value": 0.0006404196028597653,
    "cosine_value": 0.02726757526397705,
    "shape": [
      1,
      256,
      512,
      512
    ],
    "method": "Both"
  },
  "decoder.up.2.block.0": {
    "l2_value": 0.00048467799206264317,
    "cosine_value": 0.04857248067855835,
    "shape": [
      1,
      512,
      128,
      128
    ],
    "method": "Both"
  },
  "decoder.up.2.block.1": {
    "l2_value": 0.0005005099228583276,
    "cosine_value": 0.04874563217163086,
    "shape": [
      1,
      512,
      128,
      128
    ],
    "method": "Both"
  },
  "decoder.up.2.block.2": {
    "l2_value": 0.00044466886902228,
    "cosine_value": 0.051345109939575195,
    "shape": [
      1,
      512,
      128,
      128
    ],
    "method": "Both"
  },
  "decoder.up.2.upsample": {
    "l2_value": 0.0006748226005584002,
    "cosine_value": 0.042517006397247314,
    "shape": [
      1,
      512,
      256,
      256
    ],
    "method": "Both"
  },
  "decoder.up.3.block.0": {
    "l2_value": 0.0002977508120238781,
    "cosine_value": 0.05944305658340454,
    "shape": [
      1,
      512,
      64,
      64
    ],
    "method": "Both"
  },
  "decoder.up.3.block.1": {
    "l2_value": 0.0003114523715339601,
    "cosine_value": 0.06312859058380127,
    "shape": [
      1,
      512,
      64,
      64
    ],
    "method": "Both"
  },
  "decoder.up.3.block.2": {
    "l2_value": 0.00028084867517463863,
    "cosine_value": 0.062246739864349365,
    "shape": [
      1,
      512,
      64,
      64
    ],
    "method": "Both"
  },
  "decoder.up.3.upsample": {
    "l2_value": 0.0004981444799341261,
    "cosine_value": 0.05369853973388672,
    "shape": [
      1,
      512,
      128,
      128
    ],
    "method": "Both"
  },
  "decoder.conv_out": {
    "l2_value": 0.00016811290212596455,
    "cosine_value": 0.03328859806060791,
    "shape": [
      1,
      3,
      512,
      512
    ],
    "method": "Both"
  }
}