{
  "decoder.conv_in": {
    "l2_value": 0.0001489107817178592,
    "cosine_value": 0.06541061401367188,
    "shape": [
      1,
      512,
      64,
      64
    ],
    "method": "Both"
  },
  "decoder.mid.block_1": {
    "l2_value": 0.0001693466620054096,
    "cosine_value": 0.04810023307800293,
    "shape": [
      1,
      512,
      64,
      64
    ],
    "method": "Both"
  },
  "decoder.mid.attn_1": {
    "l2_value": 0.00016879470786079764,
    "cosine_value": 0.043106913566589355,
    "shape": [
      1,
      512,
      64,
      64
    ],
    "method": "Both"
  },
  "decoder.mid.block_2": {
    "l2_value": 0.0001797072618501261,
    "cosine_value": 0.044066429138183594,
    "shape": [
      1,
      512,
      64,
      64
    ],
    "method": "Both"
  },
  "decoder.up.0.block.0": {
    "l2_value": 0.0006483254837803543,
    "cosine_value": 0.009836971759796143,
    "shape": [
      1,
      128,
      512,
      512
    ],
    "method": "Both"
  },
  "decoder.up.0.block.1": {
    "l2_value": 0.0006549365352839231,
    "cosine_value": 0.007309436798095703,
    "shape": [
      1,
      128,
      512,
      512
    ],
    "method": "Both"
  },
  "decoder.up.0.block.2": {
    "l2_value": 0.0006712662288919091,
    "cosine_value": 0.005492746829986572,
    "shape": [
      1,
      128,
      512,
      512
    ],
    "method": "Both"
  },
  "decoder.up.1.block.0": {
    "l2_value": 0.0004612116899807006,
    "cosine_value": 0.032370686531066895,
    "shape": [
      1,
      256,
      256,
      256
    ],
    "method": "Both"
  },
  "decoder.up.1.block.1": {
    "l2_value": 0.0004683435254264623,
    "cosine_value": 0.032359957695007324,
    "shape": [
      1,
      256,
      256,
      256
    ],
    "method": "Both"
  },
  "decoder.up.1.block.2": {
    "l2_value": 0.00042201916221529245,
    "cosine_value": 0.034458160400390625,
    "shape": [
      1,
      256,
      256,
      256
    ],
    "method": "Both"
  },
  "decoder.up.1.upsample": {
    "l2_value": 0.00045529755880124867,
    "cosine_value": 0.025025486946105957,
    "shape": [
      1,
      256,
      512,
      512
    ],
    "method": "Both"
  },
  "decoder.up.2.block.0": {
    "l2_value": 0.0003520761092659086,
    "cosine_value": 0.041664838790893555,
    "shape": [
      1,
      512,
      128,
      128
    ],
    "method": "Both"
  },
  "decoder.up.2.block.1": {
    "l2_value": 0.0003693757171276957,
    "cosine_value": 0.0445825457572937,
    "shape": [
      1,
      512,
      128,
      128
    ],
    "method": "Both"
  },
  "decoder.up.2.block.2": {
    "l2_value": 0.0003333413915243,
    "cosine_value": 0.05298548936843872,
    "shape": [
      1,
      512,
      128,
      128
    ],
    "method": "Both"
  },
  "decoder.up.2.upsample": {
    "l2_value": 0.0005227152141742408,
    "cosine_value": 0.04511028528213501,
    "shape": [
      1,
      512,
      256,
      256
    ],
    "method": "Both"
  },
  "decoder.up.3.block.0": {
    "l2_value": 0.00020655561820603907,
    "cosine_value": 0.04985320568084717,
    "shape": [
      1,
      512,
      64,
      64
    ],
    "method": "Both"
  },
  "decoder.up.3.block.1": {
    "l2_value": 0.0002172559907194227,
    "cosine_value": 0.05129063129425049,
    "shape": [
      1,
      512,
      64,
      64
    ],
    "method": "Both"
  },
  "decoder.up.3.block.2": {
    "l2_value": 0.00020235232659615576,
    "cosine_value": 0.056115150451660156,
    "shape": [
      1,
      512,
      64,
      64
    ],
    "method": "Both"
  },
  "decoder.up.3.upsample": {
    "l2_value": 0.0003527161024976522,
    "cosine_value": 0.04621952772140503,
    "shape": [
      1,
      512,
      128,
      128
    ],
    "method": "Both"
  },
  "decoder.conv_out": {
    "l2_value": 0.00016972253797575831,
    "cosine_value": 0.03516113758087158,
    "shape": [
      1,
      3,
      512,
      512
    ],
    "method": "Both"
  }
}