{
  "decoder.conv_in": {
    "l2_value": 0.00027218592003919184,
    "cosine_value": 0.06599968671798706,
    "shape": [
      1,
      512,
      64,
      64
    ],
    "method": "Both"
  },
  "decoder.mid.block_1": {
    "l2_value": 0.00025597051717340946,
    "cosine_value": 0.056540071964263916,
    "shape": [
      1,
      512,
      64,
      64
    ],
    "method": "Both"
  },
  "decoder.mid.attn_1": {
    "l2_value": 0.0002546628820709884,
    "cosine_value": 0.0547141432762146,
    "shape": [
      1,
      512,
      64,
      64
    ],
    "method": "Both"
  },
  "decoder.mid.block_2": {
    "l2_value": 0.000264816073467955,
    "cosine_value": 0.054724276065826416,
    "shape": [
      1,
      512,
      64,
      64
    ],
    "method": "Both"
  },
  "decoder.up.0.block.0": {
    "l2_value": 0.0008676332654431462,
    "cosine_value": 0.009157001972198486,
    "shape": [
      1,
      128,
      512,
      512
    ],
    "method": "Both"
  },
  "decoder.up.0.block.1": {
    "l2_value": 0.0008762803045101464,
    "cosine_value": 0.0075421929359436035,
    "shape": [
      1,
      128,
      512,
      512
    ],
    "method": "Both"
  },
  "decoder.up.0.block.2": {
    "l2_value": 0.0008942937711253762,
    "cosine_value": 0.006156861782073975,
    "shape": [
      1,
      128,
      512,
      512
    ],
    "method": "Both"
  },
  "decoder.up.1.block.0": {
    "l2_value": 0.0005630598170682788,
    "cosine_value": 0.03294879198074341,
    "shape": [
      1,
      256,
      256,
      256
    ],
    "method": "Both"
  },
  "decoder.up.1.block.1": {
    "l2_value": 0.0005841407109983265,
    "cosine_value": 0.035971224308013916,
    "shape": [
      1,
      256,
      256,
      256
    ],
    "method": "Both"
  },
  "decoder.up.1.block.2": {
    "l2_value": 0.0005501382402144372,
    "cosine_value": 0.03801608085632324,
    "shape": [
      1,
      256,
      256,
      256
    ],
    "method": "Both"
  },
  "decoder.up.1.upsample": {
    "l2_value": 0.0006348247407004237,
    "cosine_value": 0.027406394481658936,
    "shape": [
      1,
      256,
      512,
      512
    ],
    "method": "Both"
  },
  "decoder.up.2.block.0": {
    "l2_value": 0.0004875084268860519,
    "cosine_value": 0.050207316875457764,
    "shape": [
      1,
      512,
      128,
      128
    ],
    "method": "Both"
  },
  "decoder.up.2.block.1": {
    "l2_value": 0.0005049066967330873,
    "cosine_value": 0.05060166120529175,
    "shape": [
      1,
      512,
      128,
      128
    ],
    "method": "Both"
  },
  "decoder.up.2.block.2": {
    "l2_value": 0.00044780614553019404,
    "cosine_value": 0.05303388833999634,
    "shape": [
      1,
      512,
      128,
      128
    ],
    "method": "Both"
  },
  "decoder.up.2.upsample": {
    "l2_value": 0.000673984526656568,
    "cosine_value": 0.04335719347000122,
    "shape": [
      1,
      512,
      256,
      256
    ],
    "method": "Both"
  },
  "decoder.up.3.block.0": {
    "l2_value": 0.00029307714430615306,
    "cosine_value": 0.058668553829193115,
    "shape": [
      1,
      512,
      64,
      64
    ],
    "method": "Both"
  },
  "decoder.up.3.block.1": {
    "l2_value": 0.0003083247283939272,
    "cosine_value": 0.06285274028778076,
    "shape": [
      1,
      512,
      64,
      64
    ],
    "method": "Both"
  },
  "decoder.up.3.block.2": {
    "l2_value": 0.00027938655694015324,
    "cosine_value": 0.06314140558242798,
    "shape": [
      1,
      512,
      64,
      64
    ],
    "method": "Both"
  },
  "decoder.up.3.upsample": {
    "l2_value": 0.0004945482942275703,
    "cosine_value": 0.05424457788467407,
    "shape": [
      1,
      512,
      128,
      128
    ],
    "method": "Both"
  },
  "decoder.conv_out": {
    "l2_value": 0.0001591667726946374,
    "cosine_value": 0.0315818190574646,
    "shape": [
      1,
      3,
      512,
      512
    ],
    "method": "Both"
  }
}