{
  "decoder.conv_in": {
    "l2_value": 0.00015122443437576294,
    "cosine_value": 0.07229369878768921,
    "shape": [
      1,
      512,
      64,
      64
    ],
    "method": "Both"
  },
  "decoder.mid.block_1": {
    "l2_value": 0.00017593476513866335,
    "cosine_value": 0.05121409893035889,
    "shape": [
      1,
      512,
      64,
      64
    ],
    "method": "Both"
  },
  "decoder.mid.attn_1": {
    "l2_value": 0.00017449444567319006,
    "cosine_value": 0.046238839626312256,
    "shape": [
      1,
      512,
      64,
      64
    ],
    "method": "Both"
  },
  "decoder.mid.block_2": {
    "l2_value": 0.00018603057833388448,
    "cosine_value": 0.04735821485519409,
    "shape": [
      1,
      512,
      64,
      64
    ],
    "method": "Both"
  },
  "decoder.up.0.block.0": {
    "l2_value": 0.002682003192603588,
    "cosine_value": 0.1673274040222168,
    "shape": [
      1,
      128,
      512,
      512
    ],
    "method": "Both"
  },
  "decoder.up.0.block.1": {
    "l2_value": 0.003277741139754653,
    "cosine_value": 0.18171560764312744,
    "shape": [
      1,
      128,
      512,
      512
    ],
    "method": "Both"
  },
  "decoder.up.0.block.2": {
    "l2_value": 0.003976076375693083,
    "cosine_value": 0.1916237473487854,
    "shape": [
      1,
      128,
      512,
      512
    ],
    "method": "Both"
  },
  "decoder.up.1.block.0": {
    "l2_value": 0.000472426152555272,
    "cosine_value": 0.03533846139907837,
    "shape": [
      1,
      256,
      256,
      256
    ],
    "method": "Both"
  },
  "decoder.up.1.block.1": {
    "l2_value": 0.0004811764811165631,
    "cosine_value": 0.0355951189994812,
    "shape": [
      1,
      256,
      256,
      256
    ],
    "method": "Both"
  },
  "decoder.up.1.block.2": {
    "l2_value": 0.00044642112334258854,
    "cosine_value": 0.040213942527770996,
    "shape": [
      1,
      256,
      256,
      256
    ],
    "method": "Both"
  },
  "decoder.up.1.upsample": {
    "l2_value": 0.0006463500903919339,
    "cosine_value": 0.05250740051269531,
    "shape": [
      1,
      256,
      512,
      512
    ],
    "method": "Both"
  },
  "decoder.up.2.block.0": {
    "l2_value": 0.0003539381723385304,
    "cosine_value": 0.04223233461380005,
    "shape": [
      1,
      512,
      128,
      128
    ],
    "method": "Both"
  },
  "decoder.up.2.block.1": {
    "l2_value": 0.00037066428922116756,
    "cosine_value": 0.04519808292388916,
    "shape": [
      1,
      512,
      128,
      128
    ],
    "method": "Both"
  },
  "decoder.up.2.block.2": {
    "l2_value": 0.00033424817956984043,
    "cosine_value": 0.05411249399185181,
    "shape": [
      1,
      512,
      128,
      128
    ],
    "method": "Both"
  },
  "decoder.up.2.upsample": {
    "l2_value": 0.0005219170125201344,
    "cosine_value": 0.046684443950653076,
    "shape": [
      1,
      512,
      256,
      256
    ],
    "method": "Both"
  },
  "decoder.up.3.block.0": {
    "l2_value": 0.00021117622964084148,
    "cosine_value": 0.05209755897521973,
    "shape": [
      1,
      512,
      64,
      64
    ],
    "method": "Both"
  },
  "decoder.up.3.block.1": {
    "l2_value": 0.0002182144089601934,
    "cosine_value": 0.05181676149368286,
    "shape": [
      1,
      512,
      64,
      64
    ],
    "method": "Both"
  },
  "decoder.up.3.block.2": {
    "l2_value": 0.00020368199329823256,
    "cosine_value": 0.05689215660095215,
    "shape": [
      1,
      512,
      64,
      64
    ],
    "method": "Both"
  },
  "decoder.up.3.upsample": {
    "l2_value": 0.0003549013053998351,
    "cosine_value": 0.04718053340911865,
    "shape": [
      1,
      512,
      128,
      128
    ],
    "method": "Both"
  },
  "decoder.conv_out": {
    "l2_value": 0.00016054290851267675,
    "cosine_value": 0.03304564952850342,
    "shape": [
      1,
      3,
      512,
      512
    ],
    "method": "Both"
  }
}