{
  "decoder.conv_in": {
    "l2_value": 0.0003232799645047635,
    "cosine_value": 0.2581278681755066,
    "shape": [
      1,
      512,
      64,
      64
    ],
    "method": "Both"
  },
  "decoder.mid.block_1": {
    "l2_value": 0.00033994109253399074,
    "cosine_value": 0.1741277575492859,
    "shape": [
      1,
      512,
      64,
      64
    ],
    "method": "Both"
  },
  "decoder.mid.attn_1": {
    "l2_value": 0.0003357868699822575,
    "cosine_value": 0.15598124265670776,
    "shape": [
      1,
      512,
      64,
      64
    ],
    "method": "Both"
  },
  "decoder.mid.block_2": {
    "l2_value": 0.0003547417582012713,
    "cosine_value": 0.15774863958358765,
    "shape": [
      1,
      512,
      64,
      64
    ],
    "method": "Both"
  },
  "decoder.up.0.block.0": {
    "l2_value": 0.0016862088814377785,
    "cosine_value": 0.06618738174438477,
    "shape": [
      1,
      128,
      512,
      512
    ],
    "method": "Both"
  },
  "decoder.up.0.block.1": {
    "l2_value": 0.001760135986842215,
    "cosine_value": 0.05313485860824585,
    "shape": [
      1,
      128,
      512,
      512
    ],
    "method": "Both"
  },
  "decoder.up.0.block.2": {
    "l2_value": 0.0018746405839920044,
    "cosine_value": 0.04389828443527222,
    "shape": [
      1,
      128,
      512,
      512
    ],
    "method": "Both"
  },
  "decoder.up.1.block.0": {
    "l2_value": 0.0009402477298863232,
    "cosine_value": 0.11871957778930664,
    "shape": [
      1,
      256,
      256,
      256
    ],
    "method": "Both"
  },
  "decoder.up.1.block.1": {
    "l2_value": 0.0009393027285113931,
    "cosine_value": 0.11522436141967773,
    "shape": [
      1,
      256,
      256,
      256
    ],
    "method": "Both"
  },
  "decoder.up.1.block.2": {
    "l2_value": 0.0008607596391811967,
    "cosine_value": 0.12452316284179688,
    "shape": [
      1,
      256,
      256,
      256
    ],
    "method": "Both"
  },
  "decoder.up.1.upsample": {
    "l2_value": 0.0009933364344760776,
    "cosine_value": 0.10500454902648926,
    "shape": [
      1,
      256,
      512,
      512
    ],
    "method": "Both"
  },
  "decoder.up.2.block.0": {
    "l2_value": 0.0006796657107770443,
    "cosine_value": 0.14111799001693726,
    "shape": [
      1,
      512,
      128,
      128
    ],
    "method": "Both"
  },
  "decoder.up.2.block.1": {
    "l2_value": 0.00070045335451141,
    "cosine_value": 0.14647799730300903,
    "shape": [
      1,
      512,
      128,
      128
    ],
    "method": "Both"
  },
  "decoder.up.2.block.2": {
    "l2_value": 0.0006353652570396662,
    "cosine_value": 0.17134761810302734,
    "shape": [
      1,
      512,
      128,
      128
    ],
    "method": "Both"
  },
  "decoder.up.2.upsample": {
    "l2_value": 0.001035458641126752,
    "cosine_value": 0.1566230058670044,
    "shape": [
      1,
      512,
      256,
      256
    ],
    "method": "Both"
  },
  "decoder.up.3.block.0": {
    "l2_value": 0.00039097125409170985,
    "cosine_value": 0.16615527868270874,
    "shape": [
      1,
      512,
      64,
      64
    ],
    "method": "Both"
  },
  "decoder.up.3.block.1": {
    "l2_value": 0.00040579825872555375,
    "cosine_value": 0.16618508100509644,
    "shape": [
      1,
      512,
      64,
      64
    ],
    "method": "Both"
  },
  "decoder.up.3.block.2": {
    "l2_value": 0.00038326362846419215,
    "cosine_value": 0.18348973989486694,
    "shape": [
      1,
      512,
      64,
      64
    ],
    "method": "Both"
  },
  "decoder.up.3.upsample": {
    "l2_value": 0.000688413914758712,
    "cosine_value": 0.15853923559188843,
    "shape": [
      1,
      512,
      128,
      128
    ],
    "method": "Both"
  },
  "decoder.conv_out": {
    "l2_value": 0.00040398297520975274,
    "cosine_value": 0.13752985000610352,
    "shape": [
      1,
      3,
      512,
      512
    ],
    "method": "Both"
  }
}