{
  "decoder.conv_in": {
    "l2_value": 0.00019628432346507907,
    "cosine_value": 0.14857053756713867,
    "shape": [
      1,
      512,
      64,
      64
    ],
    "method": "Both"
  },
  "decoder.mid.block_1": {
    "l2_value": 0.0002226886572316289,
    "cosine_value": 0.0929529070854187,
    "shape": [
      1,
      512,
      64,
      64
    ],
    "method": "Both"
  },
  "decoder.mid.attn_1": {
    "l2_value": 0.0002216839202446863,
    "cosine_value": 0.08099144697189331,
    "shape": [
      1,
      512,
      64,
      64
    ],
    "method": "Both"
  },
  "decoder.mid.block_2": {
    "l2_value": 0.0002343990927329287,
    "cosine_value": 0.0819888710975647,
    "shape": [
      1,
      512,
      64,
      64
    ],
    "method": "Both"
  },
  "decoder.up.0.block.0": {
    "l2_value": 0.0008710076217539608,
    "cosine_value": 0.018497347831726074,
    "shape": [
      1,
      128,
      512,
      512
    ],
    "method": "Both"
  },
  "decoder.up.0.block.1": {
    "l2_value": 0.0009081200114451349,
    "cosine_value": 0.014502942562103271,
    "shape": [
      1,
      128,
      512,
      512
    ],
    "method": "Both"
  },
  "decoder.up.0.block.2": {
    "l2_value": 0.000962921476457268,
    "cosine_value": 0.011624932289123535,
    "shape": [
      1,
      128,
      512,
      512
    ],
    "method": "Both"
  },
  "decoder.up.1.block.0": {
    "l2_value": 0.000598750077188015,
    "cosine_value": 0.06148010492324829,
    "shape": [
      1,
      256,
      256,
      256
    ],
    "method": "Both"
  },
  "decoder.up.1.block.1": {
    "l2_value": 0.0006067813956178725,
    "cosine_value": 0.060988783836364746,
    "shape": [
      1,
      256,
      256,
      256
    ],
    "method": "Both"
  },
  "decoder.up.1.block.2": {
    "l2_value": 0.000543236848898232,
    "cosine_value": 0.06586575508117676,
    "shape": [
      1,
      256,
      256,
      256
    ],
    "method": "Both"
  },
  "decoder.up.1.upsample": {
    "l2_value": 0.0005871702451258898,
    "cosine_value": 0.04723268747329712,
    "shape": [
      1,
      256,
      512,
      512
    ],
    "method": "Both"
  },
  "decoder.up.2.block.0": {
    "l2_value": 0.00046477551222778857,
    "cosine_value": 0.07898104190826416,
    "shape": [
      1,
      512,
      128,
      128
    ],
    "method": "Both"
  },
  "decoder.up.2.block.1": {
    "l2_value": 0.00048576752305962145,
    "cosine_value": 0.08386105298995972,
    "shape": [
      1,
      512,
      128,
      128
    ],
    "method": "Both"
  },
  "decoder.up.2.block.2": {
    "l2_value": 0.00043554758303798735,
    "cosine_value": 0.10129004716873169,
    "shape": [
      1,
      512,
      128,
      128
    ],
    "method": "Both"
  },
  "decoder.up.2.upsample": {
    "l2_value": 0.0006794787477701902,
    "cosine_value": 0.08754158020019531,
    "shape": [
      1,
      512,
      256,
      256
    ],
    "method": "Both"
  },
  "decoder.up.3.block.0": {
    "l2_value": 0.00027079254505224526,
    "cosine_value": 0.09219479560852051,
    "shape": [
      1,
      512,
      64,
      64
    ],
    "method": "Both"
  },
  "decoder.up.3.block.1": {
    "l2_value": 0.0002852451871149242,
    "cosine_value": 0.09485071897506714,
    "shape": [
      1,
      512,
      64,
      64
    ],
    "method": "Both"
  },
  "decoder.up.3.block.2": {
    "l2_value": 0.0002655169228091836,
    "cosine_value": 0.10598999261856079,
    "shape": [
      1,
      512,
      64,
      64
    ],
    "method": "Both"
  },
  "decoder.up.3.upsample": {
    "l2_value": 0.00046456235577352345,
    "cosine_value": 0.08769762516021729,
    "shape": [
      1,
      512,
      128,
      128
    ],
    "method": "Both"
  },
  "decoder.conv_out": {
    "l2_value": 0.0002074550138786435,
    "cosine_value": 0.06713634729385376,
    "shape": [
      1,
      3,
      512,
      512
    ],
    "method": "Both"
  }
}