{
  "decoder.conv_in": {
    "l2_value": 0.0006141796475276351,
    "cosine_value": 0.31435441970825195,
    "shape": [
      1,
      512,
      64,
      64
    ],
    "method": "Both"
  },
  "decoder.mid.block_1": {
    "l2_value": 0.0006161921191960573,
    "cosine_value": 0.31950050592422485,
    "shape": [
      1,
      512,
      64,
      64
    ],
    "method": "Both"
  },
  "decoder.mid.attn_1": {
    "l2_value": 0.0006127542001195252,
    "cosine_value": 0.30252528190612793,
    "shape": [
      1,
      512,
      64,
      64
    ],
    "method": "Both"
  },
  "decoder.mid.block_2": {
    "l2_value": 0.0006260770023800433,
    "cosine_value": 0.29095369577407837,
    "shape": [
      1,
      512,
      64,
      64
    ],
    "method": "Both"
  },
  "decoder.up.0.block.0": {
    "l2_value": 0.00728612532839179,
    "cosine_value": 0.7013188898563385,
    "shape": [
      1,
      128,
      512,
      512
    ],
    "method": "Both"
  },
  "decoder.up.0.block.1": {
    "l2_value": 0.008389623835682869,
    "cosine_value": 0.7374421060085297,
    "shape": [
      1,
      128,
      512,
      512
    ],
    "method": "Both"
  },
  "decoder.up.0.block.2": {
    "l2_value": 0.009674204513430595,
    "cosine_value": 0.7635056972503662,
    "shape": [
      1,
      128,
      512,
      512
    ],
    "method": "Both"
  },
  "decoder.up.1.block.0": {
    "l2_value": 0.0014171719085425138,
    "cosine_value": 0.20764833688735962,
    "shape": [
      1,
      256,
      256,
      256
    ],
    "method": "Both"
  },
  "decoder.up.1.block.1": {
    "l2_value": 0.0014417548663914204,
    "cosine_value": 0.2200685739517212,
    "shape": [
      1,
      256,
      256,
      256
    ],
    "method": "Both"
  },
  "decoder.up.1.block.2": {
    "l2_value": 0.0013539920328184962,
    "cosine_value": 0.23991942405700684,
    "shape": [
      1,
      256,
      256,
      256
    ],
    "method": "Both"
  },
  "decoder.up.1.upsample": {
    "l2_value": 0.0022423132322728634,
    "cosine_value": 0.3645998239517212,
    "shape": [
      1,
      256,
      512,
      512
    ],
    "method": "Both"
  },
  "decoder.up.2.block.0": {
    "l2_value": 0.0010872146813198924,
    "cosine_value": 0.23121529817581177,
    "shape": [
      1,
      512,
      128,
      128
    ],
    "method": "Both"
  },
  "decoder.up.2.block.1": {
    "l2_value": 0.0011182886082679033,
    "cosine_value": 0.23418885469436646,
    "shape": [
      1,
      512,
      128,
      128
    ],
    "method": "Both"
  },
  "decoder.up.2.block.2": {
    "l2_value": 0.0009909698273986578,
    "cosine_value": 0.25584596395492554,
    "shape": [
      1,
      512,
      128,
      128
    ],
    "method": "Both"
  },
  "decoder.up.2.upsample": {
    "l2_value": 0.0015574947465211153,
    "cosine_value": 0.2288873791694641,
    "shape": [
      1,
      512,
      256,
      256
    ],
    "method": "Both"
  },
  "decoder.up.3.block.0": {
    "l2_value": 0.0006751894252374768,
    "cosine_value": 0.2964938282966614,
    "shape": [
      1,
      512,
      64,
      64
    ],
    "method": "Both"
  },
  "decoder.up.3.block.1": {
    "l2_value": 0.0006865968462079763,
    "cosine_value": 0.2940855622291565,
    "shape": [
      1,
      512,
      64,
      64
    ],
    "method": "Both"
  },
  "decoder.up.3.block.2": {
    "l2_value": 0.0006199493072926998,
    "cosine_value": 0.2906774878501892,
    "shape": [
      1,
      512,
      64,
      64
    ],
    "method": "Both"
  },
  "decoder.up.3.upsample": {
    "l2_value": 0.0011143403826281428,
    "cosine_value": 0.24893909692764282,
    "shape": [
      1,
      512,
      128,
      128
    ],
    "method": "Both"
  },
  "decoder.conv_out": {
    "l2_value": 0.0003071621176786721,
    "cosine_value": 0.10528451204299927,
    "shape": [
      1,
      3,
      512,
      512
    ],
    "method": "Both"
  }
}