{
  "decoder.conv_in": {
    "l2_value": 0.00032108326558955014,
    "cosine_value": 0.31716209650039673,
    "shape": [
      1,
      512,
      64,
      64
    ],
    "method": "Both"
  },
  "decoder.mid.block_1": {
    "l2_value": 0.0003621764772105962,
    "cosine_value": 0.23033541440963745,
    "shape": [
      1,
      512,
      64,
      64
    ],
    "method": "Both"
  },
  "decoder.mid.attn_1": {
    "l2_value": 0.0003633883607108146,
    "cosine_value": 0.20072704553604126,
    "shape": [
      1,
      512,
      64,
      64
    ],
    "method": "Both"
  },
  "decoder.mid.block_2": {
    "l2_value": 0.000380821933504194,
    "cosine_value": 0.2002190351486206,
    "shape": [
      1,
      512,
      64,
      64
    ],
    "method": "Both"
  },
  "decoder.up.0.block.0": {
    "l2_value": 0.004515401087701321,
    "cosine_value": 0.5204515755176544,
    "shape": [
      1,
      128,
      512,
      512
    ],
    "method": "Both"
  },
  "decoder.up.0.block.1": {
    "l2_value": 0.005512830801308155,
    "cosine_value": 0.5564660429954529,
    "shape": [
      1,
      128,
      512,
      512
    ],
    "method": "Both"
  },
  "decoder.up.0.block.2": {
    "l2_value": 0.00665506673976779,
    "cosine_value": 0.5796211361885071,
    "shape": [
      1,
      128,
      512,
      512
    ],
    "method": "Both"
  },
  "decoder.up.1.block.0": {
    "l2_value": 0.0009776733350008726,
    "cosine_value": 0.14665120840072632,
    "shape": [
      1,
      256,
      256,
      256
    ],
    "method": "Both"
  },
  "decoder.up.1.block.1": {
    "l2_value": 0.0009746590512804687,
    "cosine_value": 0.1438344120979309,
    "shape": [
      1,
      256,
      256,
      256
    ],
    "method": "Both"
  },
  "decoder.up.1.block.2": {
    "l2_value": 0.0008869803859852254,
    "cosine_value": 0.16181331872940063,
    "shape": [
      1,
      256,
      256,
      256
    ],
    "method": "Both"
  },
  "decoder.up.1.upsample": {
    "l2_value": 0.001212903531268239,
    "cosine_value": 0.18797701597213745,
    "shape": [
      1,
      256,
      512,
      512
    ],
    "method": "Both"
  },
  "decoder.up.2.block.0": {
    "l2_value": 0.000727156875655055,
    "cosine_value": 0.17225009202957153,
    "shape": [
      1,
      512,
      128,
      128
    ],
    "method": "Both"
  },
  "decoder.up.2.block.1": {
    "l2_value": 0.0007588183507323265,
    "cosine_value": 0.1855505108833313,
    "shape": [
      1,
      512,
      128,
      128
    ],
    "method": "Both"
  },
  "decoder.up.2.block.2": {
    "l2_value": 0.0006821799906902015,
    "cosine_value": 0.22507572174072266,
    "shape": [
      1,
      512,
      128,
      128
    ],
    "method": "Both"
  },
  "decoder.up.2.upsample": {
    "l2_value": 0.0010829220991581678,
    "cosine_value": 0.19744163751602173,
    "shape": [
      1,
      512,
      256,
      256
    ],
    "method": "Both"
  },
  "decoder.up.3.block.0": {
    "l2_value": 0.00042332103475928307,
    "cosine_value": 0.21047937870025635,
    "shape": [
      1,
      512,
      64,
      64
    ],
    "method": "Both"
  },
  "decoder.up.3.block.1": {
    "l2_value": 0.00044133648043498397,
    "cosine_value": 0.2116205096244812,
    "shape": [
      1,
      512,
      64,
      64
    ],
    "method": "Both"
  },
  "decoder.up.3.block.2": {
    "l2_value": 0.0004139966913498938,
    "cosine_value": 0.23623383045196533,
    "shape": [
      1,
      512,
      64,
      64
    ],
    "method": "Both"
  },
  "decoder.up.3.upsample": {
    "l2_value": 0.0007308433414436877,
    "cosine_value": 0.19151043891906738,
    "shape": [
      1,
      512,
      128,
      128
    ],
    "method": "Both"
  },
  "decoder.conv_out": {
    "l2_value": 0.00030903527901197475,
    "cosine_value": 0.11264115571975708,
    "shape": [
      1,
      3,
      512,
      512
    ],
    "method": "Both"
  }
}