{
  "decoder.conv_in": {
    "l2_value": 0.00014140356506686658,
    "cosine_value": 0.06111311912536621,
    "shape": [
      1,
      512,
      64,
      64
    ],
    "method": "Both"
  },
  "decoder.mid.block_1": {
    "l2_value": 0.00016275572124868631,
    "cosine_value": 0.047997236251831055,
    "shape": [
      1,
      512,
      64,
      64
    ],
    "method": "Both"
  },
  "decoder.mid.attn_1": {
    "l2_value": 0.0001664471346884966,
    "cosine_value": 0.042453765869140625,
    "shape": [
      1,
      512,
      64,
      64
    ],
    "method": "Both"
  },
  "decoder.mid.block_2": {
    "l2_value": 0.0001730048534227535,
    "cosine_value": 0.04202193021774292,
    "shape": [
      1,
      512,
      64,
      64
    ],
    "method": "Both"
  },
  "decoder.up.0.block.0": {
    "l2_value": 0.0006577562890015543,
    "cosine_value": 0.010782480239868164,
    "shape": [
      1,
      128,
      512,
      512
    ],
    "method": "Both"
  },
  "decoder.up.0.block.1": {
    "l2_value": 0.0007080566720105708,
    "cosine_value": 0.008955180644989014,
    "shape": [
      1,
      128,
      512,
      512
    ],
    "method": "Both"
  },
  "decoder.up.0.block.2": {
    "l2_value": 0.0007727201445959508,
    "cosine_value": 0.007560312747955322,
    "shape": [
      1,
      128,
      512,
      512
    ],
    "method": "Both"
  },
  "decoder.up.1.block.0": {
    "l2_value": 0.00044078542850911617,
    "cosine_value": 0.03275918960571289,
    "shape": [
      1,
      256,
      256,
      256
    ],
    "method": "Both"
  },
  "decoder.up.1.block.1": {
    "l2_value": 0.00043636164627969265,
    "cosine_value": 0.03171283006668091,
    "shape": [
      1,
      256,
      256,
      256
    ],
    "method": "Both"
  },
  "decoder.up.1.block.2": {
    "l2_value": 0.00038361060433089733,
    "cosine_value": 0.0340580940246582,
    "shape": [
      1,
      256,
      256,
      256
    ],
    "method": "Both"
  },
  "decoder.up.1.upsample": {
    "l2_value": 0.000432731700129807,
    "cosine_value": 0.026468932628631592,
    "shape": [
      1,
      256,
      512,
      512
    ],
    "method": "Both"
  },
  "decoder.up.2.block.0": {
    "l2_value": 0.00033581870957277715,
    "cosine_value": 0.038332462310791016,
    "shape": [
      1,
      512,
      128,
      128
    ],
    "method": "Both"
  },
  "decoder.up.2.block.1": {
    "l2_value": 0.00035252433735877275,
    "cosine_value": 0.04188734292984009,
    "shape": [
      1,
      512,
      128,
      128
    ],
    "method": "Both"
  },
  "decoder.up.2.block.2": {
    "l2_value": 0.00031445303466171026,
    "cosine_value": 0.05130791664123535,
    "shape": [
      1,
      512,
      128,
      128
    ],
    "method": "Both"
  },
  "decoder.up.2.upsample": {
    "l2_value": 0.0005007631261833012,
    "cosine_value": 0.045379042625427246,
    "shape": [
      1,
      512,
      256,
      256
    ],
    "method": "Both"
  },
  "decoder.up.3.block.0": {
    "l2_value": 0.00019014120334759355,
    "cosine_value": 0.04362177848815918,
    "shape": [
      1,
      512,
      64,
      64
    ],
    "method": "Both"
  },
  "decoder.up.3.block.1": {
    "l2_value": 0.00019948542467318475,
    "cosine_value": 0.04436755180358887,
    "shape": [
      1,
      512,
      64,
      64
    ],
    "method": "Both"
  },
  "decoder.up.3.block.2": {
    "l2_value": 0.00018647291290108114,
    "cosine_value": 0.04984396696090698,
    "shape": [
      1,
      512,
      64,
      64
    ],
    "method": "Both"
  },
  "decoder.up.3.upsample": {
    "l2_value": 0.00033650477416813374,
    "cosine_value": 0.042147040367126465,
    "shape": [
      1,
      512,
      128,
      128
    ],
    "method": "Both"
  },
  "decoder.conv_out": {
    "l2_value": 0.00012465631395267943,
    "cosine_value": 0.03813481330871582,
    "shape": [
      1,
      3,
      512,
      512
    ],
    "method": "Both"
  }
}