{
  "decoder.conv_in": {
    "l2_value": 0.0002482340787537396,
    "cosine_value": 0.060079872608184814,
    "shape": [
      1,
      512,
      64,
      64
    ],
    "method": "Both"
  },
  "decoder.mid.block_1": {
    "l2_value": 0.0002366694825468585,
    "cosine_value": 0.05399042367935181,
    "shape": [
      1,
      512,
      64,
      64
    ],
    "method": "Both"
  },
  "decoder.mid.attn_1": {
    "l2_value": 0.00023969635367393494,
    "cosine_value": 0.051952362060546875,
    "shape": [
      1,
      512,
      64,
      64
    ],
    "method": "Both"
  },
  "decoder.mid.block_2": {
    "l2_value": 0.0002484231081325561,
    "cosine_value": 0.05184376239776611,
    "shape": [
      1,
      512,
      64,
      64
    ],
    "method": "Both"
  },
  "decoder.up.0.block.0": {
    "l2_value": 0.0007793416734784842,
    "cosine_value": 0.008014321327209473,
    "shape": [
      1,
      128,
      512,
      512
    ],
    "method": "Both"
  },
  "decoder.up.0.block.1": {
    "l2_value": 0.0008021892281249166,
    "cosine_value": 0.006580471992492676,
    "shape": [
      1,
      128,
      512,
      512
    ],
    "method": "Both"
  },
  "decoder.up.0.block.2": {
    "l2_value": 0.0008345987880602479,
    "cosine_value": 0.005490124225616455,
    "shape": [
      1,
      128,
      512,
      512
    ],
    "method": "Both"
  },
  "decoder.up.1.block.0": {
    "l2_value": 0.0005290723638609052,
    "cosine_value": 0.03663665056228638,
    "shape": [
      1,
      256,
      256,
      256
    ],
    "method": "Both"
  },
  "decoder.up.1.block.1": {
    "l2_value": 0.0005366755649447441,
    "cosine_value": 0.03867495059967041,
    "shape": [
      1,
      256,
      256,
      256
    ],
    "method": "Both"
  },
  "decoder.up.1.block.2": {
    "l2_value": 0.0004910540301352739,
    "cosine_value": 0.04115498065948486,
    "shape": [
      1,
      256,
      256,
      256
    ],
    "method": "Both"
  },
  "decoder.up.1.upsample": {
    "l2_value": 0.0005755129968747497,
    "cosine_value": 0.028567135334014893,
    "shape": [
      1,
      256,
      512,
      512
    ],
    "method": "Both"
  },
  "decoder.up.2.block.0": {
    "l2_value": 0.00046070385724306107,
    "cosine_value": 0.048544883728027344,
    "shape": [
      1,
      512,
      128,
      128
    ],
    "method": "Both"
  },
  "decoder.up.2.block.1": {
    "l2_value": 0.00047640406410209835,
    "cosine_value": 0.04949319362640381,
    "shape": [
      1,
      512,
      128,
      128
    ],
    "method": "Both"
  },
  "decoder.up.2.block.2": {
    "l2_value": 0.0004131475288886577,
    "cosine_value": 0.054106831550598145,
    "shape": [
      1,
      512,
      128,
      128
    ],
    "method": "Both"
  },
  "decoder.up.2.upsample": {
    "l2_value": 0.000633455638308078,
    "cosine_value": 0.0470234751701355,
    "shape": [
      1,
      512,
      256,
      256
    ],
    "method": "Both"
  },
  "decoder.up.3.block.0": {
    "l2_value": 0.0002724817313719541,
    "cosine_value": 0.05416518449783325,
    "shape": [
      1,
      512,
      64,
      64
    ],
    "method": "Both"
  },
  "decoder.up.3.block.1": {
    "l2_value": 0.00028439622838050127,
    "cosine_value": 0.057387471199035645,
    "shape": [
      1,
      512,
      64,
      64
    ],
    "method": "Both"
  },
  "decoder.up.3.block.2": {
    "l2_value": 0.0002587626804597676,
    "cosine_value": 0.05933886766433716,
    "shape": [
      1,
      512,
      64,
      64
    ],
    "method": "Both"
  },
  "decoder.up.3.upsample": {
    "l2_value": 0.00047237376566044986,
    "cosine_value": 0.05283933877944946,
    "shape": [
      1,
      512,
      128,
      128
    ],
    "method": "Both"
  },
  "decoder.conv_out": {
    "l2_value": 0.00012378501317774257,
    "cosine_value": 0.03662902116775513,
    "shape": [
      1,
      3,
      512,
      512
    ],
    "method": "Both"
  }
}