{
  "decoder.conv_in": {
    "l2_value": 0.0006280694506131113,
    "cosine_value": 0.4168761372566223,
    "shape": [
      1,
      512,
      64,
      64
    ],
    "method": "Both"
  },
  "decoder.mid.block_1": {
    "l2_value": 0.0006140790646895766,
    "cosine_value": 0.36202216148376465,
    "shape": [
      1,
      512,
      64,
      64
    ],
    "method": "Both"
  },
  "decoder.mid.attn_1": {
    "l2_value": 0.0006006673793308437,
    "cosine_value": 0.333185613155365,
    "shape": [
      1,
      512,
      64,
      64
    ],
    "method": "Both"
  },
  "decoder.mid.block_2": {
    "l2_value": 0.0006157123716548085,
    "cosine_value": 0.3229759931564331,
    "shape": [
      1,
      512,
      64,
      64
    ],
    "method": "Both"
  },
  "decoder.up.0.block.0": {
    "l2_value": 0.0029236124828457832,
    "cosine_value": 0.09901624917984009,
    "shape": [
      1,
      128,
      512,
      512
    ],
    "method": "Both"
  },
  "decoder.up.0.block.1": {
    "l2_value": 0.0030515582766383886,
    "cosine_value": 0.08621257543563843,
    "shape": [
      1,
      128,
      512,
      512
    ],
    "method": "Both"
  },
  "decoder.up.0.block.2": {
    "l2_value": 0.0031775308307260275,
    "cosine_value": 0.07344084978103638,
    "shape": [
      1,
      128,
      512,
      512
    ],
    "method": "Both"
  },
  "decoder.up.1.block.0": {
    "l2_value": 0.0014506870647892356,
    "cosine_value": 0.24933820962905884,
    "shape": [
      1,
      256,
      256,
      256
    ],
    "method": "Both"
  },
  "decoder.up.1.block.1": {
    "l2_value": 0.0014846234116703272,
    "cosine_value": 0.2664456367492676,
    "shape": [
      1,
      256,
      256,
      256
    ],
    "method": "Both"
  },
  "decoder.up.1.block.2": {
    "l2_value": 0.0014190742513164878,
    "cosine_value": 0.297515332698822,
    "shape": [
      1,
      256,
      256,
      256
    ],
    "method": "Both"
  },
  "decoder.up.1.upsample": {
    "l2_value": 0.0017506042495369911,
    "cosine_value": 0.2251386046409607,
    "shape": [
      1,
      256,
      512,
      512
    ],
    "method": "Both"
  },
  "decoder.up.2.block.0": {
    "l2_value": 0.0011183428578078747,
    "cosine_value": 0.2883070111274719,
    "shape": [
      1,
      512,
      128,
      128
    ],
    "method": "Both"
  },
  "decoder.up.2.block.1": {
    "l2_value": 0.0011494685895740986,
    "cosine_value": 0.2864567041397095,
    "shape": [
      1,
      512,
      128,
      128
    ],
    "method": "Both"
  },
  "decoder.up.2.block.2": {
    "l2_value": 0.0010503273224458098,
    "cosine_value": 0.3337070345878601,
    "shape": [
      1,
      512,
      128,
      128
    ],
    "method": "Both"
  },
  "decoder.up.2.upsample": {
    "l2_value": 0.0016549794236198068,
    "cosine_value": 0.3046901226043701,
    "shape": [
      1,
      512,
      256,
      256
    ],
    "method": "Both"
  },
  "decoder.up.3.block.0": {
    "l2_value": 0.0006630998686887324,
    "cosine_value": 0.32629144191741943,
    "shape": [
      1,
      512,
      64,
      64
    ],
    "method": "Both"
  },
  "decoder.up.3.block.1": {
    "l2_value": 0.000690117129124701,
    "cosine_value": 0.34356099367141724,
    "shape": [
      1,
      512,
      64,
      64
    ],
    "method": "Both"
  },
  "decoder.up.3.block.2": {
    "l2_value": 0.0006330724572762847,
    "cosine_value": 0.35991978645324707,
    "shape": [
      1,
      512,
      64,
      64
    ],
    "method": "Both"
  },
  "decoder.up.3.upsample": {
    "l2_value": 0.0011334533337503672,
    "cosine_value": 0.3112829923629761,
    "shape": [
      1,
      512,
      128,
      128
    ],
    "method": "Both"
  },
  "decoder.conv_out": {
    "l2_value": 0.00044898750881354016,
    "cosine_value": 0.3401097059249878,
    "shape": [
      1,
      3,
      512,
      512
    ],
    "method": "Both"
  }
}