{
  "decoder.conv_in": {
    "l2_value": 0.00033616513246670365,
    "cosine_value": 0.4469913840293884,
    "shape": [
      1,
      512,
      64,
      64
    ],
    "method": "Both"
  },
  "decoder.mid.block_1": {
    "l2_value": 0.0003929103258997202,
    "cosine_value": 0.28269249200820923,
    "shape": [
      1,
      512,
      64,
      64
    ],
    "method": "Both"
  },
  "decoder.mid.attn_1": {
    "l2_value": 0.0003814497613348067,
    "cosine_value": 0.23704469203948975,
    "shape": [
      1,
      512,
      64,
      64
    ],
    "method": "Both"
  },
  "decoder.mid.block_2": {
    "l2_value": 0.0003948222438339144,
    "cosine_value": 0.2303219437599182,
    "shape": [
      1,
      512,
      64,
      64
    ],
    "method": "Both"
  },
  "decoder.up.0.block.0": {
    "l2_value": 0.0019253221107646823,
    "cosine_value": 0.08471333980560303,
    "shape": [
      1,
      128,
      512,
      512
    ],
    "method": "Both"
  },
  "decoder.up.0.block.1": {
    "l2_value": 0.001988626318052411,
    "cosine_value": 0.0655243992805481,
    "shape": [
      1,
      128,
      512,
      512
    ],
    "method": "Both"
  },
  "decoder.up.0.block.2": {
    "l2_value": 0.0020708604715764523,
    "cosine_value": 0.050720393657684326,
    "shape": [
      1,
      128,
      512,
      512
    ],
    "method": "Both"
  },
  "decoder.up.1.block.0": {
    "l2_value": 0.0010562727693468332,
    "cosine_value": 0.19386804103851318,
    "shape": [
      1,
      256,
      256,
      256
    ],
    "method": "Both"
  },
  "decoder.up.1.block.1": {
    "l2_value": 0.001070445985533297,
    "cosine_value": 0.1935443878173828,
    "shape": [
      1,
      256,
      256,
      256
    ],
    "method": "Both"
  },
  "decoder.up.1.block.2": {
    "l2_value": 0.0009941180469468236,
    "cosine_value": 0.22639399766921997,
    "shape": [
      1,
      256,
      256,
      256
    ],
    "method": "Both"
  },
  "decoder.up.1.upsample": {
    "l2_value": 0.0011543810833245516,
    "cosine_value": 0.18374985456466675,
    "shape": [
      1,
      256,
      512,
      512
    ],
    "method": "Both"
  },
  "decoder.up.2.block.0": {
    "l2_value": 0.0007613596972078085,
    "cosine_value": 0.2093867063522339,
    "shape": [
      1,
      512,
      128,
      128
    ],
    "method": "Both"
  },
  "decoder.up.2.block.1": {
    "l2_value": 0.0007936069741845131,
    "cosine_value": 0.22336149215698242,
    "shape": [
      1,
      512,
      128,
      128
    ],
    "method": "Both"
  },
  "decoder.up.2.block.2": {
    "l2_value": 0.0007300336728803813,
    "cosine_value": 0.2891038656234741,
    "shape": [
      1,
      512,
      128,
      128
    ],
    "method": "Both"
  },
  "decoder.up.2.upsample": {
    "l2_value": 0.001159485662356019,
    "cosine_value": 0.26118654012680054,
    "shape": [
      1,
      512,
      256,
      256
    ],
    "method": "Both"
  },
  "decoder.up.3.block.0": {
    "l2_value": 0.0004418821772560477,
    "cosine_value": 0.24374723434448242,
    "shape": [
      1,
      512,
      64,
      64
    ],
    "method": "Both"
  },
  "decoder.up.3.block.1": {
    "l2_value": 0.0004610604664776474,
    "cosine_value": 0.24920129776000977,
    "shape": [
      1,
      512,
      64,
      64
    ],
    "method": "Both"
  },
  "decoder.up.3.block.2": {
    "l2_value": 0.0004354234552010894,
    "cosine_value": 0.28332430124282837,
    "shape": [
      1,
      512,
      64,
      64
    ],
    "method": "Both"
  },
  "decoder.up.3.upsample": {
    "l2_value": 0.0007562554674223065,
    "cosine_value": 0.23066067695617676,
    "shape": [
      1,
      512,
      128,
      128
    ],
    "method": "Both"
  },
  "decoder.conv_out": {
    "l2_value": 0.00044951211505879957,
    "cosine_value": 0.3646085262298584,
    "shape": [
      1,
      3,
      512,
      512
    ],
    "method": "Both"
  }
}