{
  "decoder.conv_in": {
    "l2_value": 0.0003870559448841959,
    "cosine_value": 0.126708984375,
    "shape": [
      1,
      512,
      64,
      64
    ],
    "method": "Both"
  },
  "decoder.mid.block_1": {
    "l2_value": 0.000369703077012673,
    "cosine_value": 0.11581224203109741,
    "shape": [
      1,
      512,
      64,
      64
    ],
    "method": "Both"
  },
  "decoder.mid.attn_1": {
    "l2_value": 0.0003652167215477675,
    "cosine_value": 0.11089825630187988,
    "shape": [
      1,
      512,
      64,
      64
    ],
    "method": "Both"
  },
  "decoder.mid.block_2": {
    "l2_value": 0.00038085109554231167,
    "cosine_value": 0.11152589321136475,
    "shape": [
      1,
      512,
      64,
      64
    ],
    "method": "Both"
  },
  "decoder.up.0.block.0": {
    "l2_value": 0.002179991453886032,
    "cosine_value": 0.0595853328704834,
    "shape": [
      1,
      128,
      512,
      512
    ],
    "method": "Both"
  },
  "decoder.up.0.block.1": {
    "l2_value": 0.0024188330862671137,
    "cosine_value": 0.058921098709106445,
    "shape": [
      1,
      128,
      512,
      512
    ],
    "method": "Both"
  },
  "decoder.up.0.block.2": {
    "l2_value": 0.0027136134449392557,
    "cosine_value": 0.0580674409866333,
    "shape": [
      1,
      128,
      512,
      512
    ],
    "method": "Both"
  },
  "decoder.up.1.block.0": {
    "l2_value": 0.0008183782338164747,
    "cosine_value": 0.06846976280212402,
    "shape": [
      1,
      256,
      256,
      256
    ],
    "method": "Both"
  },
  "decoder.up.1.block.1": {
    "l2_value": 0.0008469700696878135,
    "cosine_value": 0.07450294494628906,
    "shape": [
      1,
      256,
      256,
      256
    ],
    "method": "Both"
  },
  "decoder.up.1.block.2": {
    "l2_value": 0.0007949374848976731,
    "cosine_value": 0.07856130599975586,
    "shape": [
      1,
      256,
      256,
      256
    ],
    "method": "Both"
  },
  "decoder.up.1.upsample": {
    "l2_value": 0.0010056442115455866,
    "cosine_value": 0.068642258644104,
    "shape": [
      1,
      256,
      512,
      512
    ],
    "method": "Both"
  },
  "decoder.up.2.block.0": {
    "l2_value": 0.0006870683282613754,
    "cosine_value": 0.0969347357749939,
    "shape": [
      1,
      512,
      128,
      128
    ],
    "method": "Both"
  },
  "decoder.up.2.block.1": {
    "l2_value": 0.0007096950430423021,
    "cosine_value": 0.0977357029914856,
    "shape": [
      1,
      512,
      128,
      128
    ],
    "method": "Both"
  },
  "decoder.up.2.block.2": {
    "l2_value": 0.0006319890380837023,
    "cosine_value": 0.10382664203643799,
    "shape": [
      1,
      512,
      128,
      128
    ],
    "method": "Both"
  },
  "decoder.up.2.upsample": {
    "l2_value": 0.000958857242949307,
    "cosine_value": 0.08662623167037964,
    "shape": [
      1,
      512,
      256,
      256
    ],
    "method": "Both"
  },
  "decoder.up.3.block.0": {
    "l2_value": 0.0004194779903627932,
    "cosine_value": 0.11915618181228638,
    "shape": [
      1,
      512,
      64,
      64
    ],
    "method": "Both"
  },
  "decoder.up.3.block.1": {
    "l2_value": 0.00043968387763015926,
    "cosine_value": 0.12566977739334106,
    "shape": [
      1,
      512,
      64,
      64
    ],
    "method": "Both"
  },
  "decoder.up.3.block.2": {
    "l2_value": 0.00039747715345583856,
    "cosine_value": 0.12404114007949829,
    "shape": [
      1,
      512,
      64,
      64
    ],
    "method": "Both"
  },
  "decoder.up.3.upsample": {
    "l2_value": 0.0007025728118605912,
    "cosine_value": 0.1054224967956543,
    "shape": [
      1,
      512,
      128,
      128
    ],
    "method": "Both"
  },
  "decoder.conv_out": {
    "l2_value": 0.00020882774454851946,
    "cosine_value": 0.048831403255462646,
    "shape": [
      1,
      3,
      512,
      512
    ],
    "method": "Both"
  }
}