{
  "decoder.conv_in": {
    "l2_value": 0.00021296684280969203,
    "cosine_value": 0.13441282510757446,
    "shape": [
      1,
      512,
      64,
      64
    ],
    "method": "Both"
  },
  "decoder.mid.block_1": {
    "l2_value": 0.00024739038781262934,
    "cosine_value": 0.10434311628341675,
    "shape": [
      1,
      512,
      64,
      64
    ],
    "method": "Both"
  },
  "decoder.mid.attn_1": {
    "l2_value": 0.00024340856180060655,
    "cosine_value": 0.09065306186676025,
    "shape": [
      1,
      512,
      64,
      64
    ],
    "method": "Both"
  },
  "decoder.mid.block_2": {
    "l2_value": 0.0002598542778287083,
    "cosine_value": 0.09329104423522949,
    "shape": [
      1,
      512,
      64,
      64
    ],
    "method": "Both"
  },
  "decoder.up.0.block.0": {
    "l2_value": 0.0036204098723828793,
    "cosine_value": 0.3159964084625244,
    "shape": [
      1,
      128,
      512,
      512
    ],
    "method": "Both"
  },
  "decoder.up.0.block.1": {
    "l2_value": 0.004436005372554064,
    "cosine_value": 0.34402996301651,
    "shape": [
      1,
      128,
      512,
      512
    ],
    "method": "Both"
  },
  "decoder.up.0.block.2": {
    "l2_value": 0.005383256822824478,
    "cosine_value": 0.3628960847854614,
    "shape": [
      1,
      128,
      512,
      512
    ],
    "method": "Both"
  },
  "decoder.up.1.block.0": {
    "l2_value": 0.0006535402499139309,
    "cosine_value": 0.0652008056640625,
    "shape": [
      1,
      256,
      256,
      256
    ],
    "method": "Both"
  },
  "decoder.up.1.block.1": {
    "l2_value": 0.0006669205031357706,
    "cosine_value": 0.06597685813903809,
    "shape": [
      1,
      256,
      256,
      256
    ],
    "method": "Both"
  },
  "decoder.up.1.block.2": {
    "l2_value": 0.0006141071789897978,
    "cosine_value": 0.07368254661560059,
    "shape": [
      1,
      256,
      256,
      256
    ],
    "method": "Both"
  },
  "decoder.up.1.upsample": {
    "l2_value": 0.0008763711666688323,
    "cosine_value": 0.09387660026550293,
    "shape": [
      1,
      256,
      512,
      512
    ],
    "method": "Both"
  },
  "decoder.up.2.block.0": {
    "l2_value": 0.0004918077611364424,
    "cosine_value": 0.08138591051101685,
    "shape": [
      1,
      512,
      128,
      128
    ],
    "method": "Both"
  },
  "decoder.up.2.block.1": {
    "l2_value": 0.0005147805786691606,
    "cosine_value": 0.08687829971313477,
    "shape": [
      1,
      512,
      128,
      128
    ],
    "method": "Both"
  },
  "decoder.up.2.block.2": {
    "l2_value": 0.0004634777724277228,
    "cosine_value": 0.10314697027206421,
    "shape": [
      1,
      512,
      128,
      128
    ],
    "method": "Both"
  },
  "decoder.up.2.upsample": {
    "l2_value": 0.0007249179761856794,
    "cosine_value": 0.08765482902526855,
    "shape": [
      1,
      512,
      256,
      256
    ],
    "method": "Both"
  },
  "decoder.up.3.block.0": {
    "l2_value": 0.00029680170700885355,
    "cosine_value": 0.10380929708480835,
    "shape": [
      1,
      512,
      64,
      64
    ],
    "method": "Both"
  },
  "decoder.up.3.block.1": {
    "l2_value": 0.0003068068763241172,
    "cosine_value": 0.10313105583190918,
    "shape": [
      1,
      512,
      64,
      64
    ],
    "method": "Both"
  },
  "decoder.up.3.block.2": {
    "l2_value": 0.00028524271328933537,
    "cosine_value": 0.11221188306808472,
    "shape": [
      1,
      512,
      64,
      64
    ],
    "method": "Both"
  },
  "decoder.up.3.upsample": {
    "l2_value": 0.0004909687559120357,
    "cosine_value": 0.08996105194091797,
    "shape": [
      1,
      512,
      128,
      128
    ],
    "method": "Both"
  },
  "decoder.conv_out": {
    "l2_value": 0.00021206310096507272,
    "cosine_value": 0.0528569221496582,
    "shape": [
      1,
      3,
      512,
      512
    ],
    "method": "Both"
  }
}