{
  "decoder.conv_in": {
    "l2_value": 0.00037469295784831047,
    "cosine_value": 0.10725265741348267,
    "shape": [
      1,
      512,
      64,
      64
    ],
    "method": "Both"
  },
  "decoder.mid.block_1": {
    "l2_value": 0.000354972667992115,
    "cosine_value": 0.0971556305885315,
    "shape": [
      1,
      512,
      64,
      64
    ],
    "method": "Both"
  },
  "decoder.mid.attn_1": {
    "l2_value": 0.0003508245281409472,
    "cosine_value": 0.09376215934753418,
    "shape": [
      1,
      512,
      64,
      64
    ],
    "method": "Both"
  },
  "decoder.mid.block_2": {
    "l2_value": 0.0003649855498224497,
    "cosine_value": 0.09400439262390137,
    "shape": [
      1,
      512,
      64,
      64
    ],
    "method": "Both"
  },
  "decoder.up.0.block.0": {
    "l2_value": 0.0014550085179507732,
    "cosine_value": 0.024929940700531006,
    "shape": [
      1,
      128,
      512,
      512
    ],
    "method": "Both"
  },
  "decoder.up.0.block.1": {
    "l2_value": 0.0014871065504848957,
    "cosine_value": 0.021086931228637695,
    "shape": [
      1,
      128,
      512,
      512
    ],
    "method": "Both"
  },
  "decoder.up.0.block.2": {
    "l2_value": 0.0015329589368775487,
    "cosine_value": 0.01767146587371826,
    "shape": [
      1,
      128,
      512,
      512
    ],
    "method": "Both"
  },
  "decoder.up.1.block.0": {
    "l2_value": 0.0008124970481730998,
    "cosine_value": 0.059860050678253174,
    "shape": [
      1,
      256,
      256,
      256
    ],
    "method": "Both"
  },
  "decoder.up.1.block.1": {
    "l2_value": 0.0008332787547260523,
    "cosine_value": 0.0637407898902893,
    "shape": [
      1,
      256,
      256,
      256
    ],
    "method": "Both"
  },
  "decoder.up.1.block.2": {
    "l2_value": 0.0007906959508545697,
    "cosine_value": 0.06768912076950073,
    "shape": [
      1,
      256,
      256,
      256
    ],
    "method": "Both"
  },
  "decoder.up.1.upsample": {
    "l2_value": 0.0009405312594026327,
    "cosine_value": 0.053468286991119385,
    "shape": [
      1,
      256,
      512,
      512
    ],
    "method": "Both"
  },
  "decoder.up.2.block.0": {
    "l2_value": 0.0006612628931179643,
    "cosine_value": 0.08333975076675415,
    "shape": [
      1,
      512,
      128,
      128
    ],
    "method": "Both"
  },
  "decoder.up.2.block.1": {
    "l2_value": 0.000679458724334836,
    "cosine_value": 0.08332276344299316,
    "shape": [
      1,
      512,
      128,
      128
    ],
    "method": "Both"
  },
  "decoder.up.2.block.2": {
    "l2_value": 0.0006106725777499378,
    "cosine_value": 0.08784890174865723,
    "shape": [
      1,
      512,
      128,
      128
    ],
    "method": "Both"
  },
  "decoder.up.2.upsample": {
    "l2_value": 0.0009486046037636697,
    "cosine_value": 0.07543355226516724,
    "shape": [
      1,
      512,
      256,
      256
    ],
    "method": "Both"
  },
  "decoder.up.3.block.0": {
    "l2_value": 0.00039816941716708243,
    "cosine_value": 0.09940779209136963,
    "shape": [
      1,
      512,
      64,
      64
    ],
    "method": "Both"
  },
  "decoder.up.3.block.1": {
    "l2_value": 0.0004149423912167549,
    "cosine_value": 0.1045912504196167,
    "shape": [
      1,
      512,
      64,
      64
    ],
    "method": "Both"
  },
  "decoder.up.3.block.2": {
    "l2_value": 0.00037819179124198854,
    "cosine_value": 0.1035730242729187,
    "shape": [
      1,
      512,
      64,
      64
    ],
    "method": "Both"
  },
  "decoder.up.3.upsample": {
    "l2_value": 0.0006738041993230581,
    "cosine_value": 0.08980584144592285,
    "shape": [
      1,
      512,
      128,
      128
    ],
    "method": "Both"
  },
  "decoder.conv_out": {
    "l2_value": 0.0002563142528136571,
    "cosine_value": 0.06387144327163696,
    "shape": [
      1,
      3,
      512,
      512
    ],
    "method": "Both"
  }
}