{
  "decoder.conv_in": {
    "l2_value": 0.00020624135504476726,
    "cosine_value": 0.11978781223297119,
    "shape": [
      1,
      512,
      64,
      64
    ],
    "method": "Both"
  },
  "decoder.mid.block_1": {
    "l2_value": 0.00022942050418350846,
    "cosine_value": 0.08332645893096924,
    "shape": [
      1,
      512,
      64,
      64
    ],
    "method": "Both"
  },
  "decoder.mid.attn_1": {
    "l2_value": 0.0002254281280329451,
    "cosine_value": 0.0739213228225708,
    "shape": [
      1,
      512,
      64,
      64
    ],
    "method": "Both"
  },
  "decoder.mid.block_2": {
    "l2_value": 0.00023917900398373604,
    "cosine_value": 0.07519549131393433,
    "shape": [
      1,
      512,
      64,
      64
    ],
    "method": "Both"
  },
  "decoder.up.0.block.0": {
    "l2_value": 0.0010214224457740784,
    "cosine_value": 0.024155616760253906,
    "shape": [
      1,
      128,
      512,
      512
    ],
    "method": "Both"
  },
  "decoder.up.0.block.1": {
    "l2_value": 0.0010493692243471742,
    "cosine_value": 0.01867920160293579,
    "shape": [
      1,
      128,
      512,
      512
    ],
    "method": "Both"
  },
  "decoder.up.0.block.2": {
    "l2_value": 0.0010931736323982477,
    "cosine_value": 0.014644861221313477,
    "shape": [
      1,
      128,
      512,
      512
    ],
    "method": "Both"
  },
  "decoder.up.1.block.0": {
    "l2_value": 0.0006200631032697856,
    "cosine_value": 0.055476367473602295,
    "shape": [
      1,
      256,
      256,
      256
    ],
    "method": "Both"
  },
  "decoder.up.1.block.1": {
    "l2_value": 0.0006256233900785446,
    "cosine_value": 0.05477869510650635,
    "shape": [
      1,
      256,
      256,
      256
    ],
    "method": "Both"
  },
  "decoder.up.1.block.2": {
    "l2_value": 0.0005747729446738958,
    "cosine_value": 0.06013214588165283,
    "shape": [
      1,
      256,
      256,
      256
    ],
    "method": "Both"
  },
  "decoder.up.1.upsample": {
    "l2_value": 0.0006464732578024268,
    "cosine_value": 0.04766285419464111,
    "shape": [
      1,
      256,
      512,
      512
    ],
    "method": "Both"
  },
  "decoder.up.2.block.0": {
    "l2_value": 0.0004619084356818348,
    "cosine_value": 0.06850552558898926,
    "shape": [
      1,
      512,
      128,
      128
    ],
    "method": "Both"
  },
  "decoder.up.2.block.1": {
    "l2_value": 0.0004817598091904074,
    "cosine_value": 0.07279759645462036,
    "shape": [
      1,
      512,
      128,
      128
    ],
    "method": "Both"
  },
  "decoder.up.2.block.2": {
    "l2_value": 0.000437732640421018,
    "cosine_value": 0.08680009841918945,
    "shape": [
      1,
      512,
      128,
      128
    ],
    "method": "Both"
  },
  "decoder.up.2.upsample": {
    "l2_value": 0.0006979700410738587,
    "cosine_value": 0.07653003931045532,
    "shape": [
      1,
      512,
      256,
      256
    ],
    "method": "Both"
  },
  "decoder.up.3.block.0": {
    "l2_value": 0.00026911409804597497,
    "cosine_value": 0.08186310529708862,
    "shape": [
      1,
      512,
      64,
      64
    ],
    "method": "Both"
  },
  "decoder.up.3.block.1": {
    "l2_value": 0.00028139640926383436,
    "cosine_value": 0.08325374126434326,
    "shape": [
      1,
      512,
      64,
      64
    ],
    "method": "Both"
  },
  "decoder.up.3.block.2": {
    "l2_value": 0.00026346996310167015,
    "cosine_value": 0.09124904870986938,
    "shape": [
      1,
      512,
      64,
      64
    ],
    "method": "Both"
  },
  "decoder.up.3.upsample": {
    "l2_value": 0.00046217197086662054,
    "cosine_value": 0.07577317953109741,
    "shape": [
      1,
      512,
      128,
      128
    ],
    "method": "Both"
  },
  "decoder.conv_out": {
    "l2_value": 0.00025728527301301557,
    "cosine_value": 0.06744474172592163,
    "shape": [
      1,
      3,
      512,
      512
    ],
    "method": "Both"
  }
}