{
  "decoder.conv_in": {
    "l2_value": 0.000504021649248898,
    "cosine_value": 0.1964694857597351,
    "shape": [
      1,
      512,
      64,
      64
    ],
    "method": "Both"
  },
  "decoder.mid.block_1": {
    "l2_value": 0.0005348584963940084,
    "cosine_value": 0.2195698618888855,
    "shape": [
      1,
      512,
      64,
      64
    ],
    "method": "Both"
  },
  "decoder.mid.attn_1": {
    "l2_value": 0.0005305717349983752,
    "cosine_value": 0.2158505916595459,
    "shape": [
      1,
      512,
      64,
      64
    ],
    "method": "Both"
  },
  "decoder.mid.block_2": {
    "l2_value": 0.0005365524557419121,
    "cosine_value": 0.207597553730011,
    "shape": [
      1,
      512,
      64,
      64
    ],
    "method": "Both"
  },
  "decoder.up.0.block.0": {
    "l2_value": 0.007284542080014944,
    "cosine_value": 0.5607408583164215,
    "shape": [
      1,
      128,
      512,
      512
    ],
    "method": "Both"
  },
  "decoder.up.0.block.1": {
    "l2_value": 0.00841521192342043,
    "cosine_value": 0.6033633649349213,
    "shape": [
      1,
      128,
      512,
      512
    ],
    "method": "Both"
  },
  "decoder.up.0.block.2": {
    "l2_value": 0.009712479077279568,
    "cosine_value": 0.6352008283138275,
    "shape": [
      1,
      128,
      512,
      512
    ],
    "method": "Both"
  },
  "decoder.up.1.block.0": {
    "l2_value": 0.0012426916509866714,
    "cosine_value": 0.13811469078063965,
    "shape": [
      1,
      256,
      256,
      256
    ],
    "method": "Both"
  },
  "decoder.up.1.block.1": {
    "l2_value": 0.001279818476177752,
    "cosine_value": 0.14641541242599487,
    "shape": [
      1,
      256,
      256,
      256
    ],
    "method": "Both"
  },
  "decoder.up.1.block.2": {
    "l2_value": 0.0012324900599196553,
    "cosine_value": 0.15707027912139893,
    "shape": [
      1,
      256,
      256,
      256
    ],
    "method": "Both"
  },
  "decoder.up.1.upsample": {
    "l2_value": 0.0021629289258271456,
    "cosine_value": 0.2619897723197937,
    "shape": [
      1,
      256,
      512,
      512
    ],
    "method": "Both"
  },
  "decoder.up.2.block.0": {
    "l2_value": 0.0009162705973722041,
    "cosine_value": 0.16496211290359497,
    "shape": [
      1,
      512,
      128,
      128
    ],
    "method": "Both"
  },
  "decoder.up.2.block.1": {
    "l2_value": 0.0009398249094374478,
    "cosine_value": 0.1619495153427124,
    "shape": [
      1,
      512,
      128,
      128
    ],
    "method": "Both"
  },
  "decoder.up.2.block.2": {
    "l2_value": 0.0008440970559604466,
    "cosine_value": 0.16509300470352173,
    "shape": [
      1,
      512,
      128,
      128
    ],
    "method": "Both"
  },
  "decoder.up.2.upsample": {
    "l2_value": 0.0013229602482169867,
    "cosine_value": 0.14485639333724976,
    "shape": [
      1,
      512,
      256,
      256
    ],
    "method": "Both"
  },
  "decoder.up.3.block.0": {
    "l2_value": 0.0005755459424108267,
    "cosine_value": 0.21296489238739014,
    "shape": [
      1,
      512,
      64,
      64
    ],
    "method": "Both"
  },
  "decoder.up.3.block.1": {
    "l2_value": 0.0005767039838247001,
    "cosine_value": 0.20662212371826172,
    "shape": [
      1,
      512,
      64,
      64
    ],
    "method": "Both"
  },
  "decoder.up.3.block.2": {
    "l2_value": 0.0005132243386469781,
    "cosine_value": 0.1952296495437622,
    "shape": [
      1,
      512,
      64,
      64
    ],
    "method": "Both"
  },
  "decoder.up.3.upsample": {
    "l2_value": 0.0009188140393234789,
    "cosine_value": 0.17341268062591553,
    "shape": [
      1,
      512,
      128,
      128
    ],
    "method": "Both"
  },
  "decoder.conv_out": {
    "l2_value": 0.000276244788741072,
    "cosine_value": 0.06461924314498901,
    "shape": [
      1,
      3,
      512,
      512
    ],
    "method": "Both"
  }
}