{
  "decoder.conv_in": {
    "l2_value": 0.00019776730914600194,
    "cosine_value": 0.10438281297683716,
    "shape": [
      1,
      512,
      64,
      64
    ],
    "method": "Both"
  },
  "decoder.mid.block_1": {
    "l2_value": 0.0002149732317775488,
    "cosine_value": 0.06371694803237915,
    "shape": [
      1,
      512,
      64,
      64
    ],
    "method": "Both"
  },
  "decoder.mid.attn_1": {
    "l2_value": 0.00020982646674383432,
    "cosine_value": 0.057707130908966064,
    "shape": [
      1,
      512,
      64,
      64
    ],
    "method": "Both"
  },
  "decoder.mid.block_2": {
    "l2_value": 0.0002275803271913901,
    "cosine_value": 0.06152677536010742,
    "shape": [
      1,
      512,
      64,
      64
    ],
    "method": "Both"
  },
  "decoder.up.0.block.0": {
    "l2_value": 0.0010217896196991205,
    "cosine_value": 0.02398282289505005,
    "shape": [
      1,
      128,
      512,
      512
    ],
    "method": "Both"
  },
  "decoder.up.0.block.1": {
    "l2_value": 0.0010423382045701146,
    "cosine_value": 0.018369197845458984,
    "shape": [
      1,
      128,
      512,
      512
    ],
    "method": "Both"
  },
  "decoder.up.0.block.2": {
    "l2_value": 0.0010771038942039013,
    "cosine_value": 0.014380037784576416,
    "shape": [
      1,
      128,
      512,
      512
    ],
    "method": "Both"
  },
  "decoder.up.1.block.0": {
    "l2_value": 0.000604743545409292,
    "cosine_value": 0.04643392562866211,
    "shape": [
      1,
      256,
      256,
      256
    ],
    "method": "Both"
  },
  "decoder.up.1.block.1": {
    "l2_value": 0.0006130384863354266,
    "cosine_value": 0.04697471857070923,
    "shape": [
      1,
      256,
      256,
      256
    ],
    "method": "Both"
  },
  "decoder.up.1.block.2": {
    "l2_value": 0.000568029994610697,
    "cosine_value": 0.05162382125854492,
    "shape": [
      1,
      256,
      256,
      256
    ],
    "method": "Both"
  },
  "decoder.up.1.upsample": {
    "l2_value": 0.000644354207906872,
    "cosine_value": 0.042293667793273926,
    "shape": [
      1,
      256,
      512,
      512
    ],
    "method": "Both"
  },
  "decoder.up.2.block.0": {
    "l2_value": 0.0004527465789578855,
    "cosine_value": 0.06052875518798828,
    "shape": [
      1,
      512,
      128,
      128
    ],
    "method": "Both"
  },
  "decoder.up.2.block.1": {
    "l2_value": 0.00047457849723286927,
    "cosine_value": 0.06473636627197266,
    "shape": [
      1,
      512,
      128,
      128
    ],
    "method": "Both"
  },
  "decoder.up.2.block.2": {
    "l2_value": 0.0004345627676229924,
    "cosine_value": 0.07541799545288086,
    "shape": [
      1,
      512,
      128,
      128
    ],
    "method": "Both"
  },
  "decoder.up.2.upsample": {
    "l2_value": 0.0006820734706707299,
    "cosine_value": 0.06506222486495972,
    "shape": [
      1,
      512,
      256,
      256
    ],
    "method": "Both"
  },
  "decoder.up.3.block.0": {
    "l2_value": 0.0002615951525513083,
    "cosine_value": 0.07102441787719727,
    "shape": [
      1,
      512,
      64,
      64
    ],
    "method": "Both"
  },
  "decoder.up.3.block.1": {
    "l2_value": 0.00027806093567050993,
    "cosine_value": 0.07569259405136108,
    "shape": [
      1,
      512,
      64,
      64
    ],
    "method": "Both"
  },
  "decoder.up.3.block.2": {
    "l2_value": 0.0002612787066027522,
    "cosine_value": 0.08042460680007935,
    "shape": [
      1,
      512,
      64,
      64
    ],
    "method": "Both"
  },
  "decoder.up.3.upsample": {
    "l2_value": 0.00045305967796593904,
    "cosine_value": 0.06750768423080444,
    "shape": [
      1,
      512,
      128,
      128
    ],
    "method": "Both"
  },
  "decoder.conv_out": {
    "l2_value": 0.0002628881872321169,
    "cosine_value": 0.05636113882064819,
    "shape": [
      1,
      3,
      512,
      512
    ],
    "method": "Both"
  }
}