{
  "decoder.conv_in": {
    "l2_value": 0.00036082579754292965,
    "cosine_value": 0.07649904489517212,
    "shape": [
      1,
      512,
      64,
      64
    ],
    "method": "Both"
  },
  "decoder.mid.block_1": {
    "l2_value": 0.0003429698117543012,
    "cosine_value": 0.06691181659698486,
    "shape": [
      1,
      512,
      64,
      64
    ],
    "method": "Both"
  },
  "decoder.mid.attn_1": {
    "l2_value": 0.0003359905967954546,
    "cosine_value": 0.06546139717102051,
    "shape": [
      1,
      512,
      64,
      64
    ],
    "method": "Both"
  },
  "decoder.mid.block_2": {
    "l2_value": 0.00035190198104828596,
    "cosine_value": 0.06834352016448975,
    "shape": [
      1,
      512,
      64,
      64
    ],
    "method": "Both"
  },
  "decoder.up.0.block.0": {
    "l2_value": 0.0015457620611414313,
    "cosine_value": 0.02555626630783081,
    "shape": [
      1,
      128,
      512,
      512
    ],
    "method": "Both"
  },
  "decoder.up.0.block.1": {
    "l2_value": 0.0015764303971081972,
    "cosine_value": 0.021984219551086426,
    "shape": [
      1,
      128,
      512,
      512
    ],
    "method": "Both"
  },
  "decoder.up.0.block.2": {
    "l2_value": 0.0016259977128356695,
    "cosine_value": 0.01887822151184082,
    "shape": [
      1,
      128,
      512,
      512
    ],
    "method": "Both"
  },
  "decoder.up.1.block.0": {
    "l2_value": 0.0008170951623469591,
    "cosine_value": 0.04487639665603638,
    "shape": [
      1,
      256,
      256,
      256
    ],
    "method": "Both"
  },
  "decoder.up.1.block.1": {
    "l2_value": 0.0008362158550880849,
    "cosine_value": 0.04764658212661743,
    "shape": [
      1,
      256,
      256,
      256
    ],
    "method": "Both"
  },
  "decoder.up.1.block.2": {
    "l2_value": 0.000795181724242866,
    "cosine_value": 0.04953187704086304,
    "shape": [
      1,
      256,
      256,
      256
    ],
    "method": "Both"
  },
  "decoder.up.1.upsample": {
    "l2_value": 0.0009641901706345379,
    "cosine_value": 0.041919827461242676,
    "shape": [
      1,
      256,
      512,
      512
    ],
    "method": "Both"
  },
  "decoder.up.2.block.0": {
    "l2_value": 0.0006380868144333363,
    "cosine_value": 0.06022244691848755,
    "shape": [
      1,
      512,
      128,
      128
    ],
    "method": "Both"
  },
  "decoder.up.2.block.1": {
    "l2_value": 0.0006537269800901413,
    "cosine_value": 0.061605989933013916,
    "shape": [
      1,
      512,
      128,
      128
    ],
    "method": "Both"
  },
  "decoder.up.2.block.2": {
    "l2_value": 0.0005942219868302345,
    "cosine_value": 0.06305050849914551,
    "shape": [
      1,
      512,
      128,
      128
    ],
    "method": "Both"
  },
  "decoder.up.2.upsample": {
    "l2_value": 0.0009365910664200783,
    "cosine_value": 0.05518895387649536,
    "shape": [
      1,
      512,
      256,
      256
    ],
    "method": "Both"
  },
  "decoder.up.3.block.0": {
    "l2_value": 0.000382305181119591,
    "cosine_value": 0.07404983043670654,
    "shape": [
      1,
      512,
      64,
      64
    ],
    "method": "Both"
  },
  "decoder.up.3.block.1": {
    "l2_value": 0.00039873202331364155,
    "cosine_value": 0.07798600196838379,
    "shape": [
      1,
      512,
      64,
      64
    ],
    "method": "Both"
  },
  "decoder.up.3.block.2": {
    "l2_value": 0.0003654492611531168,
    "cosine_value": 0.07293057441711426,
    "shape": [
      1,
      512,
      64,
      64
    ],
    "method": "Both"
  },
  "decoder.up.3.upsample": {
    "l2_value": 0.0006504909251816571,
    "cosine_value": 0.06461989879608154,
    "shape": [
      1,
      512,
      128,
      128
    ],
    "method": "Both"
  },
  "decoder.conv_out": {
    "l2_value": 0.0002611057716421783,
    "cosine_value": 0.05348747968673706,
    "shape": [
      1,
      3,
      512,
      512
    ],
    "method": "Both"
  }
}