{
  "decoder.conv_in": {
    "l2_value": 0.0003803322615567595,
    "cosine_value": 0.11280888319015503,
    "shape": [
      1,
      512,
      64,
      64
    ],
    "method": "Both"
  },
  "decoder.mid.block_1": {
    "l2_value": 0.0003632953157648444,
    "cosine_value": 0.10129433870315552,
    "shape": [
      1,
      512,
      64,
      64
    ],
    "method": "Both"
  },
  "decoder.mid.attn_1": {
    "l2_value": 0.00036091453512199223,
    "cosine_value": 0.10020607709884644,
    "shape": [
      1,
      512,
      64,
      64
    ],
    "method": "Both"
  },
  "decoder.mid.block_2": {
    "l2_value": 0.0003788787289522588,
    "cosine_value": 0.10354024171829224,
    "shape": [
      1,
      512,
      64,
      64
    ],
    "method": "Both"
  },
  "decoder.up.0.block.0": {
    "l2_value": 0.0015314893098548055,
    "cosine_value": 0.027082860469818115,
    "shape": [
      1,
      128,
      512,
      512
    ],
    "method": "Both"
  },
  "decoder.up.0.block.1": {
    "l2_value": 0.001642415183596313,
    "cosine_value": 0.024976074695587158,
    "shape": [
      1,
      128,
      512,
      512
    ],
    "method": "Both"
  },
  "decoder.up.0.block.2": {
    "l2_value": 0.001776836346834898,
    "cosine_value": 0.02297031879425049,
    "shape": [
      1,
      128,
      512,
      512
    ],
    "method": "Both"
  },
  "decoder.up.1.block.0": {
    "l2_value": 0.0007970096776261926,
    "cosine_value": 0.058974385261535645,
    "shape": [
      1,
      256,
      256,
      256
    ],
    "method": "Both"
  },
  "decoder.up.1.block.1": {
    "l2_value": 0.0008256119908764958,
    "cosine_value": 0.06382280588150024,
    "shape": [
      1,
      256,
      256,
      256
    ],
    "method": "Both"
  },
  "decoder.up.1.block.2": {
    "l2_value": 0.0007787200738675892,
    "cosine_value": 0.06671500205993652,
    "shape": [
      1,
      256,
      256,
      256
    ],
    "method": "Both"
  },
  "decoder.up.1.upsample": {
    "l2_value": 0.0009278847137466073,
    "cosine_value": 0.05175262689590454,
    "shape": [
      1,
      256,
      512,
      512
    ],
    "method": "Both"
  },
  "decoder.up.2.block.0": {
    "l2_value": 0.000693625770509243,
    "cosine_value": 0.09415704011917114,
    "shape": [
      1,
      512,
      128,
      128
    ],
    "method": "Both"
  },
  "decoder.up.2.block.1": {
    "l2_value": 0.0007145409472286701,
    "cosine_value": 0.09398651123046875,
    "shape": [
      1,
      512,
      128,
      128
    ],
    "method": "Both"
  },
  "decoder.up.2.block.2": {
    "l2_value": 0.0006311440374702215,
    "cosine_value": 0.09462690353393555,
    "shape": [
      1,
      512,
      128,
      128
    ],
    "method": "Both"
  },
  "decoder.up.2.upsample": {
    "l2_value": 0.0009538710000924766,
    "cosine_value": 0.07742089033126831,
    "shape": [
      1,
      512,
      256,
      256
    ],
    "method": "Both"
  },
  "decoder.up.3.block.0": {
    "l2_value": 0.00042208353988826275,
    "cosine_value": 0.11365807056427002,
    "shape": [
      1,
      512,
      64,
      64
    ],
    "method": "Both"
  },
  "decoder.up.3.block.1": {
    "l2_value": 0.00044182781130075455,
    "cosine_value": 0.1200680136680603,
    "shape": [
      1,
      512,
      64,
      64
    ],
    "method": "Both"
  },
  "decoder.up.3.block.2": {
    "l2_value": 0.000397371593862772,
    "cosine_value": 0.11627316474914551,
    "shape": [
      1,
      512,
      64,
      64
    ],
    "method": "Both"
  },
  "decoder.up.3.upsample": {
    "l2_value": 0.000706803344655782,
    "cosine_value": 0.10157877206802368,
    "shape": [
      1,
      512,
      128,
      128
    ],
    "method": "Both"
  },
  "decoder.conv_out": {
    "l2_value": 0.00020810144875819483,
    "cosine_value": 0.04434549808502197,
    "shape": [
      1,
      3,
      512,
      512
    ],
    "method": "Both"
  }
}