{
  "decoder.conv_in": {
    "l2_value": 0.00019630852330010384,
    "cosine_value": 0.11897021532058716,
    "shape": [
      1,
      512,
      64,
      64
    ],
    "method": "Both"
  },
  "decoder.mid.block_1": {
    "l2_value": 0.0002293380384799093,
    "cosine_value": 0.08223932981491089,
    "shape": [
      1,
      512,
      64,
      64
    ],
    "method": "Both"
  },
  "decoder.mid.attn_1": {
    "l2_value": 0.00022580033692065626,
    "cosine_value": 0.07464206218719482,
    "shape": [
      1,
      512,
      64,
      64
    ],
    "method": "Both"
  },
  "decoder.mid.block_2": {
    "l2_value": 0.00024245906388387084,
    "cosine_value": 0.07851237058639526,
    "shape": [
      1,
      512,
      64,
      64
    ],
    "method": "Both"
  },
  "decoder.up.0.block.0": {
    "l2_value": 0.0012837968533858657,
    "cosine_value": 0.03834909200668335,
    "shape": [
      1,
      128,
      512,
      512
    ],
    "method": "Both"
  },
  "decoder.up.0.block.1": {
    "l2_value": 0.0014708072412759066,
    "cosine_value": 0.03659409284591675,
    "shape": [
      1,
      128,
      512,
      512
    ],
    "method": "Both"
  },
  "decoder.up.0.block.2": {
    "l2_value": 0.0017063203267753124,
    "cosine_value": 0.03543078899383545,
    "shape": [
      1,
      128,
      512,
      512
    ],
    "method": "Both"
  },
  "decoder.up.1.block.0": {
    "l2_value": 0.0006099730962887406,
    "cosine_value": 0.055613934993743896,
    "shape": [
      1,
      256,
      256,
      256
    ],
    "method": "Both"
  },
  "decoder.up.1.block.1": {
    "l2_value": 0.0006195290479809046,
    "cosine_value": 0.0555112361907959,
    "shape": [
      1,
      256,
      256,
      256
    ],
    "method": "Both"
  },
  "decoder.up.1.block.2": {
    "l2_value": 0.0005601730081252754,
    "cosine_value": 0.05905658006668091,
    "shape": [
      1,
      256,
      256,
      256
    ],
    "method": "Both"
  },
  "decoder.up.1.upsample": {
    "l2_value": 0.0006233456078916788,
    "cosine_value": 0.04592490196228027,
    "shape": [
      1,
      256,
      512,
      512
    ],
    "method": "Both"
  },
  "decoder.up.2.block.0": {
    "l2_value": 0.00047971284948289394,
    "cosine_value": 0.07533460855484009,
    "shape": [
      1,
      512,
      128,
      128
    ],
    "method": "Both"
  },
  "decoder.up.2.block.1": {
    "l2_value": 0.0005009562592022121,
    "cosine_value": 0.08025294542312622,
    "shape": [
      1,
      512,
      128,
      128
    ],
    "method": "Both"
  },
  "decoder.up.2.block.2": {
    "l2_value": 0.000448633567430079,
    "cosine_value": 0.09278708696365356,
    "shape": [
      1,
      512,
      128,
      128
    ],
    "method": "Both"
  },
  "decoder.up.2.upsample": {
    "l2_value": 0.0006957135628908873,
    "cosine_value": 0.07917970418930054,
    "shape": [
      1,
      512,
      256,
      256
    ],
    "method": "Both"
  },
  "decoder.up.3.block.0": {
    "l2_value": 0.0002816104970406741,
    "cosine_value": 0.09079450368881226,
    "shape": [
      1,
      512,
      64,
      64
    ],
    "method": "Both"
  },
  "decoder.up.3.block.1": {
    "l2_value": 0.00029664329485967755,
    "cosine_value": 0.09309673309326172,
    "shape": [
      1,
      512,
      64,
      64
    ],
    "method": "Both"
  },
  "decoder.up.3.block.2": {
    "l2_value": 0.0002756620815489441,
    "cosine_value": 0.10041427612304688,
    "shape": [
      1,
      512,
      64,
      64
    ],
    "method": "Both"
  },
  "decoder.up.3.upsample": {
    "l2_value": 0.00047971028834581375,
    "cosine_value": 0.08352965116500854,
    "shape": [
      1,
      512,
      128,
      128
    ],
    "method": "Both"
  },
  "decoder.conv_out": {
    "l2_value": 0.000210554125563552,
    "cosine_value": 0.04725635051727295,
    "shape": [
      1,
      3,
      512,
      512
    ],
    "method": "Both"
  }
}