{
  "decoder.conv_in": {
    "l2_value": 0.0002064379514195025,
    "cosine_value": 0.03956490755081177,
    "shape": [
      1,
      512,
      64,
      64
    ],
    "method": "Both"
  },
  "decoder.mid.block_1": {
    "l2_value": 0.0001906364195747301,
    "cosine_value": 0.0335007905960083,
    "shape": [
      1,
      512,
      64,
      64
    ],
    "method": "Both"
  },
  "decoder.mid.attn_1": {
    "l2_value": 0.00018894470122177154,
    "cosine_value": 0.03203392028808594,
    "shape": [
      1,
      512,
      64,
      64
    ],
    "method": "Both"
  },
  "decoder.mid.block_2": {
    "l2_value": 0.0001967415737453848,
    "cosine_value": 0.03211778402328491,
    "shape": [
      1,
      512,
      64,
      64
    ],
    "method": "Both"
  },
  "decoder.up.0.block.0": {
    "l2_value": 0.0006791494088247418,
    "cosine_value": 0.006001770496368408,
    "shape": [
      1,
      128,
      512,
      512
    ],
    "method": "Both"
  },
  "decoder.up.0.block.1": {
    "l2_value": 0.0006826351163908839,
    "cosine_value": 0.004803001880645752,
    "shape": [
      1,
      128,
      512,
      512
    ],
    "method": "Both"
  },
  "decoder.up.0.block.2": {
    "l2_value": 0.0006912582903169096,
    "cosine_value": 0.0038282275199890137,
    "shape": [
      1,
      128,
      512,
      512
    ],
    "method": "Both"
  },
  "decoder.up.1.block.0": {
    "l2_value": 0.0004230698978062719,
    "cosine_value": 0.02112632989883423,
    "shape": [
      1,
      256,
      256,
      256
    ],
    "method": "Both"
  },
  "decoder.up.1.block.1": {
    "l2_value": 0.0004374260315671563,
    "cosine_value": 0.02305692434310913,
    "shape": [
      1,
      256,
      256,
      256
    ],
    "method": "Both"
  },
  "decoder.up.1.block.2": {
    "l2_value": 0.0004131929308641702,
    "cosine_value": 0.025305330753326416,
    "shape": [
      1,
      256,
      256,
      256
    ],
    "method": "Both"
  },
  "decoder.up.1.upsample": {
    "l2_value": 0.0004793590633198619,
    "cosine_value": 0.01771533489227295,
    "shape": [
      1,
      256,
      512,
      512
    ],
    "method": "Both"
  },
  "decoder.up.2.block.0": {
    "l2_value": 0.0003624398377723992,
    "cosine_value": 0.029228031635284424,
    "shape": [
      1,
      512,
      128,
      128
    ],
    "method": "Both"
  },
  "decoder.up.2.block.1": {
    "l2_value": 0.00037131752469576895,
    "cosine_value": 0.02894878387451172,
    "shape": [
      1,
      512,
      128,
      128
    ],
    "method": "Both"
  },
  "decoder.up.2.block.2": {
    "l2_value": 0.00033083208836615086,
    "cosine_value": 0.03201073408126831,
    "shape": [
      1,
      512,
      128,
      128
    ],
    "method": "Both"
  },
  "decoder.up.2.upsample": {
    "l2_value": 0.0005031903856433928,
    "cosine_value": 0.027001023292541504,
    "shape": [
      1,
      512,
      256,
      256
    ],
    "method": "Both"
  },
  "decoder.up.3.block.0": {
    "l2_value": 0.00021770218154415488,
    "cosine_value": 0.03418314456939697,
    "shape": [
      1,
      512,
      64,
      64
    ],
    "method": "Both"
  },
  "decoder.up.3.block.1": {
    "l2_value": 0.0002287401439389214,
    "cosine_value": 0.03642678260803223,
    "shape": [
      1,
      512,
      64,
      64
    ],
    "method": "Both"
  },
  "decoder.up.3.block.2": {
    "l2_value": 0.00021001369168516248,
    "cosine_value": 0.03795963525772095,
    "shape": [
      1,
      512,
      64,
      64
    ],
    "method": "Both"
  },
  "decoder.up.3.upsample": {
    "l2_value": 0.00037293933564797044,
    "cosine_value": 0.032340943813323975,
    "shape": [
      1,
      512,
      128,
      128
    ],
    "method": "Both"
  },
  "decoder.conv_out": {
    "l2_value": 0.00013320653427702686,
    "cosine_value": 0.033218562602996826,
    "shape": [
      1,
      3,
      512,
      512
    ],
    "method": "Both"
  }
}