{
  "decoder.conv_in": {
    "l2_value": 0.00012120159226469696,
    "cosine_value": 0.04182791709899902,
    "shape": [
      1,
      512,
      64,
      64
    ],
    "method": "Both"
  },
  "decoder.mid.block_1": {
    "l2_value": 0.00012824279838241637,
    "cosine_value": 0.02925819158554077,
    "shape": [
      1,
      512,
      64,
      64
    ],
    "method": "Both"
  },
  "decoder.mid.attn_1": {
    "l2_value": 0.0001276278489967808,
    "cosine_value": 0.02533280849456787,
    "shape": [
      1,
      512,
      64,
      64
    ],
    "method": "Both"
  },
  "decoder.mid.block_2": {
    "l2_value": 0.0001350237289443612,
    "cosine_value": 0.02559077739715576,
    "shape": [
      1,
      512,
      64,
      64
    ],
    "method": "Both"
  },
  "decoder.up.0.block.0": {
    "l2_value": 0.0005051885964348912,
    "cosine_value": 0.00620657205581665,
    "shape": [
      1,
      128,
      512,
      512
    ],
    "method": "Both"
  },
  "decoder.up.0.block.1": {
    "l2_value": 0.0005088077741675079,
    "cosine_value": 0.0045334696769714355,
    "shape": [
      1,
      128,
      512,
      512
    ],
    "method": "Both"
  },
  "decoder.up.0.block.2": {
    "l2_value": 0.0005185232730582356,
    "cosine_value": 0.003345310688018799,
    "shape": [
      1,
      128,
      512,
      512
    ],
    "method": "Both"
  },
  "decoder.up.1.block.0": {
    "l2_value": 0.00035161522100679576,
    "cosine_value": 0.02002096176147461,
    "shape": [
      1,
      256,
      256,
      256
    ],
    "method": "Both"
  },
  "decoder.up.1.block.1": {
    "l2_value": 0.00035757230944000185,
    "cosine_value": 0.02023249864578247,
    "shape": [
      1,
      256,
      256,
      256
    ],
    "method": "Both"
  },
  "decoder.up.1.block.2": {
    "l2_value": 0.0003226592089049518,
    "cosine_value": 0.022097647190093994,
    "shape": [
      1,
      256,
      256,
      256
    ],
    "method": "Both"
  },
  "decoder.up.1.upsample": {
    "l2_value": 0.00035216170363128185,
    "cosine_value": 0.016318202018737793,
    "shape": [
      1,
      256,
      512,
      512
    ],
    "method": "Both"
  },
  "decoder.up.2.block.0": {
    "l2_value": 0.000264336442342028,
    "cosine_value": 0.024080514907836914,
    "shape": [
      1,
      512,
      128,
      128
    ],
    "method": "Both"
  },
  "decoder.up.2.block.1": {
    "l2_value": 0.00027611322002485394,
    "cosine_value": 0.0256689190864563,
    "shape": [
      1,
      512,
      128,
      128
    ],
    "method": "Both"
  },
  "decoder.up.2.block.2": {
    "l2_value": 0.00024965492775663733,
    "cosine_value": 0.03125417232513428,
    "shape": [
      1,
      512,
      128,
      128
    ],
    "method": "Both"
  },
  "decoder.up.2.upsample": {
    "l2_value": 0.00039669606485404074,
    "cosine_value": 0.02714914083480835,
    "shape": [
      1,
      512,
      256,
      256
    ],
    "method": "Both"
  },
  "decoder.up.3.block.0": {
    "l2_value": 0.00015372612688224763,
    "cosine_value": 0.028296828269958496,
    "shape": [
      1,
      512,
      64,
      64
    ],
    "method": "Both"
  },
  "decoder.up.3.block.1": {
    "l2_value": 0.00016124571266118437,
    "cosine_value": 0.028918147087097168,
    "shape": [
      1,
      512,
      64,
      64
    ],
    "method": "Both"
  },
  "decoder.up.3.block.2": {
    "l2_value": 0.00015086171333678067,
    "cosine_value": 0.03231191635131836,
    "shape": [
      1,
      512,
      64,
      64
    ],
    "method": "Both"
  },
  "decoder.up.3.upsample": {
    "l2_value": 0.00026467081625014544,
    "cosine_value": 0.02657938003540039,
    "shape": [
      1,
      512,
      128,
      128
    ],
    "method": "Both"
  },
  "decoder.conv_out": {
    "l2_value": 0.00013481995362477997,
    "cosine_value": 0.0346720814704895,
    "shape": [
      1,
      3,
      512,
      512
    ],
    "method": "Both"
  }
}