{
  "decoder.conv_in": {
    "l2_value": 0.0001511909649707377,
    "cosine_value": 0.08129394054412842,
    "shape": [
      1,
      512,
      64,
      64
    ],
    "method": "Both"
  },
  "decoder.mid.block_1": {
    "l2_value": 0.00016495343879796565,
    "cosine_value": 0.04902756214141846,
    "shape": [
      1,
      512,
      64,
      64
    ],
    "method": "Both"
  },
  "decoder.mid.attn_1": {
    "l2_value": 0.00016312580555677414,
    "cosine_value": 0.0431065559387207,
    "shape": [
      1,
      512,
      64,
      64
    ],
    "method": "Both"
  },
  "decoder.mid.block_2": {
    "l2_value": 0.00017255560669582337,
    "cosine_value": 0.04343479871749878,
    "shape": [
      1,
      512,
      64,
      64
    ],
    "method": "Both"
  },
  "decoder.up.0.block.0": {
    "l2_value": 0.0007046901155263186,
    "cosine_value": 0.011705756187438965,
    "shape": [
      1,
      128,
      512,
      512
    ],
    "method": "Both"
  },
  "decoder.up.0.block.1": {
    "l2_value": 0.0007203653221949935,
    "cosine_value": 0.008861064910888672,
    "shape": [
      1,
      128,
      512,
      512
    ],
    "method": "Both"
  },
  "decoder.up.0.block.2": {
    "l2_value": 0.0007443712092936039,
    "cosine_value": 0.0067635178565979,
    "shape": [
      1,
      128,
      512,
      512
    ],
    "method": "Both"
  },
  "decoder.up.1.block.0": {
    "l2_value": 0.0004545646661426872,
    "cosine_value": 0.034448981285095215,
    "shape": [
      1,
      256,
      256,
      256
    ],
    "method": "Both"
  },
  "decoder.up.1.block.1": {
    "l2_value": 0.0004605327849276364,
    "cosine_value": 0.03418099880218506,
    "shape": [
      1,
      256,
      256,
      256
    ],
    "method": "Both"
  },
  "decoder.up.1.block.2": {
    "l2_value": 0.0004187217855360359,
    "cosine_value": 0.03775137662887573,
    "shape": [
      1,
      256,
      256,
      256
    ],
    "method": "Both"
  },
  "decoder.up.1.upsample": {
    "l2_value": 0.0004643261490855366,
    "cosine_value": 0.028474152088165283,
    "shape": [
      1,
      256,
      512,
      512
    ],
    "method": "Both"
  },
  "decoder.up.2.block.0": {
    "l2_value": 0.00034055407741107047,
    "cosine_value": 0.04170626401901245,
    "shape": [
      1,
      512,
      128,
      128
    ],
    "method": "Both"
  },
  "decoder.up.2.block.1": {
    "l2_value": 0.00035550809116102755,
    "cosine_value": 0.04416966438293457,
    "shape": [
      1,
      512,
      128,
      128
    ],
    "method": "Both"
  },
  "decoder.up.2.block.2": {
    "l2_value": 0.0003217649646103382,
    "cosine_value": 0.054039835929870605,
    "shape": [
      1,
      512,
      128,
      128
    ],
    "method": "Both"
  },
  "decoder.up.2.upsample": {
    "l2_value": 0.0005077219684608281,
    "cosine_value": 0.04741579294204712,
    "shape": [
      1,
      512,
      256,
      256
    ],
    "method": "Both"
  },
  "decoder.up.3.block.0": {
    "l2_value": 0.0001968109281733632,
    "cosine_value": 0.047654688358306885,
    "shape": [
      1,
      512,
      64,
      64
    ],
    "method": "Both"
  },
  "decoder.up.3.block.1": {
    "l2_value": 0.00020628876518458128,
    "cosine_value": 0.04876303672790527,
    "shape": [
      1,
      512,
      64,
      64
    ],
    "method": "Both"
  },
  "decoder.up.3.block.2": {
    "l2_value": 0.00019320176215842366,
    "cosine_value": 0.05482959747314453,
    "shape": [
      1,
      512,
      64,
      64
    ],
    "method": "Both"
  },
  "decoder.up.3.upsample": {
    "l2_value": 0.00033938881824724376,
    "cosine_value": 0.04614901542663574,
    "shape": [
      1,
      512,
      128,
      128
    ],
    "method": "Both"
  },
  "decoder.conv_out": {
    "l2_value": 0.0001785865363975366,
    "cosine_value": 0.051502227783203125,
    "shape": [
      1,
      3,
      512,
      512
    ],
    "method": "Both"
  }
}