{
  "decoder.conv_in": {
    "l2_value": 0.00013663501886185259,
    "cosine_value": 0.05375033617019653,
    "shape": [
      1,
      512,
      64,
      64
    ],
    "method": "Both"
  },
  "decoder.mid.block_1": {
    "l2_value": 0.0001475310855312273,
    "cosine_value": 0.03298068046569824,
    "shape": [
      1,
      512,
      64,
      64
    ],
    "method": "Both"
  },
  "decoder.mid.attn_1": {
    "l2_value": 0.0001465227105654776,
    "cosine_value": 0.030246436595916748,
    "shape": [
      1,
      512,
      64,
      64
    ],
    "method": "Both"
  },
  "decoder.mid.block_2": {
    "l2_value": 0.0001610764884389937,
    "cosine_value": 0.032803237438201904,
    "shape": [
      1,
      512,
      64,
      64
    ],
    "method": "Both"
  },
  "decoder.up.0.block.0": {
    "l2_value": 0.0004837690503336489,
    "cosine_value": 0.005614817142486572,
    "shape": [
      1,
      128,
      512,
      512
    ],
    "method": "Both"
  },
  "decoder.up.0.block.1": {
    "l2_value": 0.0004922170774079859,
    "cosine_value": 0.004237532615661621,
    "shape": [
      1,
      128,
      512,
      512
    ],
    "method": "Both"
  },
  "decoder.up.0.block.2": {
    "l2_value": 0.0005134594393894076,
    "cosine_value": 0.003362894058227539,
    "shape": [
      1,
      128,
      512,
      512
    ],
    "method": "Both"
  },
  "decoder.up.1.block.0": {
    "l2_value": 0.000404443679144606,
    "cosine_value": 0.021976828575134277,
    "shape": [
      1,
      256,
      256,
      256
    ],
    "method": "Both"
  },
  "decoder.up.1.block.1": {
    "l2_value": 0.0004096771590411663,
    "cosine_value": 0.02193838357925415,
    "shape": [
      1,
      256,
      256,
      256
    ],
    "method": "Both"
  },
  "decoder.up.1.block.2": {
    "l2_value": 0.00036238395841792226,
    "cosine_value": 0.02211660146713257,
    "shape": [
      1,
      256,
      256,
      256
    ],
    "method": "Both"
  },
  "decoder.up.1.upsample": {
    "l2_value": 0.00037781315040774643,
    "cosine_value": 0.015281438827514648,
    "shape": [
      1,
      256,
      512,
      512
    ],
    "method": "Both"
  },
  "decoder.up.2.block.0": {
    "l2_value": 0.00032575021032243967,
    "cosine_value": 0.03323841094970703,
    "shape": [
      1,
      512,
      128,
      128
    ],
    "method": "Both"
  },
  "decoder.up.2.block.1": {
    "l2_value": 0.000342828017892316,
    "cosine_value": 0.035808444023132324,
    "shape": [
      1,
      512,
      128,
      128
    ],
    "method": "Both"
  },
  "decoder.up.2.block.2": {
    "l2_value": 0.0003058224974665791,
    "cosine_value": 0.04010975360870361,
    "shape": [
      1,
      512,
      128,
      128
    ],
    "method": "Both"
  },
  "decoder.up.2.upsample": {
    "l2_value": 0.0004682011785916984,
    "cosine_value": 0.032625794410705566,
    "shape": [
      1,
      512,
      256,
      256
    ],
    "method": "Both"
  },
  "decoder.up.3.block.0": {
    "l2_value": 0.0001890030544018373,
    "cosine_value": 0.039199769496917725,
    "shape": [
      1,
      512,
      64,
      64
    ],
    "method": "Both"
  },
  "decoder.up.3.block.1": {
    "l2_value": 0.0002018410450546071,
    "cosine_value": 0.041831254959106445,
    "shape": [
      1,
      512,
      64,
      64
    ],
    "method": "Both"
  },
  "decoder.up.3.block.2": {
    "l2_value": 0.0001882198266685009,
    "cosine_value": 0.0449601411819458,
    "shape": [
      1,
      512,
      64,
      64
    ],
    "method": "Both"
  },
  "decoder.up.3.upsample": {
    "l2_value": 0.00032822065986692905,
    "cosine_value": 0.037327468395233154,
    "shape": [
      1,
      512,
      128,
      128
    ],
    "method": "Both"
  },
  "decoder.conv_out": {
    "l2_value": 0.00011525100368695955,
    "cosine_value": 0.01030808687210083,
    "shape": [
      1,
      3,
      512,
      512
    ],
    "method": "Both"
  }
}