{
  "decoder.conv_in": {
    "l2_value": 0.000247117190156132,
    "cosine_value": 0.039982616901397705,
    "shape": [
      1,
      512,
      64,
      64
    ],
    "method": "Both"
  },
  "decoder.mid.block_1": {
    "l2_value": 0.00022810207155998796,
    "cosine_value": 0.03432488441467285,
    "shape": [
      1,
      512,
      64,
      64
    ],
    "method": "Both"
  },
  "decoder.mid.attn_1": {
    "l2_value": 0.00022694772633258253,
    "cosine_value": 0.03408724069595337,
    "shape": [
      1,
      512,
      64,
      64
    ],
    "method": "Both"
  },
  "decoder.mid.block_2": {
    "l2_value": 0.0002401598176220432,
    "cosine_value": 0.03584188222885132,
    "shape": [
      1,
      512,
      64,
      64
    ],
    "method": "Both"
  },
  "decoder.up.0.block.0": {
    "l2_value": 0.0006712818285450339,
    "cosine_value": 0.005027949810028076,
    "shape": [
      1,
      128,
      512,
      512
    ],
    "method": "Both"
  },
  "decoder.up.0.block.1": {
    "l2_value": 0.0006791706546209753,
    "cosine_value": 0.004215836524963379,
    "shape": [
      1,
      128,
      512,
      512
    ],
    "method": "Both"
  },
  "decoder.up.0.block.2": {
    "l2_value": 0.0007016672170720994,
    "cosine_value": 0.0035961270332336426,
    "shape": [
      1,
      128,
      512,
      512
    ],
    "method": "Both"
  },
  "decoder.up.1.block.0": {
    "l2_value": 0.0004919966449961066,
    "cosine_value": 0.018581390380859375,
    "shape": [
      1,
      256,
      256,
      256
    ],
    "method": "Both"
  },
  "decoder.up.1.block.1": {
    "l2_value": 0.0005106442258693278,
    "cosine_value": 0.020164847373962402,
    "shape": [
      1,
      256,
      256,
      256
    ],
    "method": "Both"
  },
  "decoder.up.1.block.2": {
    "l2_value": 0.0004720660508610308,
    "cosine_value": 0.020008504390716553,
    "shape": [
      1,
      256,
      256,
      256
    ],
    "method": "Both"
  },
  "decoder.up.1.upsample": {
    "l2_value": 0.0005327112739905715,
    "cosine_value": 0.014591574668884277,
    "shape": [
      1,
      256,
      512,
      512
    ],
    "method": "Both"
  },
  "decoder.up.2.block.0": {
    "l2_value": 0.00044204897130839527,
    "cosine_value": 0.03274613618850708,
    "shape": [
      1,
      512,
      128,
      128
    ],
    "method": "Both"
  },
  "decoder.up.2.block.1": {
    "l2_value": 0.0004570512392092496,
    "cosine_value": 0.03349018096923828,
    "shape": [
      1,
      512,
      128,
      128
    ],
    "method": "Both"
  },
  "decoder.up.2.block.2": {
    "l2_value": 0.0004012324789073318,
    "cosine_value": 0.03254961967468262,
    "shape": [
      1,
      512,
      128,
      128
    ],
    "method": "Both"
  },
  "decoder.up.2.upsample": {
    "l2_value": 0.0006002949667163193,
    "cosine_value": 0.02575629949569702,
    "shape": [
      1,
      512,
      256,
      256
    ],
    "method": "Both"
  },
  "decoder.up.3.block.0": {
    "l2_value": 0.0002707803505472839,
    "cosine_value": 0.04116463661193848,
    "shape": [
      1,
      512,
      64,
      64
    ],
    "method": "Both"
  },
  "decoder.up.3.block.1": {
    "l2_value": 0.00028584725805558264,
    "cosine_value": 0.04432475566864014,
    "shape": [
      1,
      512,
      64,
      64
    ],
    "method": "Both"
  },
  "decoder.up.3.block.2": {
    "l2_value": 0.0002574256213847548,
    "cosine_value": 0.04166150093078613,
    "shape": [
      1,
      512,
      64,
      64
    ],
    "method": "Both"
  },
  "decoder.up.3.upsample": {
    "l2_value": 0.0004541916132438928,
    "cosine_value": 0.035692036151885986,
    "shape": [
      1,
      512,
      128,
      128
    ],
    "method": "Both"
  },
  "decoder.conv_out": {
    "l2_value": 0.00011221620176608364,
    "cosine_value": 0.009429931640625,
    "shape": [
      1,
      3,
      512,
      512
    ],
    "method": "Both"
  }
}