{
  "decoder.conv_in": {
    "l2_value": 0.0003651578153949231,
    "cosine_value": 0.1102132797241211,
    "shape": [
      1,
      512,
      64,
      64
    ],
    "method": "Both"
  },
  "decoder.mid.block_1": {
    "l2_value": 0.0003440049767959863,
    "cosine_value": 0.0930066704750061,
    "shape": [
      1,
      512,
      64,
      64
    ],
    "method": "Both"
  },
  "decoder.mid.attn_1": {
    "l2_value": 0.00034194745239801705,
    "cosine_value": 0.08767116069793701,
    "shape": [
      1,
      512,
      64,
      64
    ],
    "method": "Both"
  },
  "decoder.mid.block_2": {
    "l2_value": 0.00035130835021845996,
    "cosine_value": 0.08641713857650757,
    "shape": [
      1,
      512,
      64,
      64
    ],
    "method": "Both"
  },
  "decoder.up.0.block.0": {
    "l2_value": 0.0023524737916886806,
    "cosine_value": 0.060207247734069824,
    "shape": [
      1,
      128,
      512,
      512
    ],
    "method": "Both"
  },
  "decoder.up.0.block.1": {
    "l2_value": 0.0026111137121915817,
    "cosine_value": 0.059562623500823975,
    "shape": [
      1,
      128,
      512,
      512
    ],
    "method": "Both"
  },
  "decoder.up.0.block.2": {
    "l2_value": 0.0029120976105332375,
    "cosine_value": 0.05887436866760254,
    "shape": [
      1,
      128,
      512,
      512
    ],
    "method": "Both"
  },
  "decoder.up.1.block.0": {
    "l2_value": 0.000772016413975507,
    "cosine_value": 0.05677849054336548,
    "shape": [
      1,
      256,
      256,
      256
    ],
    "method": "Both"
  },
  "decoder.up.1.block.1": {
    "l2_value": 0.00077515107113868,
    "cosine_value": 0.05852717161178589,
    "shape": [
      1,
      256,
      256,
      256
    ],
    "method": "Both"
  },
  "decoder.up.1.block.2": {
    "l2_value": 0.0007195334183052182,
    "cosine_value": 0.06168478727340698,
    "shape": [
      1,
      256,
      256,
      256
    ],
    "method": "Both"
  },
  "decoder.up.1.upsample": {
    "l2_value": 0.0009511045645922422,
    "cosine_value": 0.057970643043518066,
    "shape": [
      1,
      256,
      512,
      512
    ],
    "method": "Both"
  },
  "decoder.up.2.block.0": {
    "l2_value": 0.0006456804112531245,
    "cosine_value": 0.07669401168823242,
    "shape": [
      1,
      512,
      128,
      128
    ],
    "method": "Both"
  },
  "decoder.up.2.block.1": {
    "l2_value": 0.0006626465474255383,
    "cosine_value": 0.07896465063095093,
    "shape": [
      1,
      512,
      128,
      128
    ],
    "method": "Both"
  },
  "decoder.up.2.block.2": {
    "l2_value": 0.000589626666624099,
    "cosine_value": 0.08764803409576416,
    "shape": [
      1,
      512,
      128,
      128
    ],
    "method": "Both"
  },
  "decoder.up.2.upsample": {
    "l2_value": 0.0008951597847044468,
    "cosine_value": 0.07196903228759766,
    "shape": [
      1,
      512,
      256,
      256
    ],
    "method": "Both"
  },
  "decoder.up.3.block.0": {
    "l2_value": 0.0003870869113598019,
    "cosine_value": 0.09406858682632446,
    "shape": [
      1,
      512,
      64,
      64
    ],
    "method": "Both"
  },
  "decoder.up.3.block.1": {
    "l2_value": 0.0004069915448781103,
    "cosine_value": 0.10132873058319092,
    "shape": [
      1,
      512,
      64,
      64
    ],
    "method": "Both"
  },
  "decoder.up.3.block.2": {
    "l2_value": 0.0003781668783631176,
    "cosine_value": 0.1024056077003479,
    "shape": [
      1,
      512,
      64,
      64
    ],
    "method": "Both"
  },
  "decoder.up.3.upsample": {
    "l2_value": 0.0006692997994832695,
    "cosine_value": 0.08406919240951538,
    "shape": [
      1,
      512,
      128,
      128
    ],
    "method": "Both"
  },
  "decoder.conv_out": {
    "l2_value": 0.00019741477444767952,
    "cosine_value": 0.05086785554885864,
    "shape": [
      1,
      3,
      512,
      512
    ],
    "method": "Both"
  }
}