{
  "decoder.conv_in": {
    "l2_value": 0.0006394196534529328,
    "cosine_value": 0.320911169052124,
    "shape": [
      1,
      512,
      64,
      64
    ],
    "method": "Both"
  },
  "decoder.mid.block_1": {
    "l2_value": 0.0006512109539471567,
    "cosine_value": 0.33112287521362305,
    "shape": [
      1,
      512,
      64,
      64
    ],
    "method": "Both"
  },
  "decoder.mid.attn_1": {
    "l2_value": 0.0006375017110258341,
    "cosine_value": 0.3147639036178589,
    "shape": [
      1,
      512,
      64,
      64
    ],
    "method": "Both"
  },
  "decoder.mid.block_2": {
    "l2_value": 0.0006501272437162697,
    "cosine_value": 0.30703413486480713,
    "shape": [
      1,
      512,
      64,
      64
    ],
    "method": "Both"
  },
  "decoder.up.0.block.0": {
    "l2_value": 0.0067661902867257595,
    "cosine_value": 0.5483530461788177,
    "shape": [
      1,
      128,
      512,
      512
    ],
    "method": "Both"
  },
  "decoder.up.0.block.1": {
    "l2_value": 0.007724684663116932,
    "cosine_value": 0.5726544559001923,
    "shape": [
      1,
      128,
      512,
      512
    ],
    "method": "Both"
  },
  "decoder.up.0.block.2": {
    "l2_value": 0.00887166429311037,
    "cosine_value": 0.5916200578212738,
    "shape": [
      1,
      128,
      512,
      512
    ],
    "method": "Both"
  },
  "decoder.up.1.block.0": {
    "l2_value": 0.0015455260872840881,
    "cosine_value": 0.2265492081642151,
    "shape": [
      1,
      256,
      256,
      256
    ],
    "method": "Both"
  },
  "decoder.up.1.block.1": {
    "l2_value": 0.0015732410829514265,
    "cosine_value": 0.2375299334526062,
    "shape": [
      1,
      256,
      256,
      256
    ],
    "method": "Both"
  },
  "decoder.up.1.block.2": {
    "l2_value": 0.001499535166658461,
    "cosine_value": 0.2554798722267151,
    "shape": [
      1,
      256,
      256,
      256
    ],
    "method": "Both"
  },
  "decoder.up.1.upsample": {
    "l2_value": 0.0022903589997440577,
    "cosine_value": 0.33154869079589844,
    "shape": [
      1,
      256,
      512,
      512
    ],
    "method": "Both"
  },
  "decoder.up.2.block.0": {
    "l2_value": 0.001149631105363369,
    "cosine_value": 0.2603278160095215,
    "shape": [
      1,
      512,
      128,
      128
    ],
    "method": "Both"
  },
  "decoder.up.2.block.1": {
    "l2_value": 0.0011792848818004131,
    "cosine_value": 0.2596818208694458,
    "shape": [
      1,
      512,
      128,
      128
    ],
    "method": "Both"
  },
  "decoder.up.2.block.2": {
    "l2_value": 0.0010661305859684944,
    "cosine_value": 0.2784876227378845,
    "shape": [
      1,
      512,
      128,
      128
    ],
    "method": "Both"
  },
  "decoder.up.2.upsample": {
    "l2_value": 0.0016956800827756524,
    "cosine_value": 0.25130218267440796,
    "shape": [
      1,
      512,
      256,
      256
    ],
    "method": "Both"
  },
  "decoder.up.3.block.0": {
    "l2_value": 0.0006953530246391892,
    "cosine_value": 0.31222718954086304,
    "shape": [
      1,
      512,
      64,
      64
    ],
    "method": "Both"
  },
  "decoder.up.3.block.1": {
    "l2_value": 0.0007080577197484672,
    "cosine_value": 0.3132801055908203,
    "shape": [
      1,
      512,
      64,
      64
    ],
    "method": "Both"
  },
  "decoder.up.3.block.2": {
    "l2_value": 0.0006429311470128596,
    "cosine_value": 0.3111411929130554,
    "shape": [
      1,
      512,
      64,
      64
    ],
    "method": "Both"
  },
  "decoder.up.3.upsample": {
    "l2_value": 0.001159851672127843,
    "cosine_value": 0.27586185932159424,
    "shape": [
      1,
      512,
      128,
      128
    ],
    "method": "Both"
  },
  "decoder.conv_out": {
    "l2_value": 0.0003725032244498531,
    "cosine_value": 0.1423499584197998,
    "shape": [
      1,
      3,
      512,
      512
    ],
    "method": "Both"
  }
}