{
  "decoder.conv_in": {
    "l2_value": 0.0003202299412805587,
    "cosine_value": 0.279876172542572,
    "shape": [
      1,
      512,
      64,
      64
    ],
    "method": "Both"
  },
  "decoder.mid.block_1": {
    "l2_value": 0.00038125630817376077,
    "cosine_value": 0.2234499454498291,
    "shape": [
      1,
      512,
      64,
      64
    ],
    "method": "Both"
  },
  "decoder.mid.attn_1": {
    "l2_value": 0.000371384434401989,
    "cosine_value": 0.19818764925003052,
    "shape": [
      1,
      512,
      64,
      64
    ],
    "method": "Both"
  },
  "decoder.mid.block_2": {
    "l2_value": 0.0003893702814821154,
    "cosine_value": 0.19898372888565063,
    "shape": [
      1,
      512,
      64,
      64
    ],
    "method": "Both"
  },
  "decoder.up.0.block.0": {
    "l2_value": 0.0027053498197346926,
    "cosine_value": 0.16765499114990234,
    "shape": [
      1,
      128,
      512,
      512
    ],
    "method": "Both"
  },
  "decoder.up.0.block.1": {
    "l2_value": 0.0031175087206065655,
    "cosine_value": 0.16274821758270264,
    "shape": [
      1,
      128,
      512,
      512
    ],
    "method": "Both"
  },
  "decoder.up.0.block.2": {
    "l2_value": 0.0036380160599946976,
    "cosine_value": 0.15953058004379272,
    "shape": [
      1,
      128,
      512,
      512
    ],
    "method": "Both"
  },
  "decoder.up.1.block.0": {
    "l2_value": 0.0010075749596580863,
    "cosine_value": 0.14997804164886475,
    "shape": [
      1,
      256,
      256,
      256
    ],
    "method": "Both"
  },
  "decoder.up.1.block.1": {
    "l2_value": 0.001018653390929103,
    "cosine_value": 0.14902842044830322,
    "shape": [
      1,
      256,
      256,
      256
    ],
    "method": "Both"
  },
  "decoder.up.1.block.2": {
    "l2_value": 0.000941950420383364,
    "cosine_value": 0.16548484563827515,
    "shape": [
      1,
      256,
      256,
      256
    ],
    "method": "Both"
  },
  "decoder.up.1.upsample": {
    "l2_value": 0.0011303279316052794,
    "cosine_value": 0.14889496564865112,
    "shape": [
      1,
      256,
      512,
      512
    ],
    "method": "Both"
  },
  "decoder.up.2.block.0": {
    "l2_value": 0.0007395344437099993,
    "cosine_value": 0.17447710037231445,
    "shape": [
      1,
      512,
      128,
      128
    ],
    "method": "Both"
  },
  "decoder.up.2.block.1": {
    "l2_value": 0.0007707978365942836,
    "cosine_value": 0.18537527322769165,
    "shape": [
      1,
      512,
      128,
      128
    ],
    "method": "Both"
  },
  "decoder.up.2.block.2": {
    "l2_value": 0.0007012979476712644,
    "cosine_value": 0.22426313161849976,
    "shape": [
      1,
      512,
      128,
      128
    ],
    "method": "Both"
  },
  "decoder.up.2.upsample": {
    "l2_value": 0.0011131908977404237,
    "cosine_value": 0.1975947618484497,
    "shape": [
      1,
      512,
      256,
      256
    ],
    "method": "Both"
  },
  "decoder.up.3.block.0": {
    "l2_value": 0.00043301936239004135,
    "cosine_value": 0.21216034889221191,
    "shape": [
      1,
      512,
      64,
      64
    ],
    "method": "Both"
  },
  "decoder.up.3.block.1": {
    "l2_value": 0.0004494322056416422,
    "cosine_value": 0.2116687297821045,
    "shape": [
      1,
      512,
      64,
      64
    ],
    "method": "Both"
  },
  "decoder.up.3.block.2": {
    "l2_value": 0.00042134529212489724,
    "cosine_value": 0.23161888122558594,
    "shape": [
      1,
      512,
      64,
      64
    ],
    "method": "Both"
  },
  "decoder.up.3.upsample": {
    "l2_value": 0.0007382867042906582,
    "cosine_value": 0.19121551513671875,
    "shape": [
      1,
      512,
      128,
      128
    ],
    "method": "Both"
  },
  "decoder.conv_out": {
    "l2_value": 0.0003736435901373625,
    "cosine_value": 0.14871156215667725,
    "shape": [
      1,
      3,
      512,
      512
    ],
    "method": "Both"
  }
}