{
  "decoder.conv_in": {
    "l2_value": 0.0004641978011932224,
    "cosine_value": 0.17760604619979858,
    "shape": [
      1,
      512,
      64,
      64
    ],
    "method": "Both"
  },
  "decoder.mid.block_1": {
    "l2_value": 0.0004382609040476382,
    "cosine_value": 0.15859633684158325,
    "shape": [
      1,
      512,
      64,
      64
    ],
    "method": "Both"
  },
  "decoder.mid.attn_1": {
    "l2_value": 0.0004332573735155165,
    "cosine_value": 0.15099334716796875,
    "shape": [
      1,
      512,
      64,
      64
    ],
    "method": "Both"
  },
  "decoder.mid.block_2": {
    "l2_value": 0.0004467508406378329,
    "cosine_value": 0.14994525909423828,
    "shape": [
      1,
      512,
      64,
      64
    ],
    "method": "Both"
  },
  "decoder.up.0.block.0": {
    "l2_value": 0.0018386048031970859,
    "cosine_value": 0.041735172271728516,
    "shape": [
      1,
      128,
      512,
      512
    ],
    "method": "Both"
  },
  "decoder.up.0.block.1": {
    "l2_value": 0.0018963071051985025,
    "cosine_value": 0.03528797626495361,
    "shape": [
      1,
      128,
      512,
      512
    ],
    "method": "Both"
  },
  "decoder.up.0.block.2": {
    "l2_value": 0.0019588954746723175,
    "cosine_value": 0.02934098243713379,
    "shape": [
      1,
      128,
      512,
      512
    ],
    "method": "Both"
  },
  "decoder.up.1.block.0": {
    "l2_value": 0.0010101569350808859,
    "cosine_value": 0.10465532541275024,
    "shape": [
      1,
      256,
      256,
      256
    ],
    "method": "Both"
  },
  "decoder.up.1.block.1": {
    "l2_value": 0.0010265109594911337,
    "cosine_value": 0.10970133543014526,
    "shape": [
      1,
      256,
      256,
      256
    ],
    "method": "Both"
  },
  "decoder.up.1.block.2": {
    "l2_value": 0.000968086184002459,
    "cosine_value": 0.11714881658554077,
    "shape": [
      1,
      256,
      256,
      256
    ],
    "method": "Both"
  },
  "decoder.up.1.upsample": {
    "l2_value": 0.0011596552794799209,
    "cosine_value": 0.09210431575775146,
    "shape": [
      1,
      256,
      512,
      512
    ],
    "method": "Both"
  },
  "decoder.up.2.block.0": {
    "l2_value": 0.0008130301721394062,
    "cosine_value": 0.1347804069519043,
    "shape": [
      1,
      512,
      128,
      128
    ],
    "method": "Both"
  },
  "decoder.up.2.block.1": {
    "l2_value": 0.0008334389422088861,
    "cosine_value": 0.134463369846344,
    "shape": [
      1,
      512,
      128,
      128
    ],
    "method": "Both"
  },
  "decoder.up.2.block.2": {
    "l2_value": 0.0007456479361280799,
    "cosine_value": 0.14497190713882446,
    "shape": [
      1,
      512,
      128,
      128
    ],
    "method": "Both"
  },
  "decoder.up.2.upsample": {
    "l2_value": 0.0011689754901453853,
    "cosine_value": 0.12829208374023438,
    "shape": [
      1,
      512,
      256,
      256
    ],
    "method": "Both"
  },
  "decoder.up.3.block.0": {
    "l2_value": 0.0004862000932916999,
    "cosine_value": 0.1570453643798828,
    "shape": [
      1,
      512,
      64,
      64
    ],
    "method": "Both"
  },
  "decoder.up.3.block.1": {
    "l2_value": 0.0005052727647125721,
    "cosine_value": 0.16450530290603638,
    "shape": [
      1,
      512,
      64,
      64
    ],
    "method": "Both"
  },
  "decoder.up.3.block.2": {
    "l2_value": 0.00046416406985372305,
    "cosine_value": 0.167350172996521,
    "shape": [
      1,
      512,
      64,
      64
    ],
    "method": "Both"
  },
  "decoder.up.3.upsample": {
    "l2_value": 0.0008370077703148127,
    "cosine_value": 0.14788544178009033,
    "shape": [
      1,
      512,
      128,
      128
    ],
    "method": "Both"
  },
  "decoder.conv_out": {
    "l2_value": 0.00031218986259773374,
    "cosine_value": 0.11614012718200684,
    "shape": [
      1,
      3,
      512,
      512
    ],
    "method": "Both"
  }
}