{
  "decoder.conv_in": {
    "l2_value": 0.0002613918040879071,
    "cosine_value": 0.19536364078521729,
    "shape": [
      1,
      512,
      64,
      64
    ],
    "method": "Both"
  },
  "decoder.mid.block_1": {
    "l2_value": 0.0002893281343858689,
    "cosine_value": 0.13824182748794556,
    "shape": [
      1,
      512,
      64,
      64
    ],
    "method": "Both"
  },
  "decoder.mid.attn_1": {
    "l2_value": 0.0002853908226825297,
    "cosine_value": 0.12029224634170532,
    "shape": [
      1,
      512,
      64,
      64
    ],
    "method": "Both"
  },
  "decoder.mid.block_2": {
    "l2_value": 0.00029713782714679837,
    "cosine_value": 0.11888492107391357,
    "shape": [
      1,
      512,
      64,
      64
    ],
    "method": "Both"
  },
  "decoder.up.0.block.0": {
    "l2_value": 0.001333161722868681,
    "cosine_value": 0.04282146692276001,
    "shape": [
      1,
      128,
      512,
      512
    ],
    "method": "Both"
  },
  "decoder.up.0.block.1": {
    "l2_value": 0.0013956761686131358,
    "cosine_value": 0.03404998779296875,
    "shape": [
      1,
      128,
      512,
      512
    ],
    "method": "Both"
  },
  "decoder.up.0.block.2": {
    "l2_value": 0.0014842530945315957,
    "cosine_value": 0.027521252632141113,
    "shape": [
      1,
      128,
      512,
      512
    ],
    "method": "Both"
  },
  "decoder.up.1.block.0": {
    "l2_value": 0.0007750166696496308,
    "cosine_value": 0.09131574630737305,
    "shape": [
      1,
      256,
      256,
      256
    ],
    "method": "Both"
  },
  "decoder.up.1.block.1": {
    "l2_value": 0.0007765489281155169,
    "cosine_value": 0.08938473463058472,
    "shape": [
      1,
      256,
      256,
      256
    ],
    "method": "Both"
  },
  "decoder.up.1.block.2": {
    "l2_value": 0.0007095134351402521,
    "cosine_value": 0.09843039512634277,
    "shape": [
      1,
      256,
      256,
      256
    ],
    "method": "Both"
  },
  "decoder.up.1.upsample": {
    "l2_value": 0.0008054280770011246,
    "cosine_value": 0.07952213287353516,
    "shape": [
      1,
      256,
      512,
      512
    ],
    "method": "Both"
  },
  "decoder.up.2.block.0": {
    "l2_value": 0.0005693862331099808,
    "cosine_value": 0.10643678903579712,
    "shape": [
      1,
      512,
      128,
      128
    ],
    "method": "Both"
  },
  "decoder.up.2.block.1": {
    "l2_value": 0.0005905215512029827,
    "cosine_value": 0.11244958639144897,
    "shape": [
      1,
      512,
      128,
      128
    ],
    "method": "Both"
  },
  "decoder.up.2.block.2": {
    "l2_value": 0.0005342144868336618,
    "cosine_value": 0.13529974222183228,
    "shape": [
      1,
      512,
      128,
      128
    ],
    "method": "Both"
  },
  "decoder.up.2.upsample": {
    "l2_value": 0.0008601721492595971,
    "cosine_value": 0.12205713987350464,
    "shape": [
      1,
      512,
      256,
      256
    ],
    "method": "Both"
  },
  "decoder.up.3.block.0": {
    "l2_value": 0.0003305175923742354,
    "cosine_value": 0.12669909000396729,
    "shape": [
      1,
      512,
      64,
      64
    ],
    "method": "Both"
  },
  "decoder.up.3.block.1": {
    "l2_value": 0.0003441863809712231,
    "cosine_value": 0.12733697891235352,
    "shape": [
      1,
      512,
      64,
      64
    ],
    "method": "Both"
  },
  "decoder.up.3.block.2": {
    "l2_value": 0.0003238221106585115,
    "cosine_value": 0.14190155267715454,
    "shape": [
      1,
      512,
      64,
      64
    ],
    "method": "Both"
  },
  "decoder.up.3.upsample": {
    "l2_value": 0.0005749214324168861,
    "cosine_value": 0.11932969093322754,
    "shape": [
      1,
      512,
      128,
      128
    ],
    "method": "Both"
  },
  "decoder.conv_out": {
    "l2_value": 0.00031629738320286077,
    "cosine_value": 0.12227976322174072,
    "shape": [
      1,
      3,
      512,
      512
    ],
    "method": "Both"
  }
}