{
  "decoder.conv_in": {
    "l2_value": 0.00019798897847067565,
    "cosine_value": 0.13581615686416626,
    "shape": [
      1,
      512,
      64,
      64
    ],
    "method": "Both"
  },
  "decoder.mid.block_1": {
    "l2_value": 0.00021295221813488752,
    "cosine_value": 0.08373236656188965,
    "shape": [
      1,
      512,
      64,
      64
    ],
    "method": "Both"
  },
  "decoder.mid.attn_1": {
    "l2_value": 0.00021322781685739756,
    "cosine_value": 0.07302355766296387,
    "shape": [
      1,
      512,
      64,
      64
    ],
    "method": "Both"
  },
  "decoder.mid.block_2": {
    "l2_value": 0.000222350747208111,
    "cosine_value": 0.07243895530700684,
    "shape": [
      1,
      512,
      64,
      64
    ],
    "method": "Both"
  },
  "decoder.up.0.block.0": {
    "l2_value": 0.0008974921656772494,
    "cosine_value": 0.0197867751121521,
    "shape": [
      1,
      128,
      512,
      512
    ],
    "method": "Both"
  },
  "decoder.up.0.block.1": {
    "l2_value": 0.0009566484368406236,
    "cosine_value": 0.016164124011993408,
    "shape": [
      1,
      128,
      512,
      512
    ],
    "method": "Both"
  },
  "decoder.up.0.block.2": {
    "l2_value": 0.0010374445701017976,
    "cosine_value": 0.013501286506652832,
    "shape": [
      1,
      128,
      512,
      512
    ],
    "method": "Both"
  },
  "decoder.up.1.block.0": {
    "l2_value": 0.0005748418625444174,
    "cosine_value": 0.057780683040618896,
    "shape": [
      1,
      256,
      256,
      256
    ],
    "method": "Both"
  },
  "decoder.up.1.block.1": {
    "l2_value": 0.0005704808281734586,
    "cosine_value": 0.05622142553329468,
    "shape": [
      1,
      256,
      256,
      256
    ],
    "method": "Both"
  },
  "decoder.up.1.block.2": {
    "l2_value": 0.0005068206810392439,
    "cosine_value": 0.06144142150878906,
    "shape": [
      1,
      256,
      256,
      256
    ],
    "method": "Both"
  },
  "decoder.up.1.upsample": {
    "l2_value": 0.0005722742062062025,
    "cosine_value": 0.04758399724960327,
    "shape": [
      1,
      256,
      512,
      512
    ],
    "method": "Both"
  },
  "decoder.up.2.block.0": {
    "l2_value": 0.0004288491909392178,
    "cosine_value": 0.06474143266677856,
    "shape": [
      1,
      512,
      128,
      128
    ],
    "method": "Both"
  },
  "decoder.up.2.block.1": {
    "l2_value": 0.00044819703907705843,
    "cosine_value": 0.0698806643486023,
    "shape": [
      1,
      512,
      128,
      128
    ],
    "method": "Both"
  },
  "decoder.up.2.block.2": {
    "l2_value": 0.0004018213367089629,
    "cosine_value": 0.08700710535049438,
    "shape": [
      1,
      512,
      128,
      128
    ],
    "method": "Both"
  },
  "decoder.up.2.upsample": {
    "l2_value": 0.0006346359732560813,
    "cosine_value": 0.07697403430938721,
    "shape": [
      1,
      512,
      256,
      256
    ],
    "method": "Both"
  },
  "decoder.up.3.block.0": {
    "l2_value": 0.0002465535653755069,
    "cosine_value": 0.07573378086090088,
    "shape": [
      1,
      512,
      64,
      64
    ],
    "method": "Both"
  },
  "decoder.up.3.block.1": {
    "l2_value": 0.00025957083562389016,
    "cosine_value": 0.07765638828277588,
    "shape": [
      1,
      512,
      64,
      64
    ],
    "method": "Both"
  },
  "decoder.up.3.block.2": {
    "l2_value": 0.0002449450548738241,
    "cosine_value": 0.08918100595474243,
    "shape": [
      1,
      512,
      64,
      64
    ],
    "method": "Both"
  },
  "decoder.up.3.upsample": {
    "l2_value": 0.0004350200470071286,
    "cosine_value": 0.0735061764717102,
    "shape": [
      1,
      512,
      128,
      128
    ],
    "method": "Both"
  },
  "decoder.conv_out": {
    "l2_value": 0.00017450588832919797,
    "cosine_value": 0.07512325048446655,
    "shape": [
      1,
      3,
      512,
      512
    ],
    "method": "Both"
  }
}