{
  "decoder.conv_in": {
    "l2_value": 0.0003413214290048927,
    "cosine_value": 0.12323713302612305,
    "shape": [
      1,
      512,
      64,
      64
    ],
    "method": "Both"
  },
  "decoder.mid.block_1": {
    "l2_value": 0.00030967657221481204,
    "cosine_value": 0.0955612063407898,
    "shape": [
      1,
      512,
      64,
      64
    ],
    "method": "Both"
  },
  "decoder.mid.attn_1": {
    "l2_value": 0.00030970078660175204,
    "cosine_value": 0.08963704109191895,
    "shape": [
      1,
      512,
      64,
      64
    ],
    "method": "Both"
  },
  "decoder.mid.block_2": {
    "l2_value": 0.00031821351149119437,
    "cosine_value": 0.0881238579750061,
    "shape": [
      1,
      512,
      64,
      64
    ],
    "method": "Both"
  },
  "decoder.up.0.block.0": {
    "l2_value": 0.001180384075269103,
    "cosine_value": 0.017542719841003418,
    "shape": [
      1,
      128,
      512,
      512
    ],
    "method": "Both"
  },
  "decoder.up.0.block.1": {
    "l2_value": 0.0012362723937258124,
    "cosine_value": 0.015239477157592773,
    "shape": [
      1,
      128,
      512,
      512
    ],
    "method": "Both"
  },
  "decoder.up.0.block.2": {
    "l2_value": 0.0013087809784337878,
    "cosine_value": 0.013332605361938477,
    "shape": [
      1,
      128,
      512,
      512
    ],
    "method": "Both"
  },
  "decoder.up.1.block.0": {
    "l2_value": 0.0006972481496632099,
    "cosine_value": 0.06352770328521729,
    "shape": [
      1,
      256,
      256,
      256
    ],
    "method": "Both"
  },
  "decoder.up.1.block.1": {
    "l2_value": 0.0007118218345567584,
    "cosine_value": 0.06783473491668701,
    "shape": [
      1,
      256,
      256,
      256
    ],
    "method": "Both"
  },
  "decoder.up.1.block.2": {
    "l2_value": 0.0006584789953194559,
    "cosine_value": 0.07304781675338745,
    "shape": [
      1,
      256,
      256,
      256
    ],
    "method": "Both"
  },
  "decoder.up.1.upsample": {
    "l2_value": 0.0007720933645032346,
    "cosine_value": 0.0501747727394104,
    "shape": [
      1,
      256,
      512,
      512
    ],
    "method": "Both"
  },
  "decoder.up.2.block.0": {
    "l2_value": 0.000589940173085779,
    "cosine_value": 0.08129507303237915,
    "shape": [
      1,
      512,
      128,
      128
    ],
    "method": "Both"
  },
  "decoder.up.2.block.1": {
    "l2_value": 0.0006109154201112688,
    "cosine_value": 0.08279049396514893,
    "shape": [
      1,
      512,
      128,
      128
    ],
    "method": "Both"
  },
  "decoder.up.2.block.2": {
    "l2_value": 0.0005403664545156062,
    "cosine_value": 0.09403002262115479,
    "shape": [
      1,
      512,
      128,
      128
    ],
    "method": "Both"
  },
  "decoder.up.2.upsample": {
    "l2_value": 0.0008217276772484183,
    "cosine_value": 0.08064740896224976,
    "shape": [
      1,
      512,
      256,
      256
    ],
    "method": "Both"
  },
  "decoder.up.3.block.0": {
    "l2_value": 0.0003537815937306732,
    "cosine_value": 0.09412699937820435,
    "shape": [
      1,
      512,
      64,
      64
    ],
    "method": "Both"
  },
  "decoder.up.3.block.1": {
    "l2_value": 0.0003719355445355177,
    "cosine_value": 0.100810706615448,
    "shape": [
      1,
      512,
      64,
      64
    ],
    "method": "Both"
  },
  "decoder.up.3.block.2": {
    "l2_value": 0.0003391695208847523,
    "cosine_value": 0.10568708181381226,
    "shape": [
      1,
      512,
      64,
      64
    ],
    "method": "Both"
  },
  "decoder.up.3.upsample": {
    "l2_value": 0.0006056026904843748,
    "cosine_value": 0.08904886245727539,
    "shape": [
      1,
      512,
      128,
      128
    ],
    "method": "Both"
  },
  "decoder.conv_out": {
    "l2_value": 0.00017059278131152192,
    "cosine_value": 0.07145720720291138,
    "shape": [
      1,
      3,
      512,
      512
    ],
    "method": "Both"
  }
}