{
  "decoder.conv_in": {
    "l2_value": 0.00020585233869496733,
    "cosine_value": 0.038656771183013916,
    "shape": [
      1,
      512,
      64,
      64
    ],
    "method": "Both"
  },
  "decoder.mid.block_1": {
    "l2_value": 0.00018629388068802655,
    "cosine_value": 0.031007051467895508,
    "shape": [
      1,
      512,
      64,
      64
    ],
    "method": "Both"
  },
  "decoder.mid.attn_1": {
    "l2_value": 0.0001862989302026108,
    "cosine_value": 0.03017592430114746,
    "shape": [
      1,
      512,
      64,
      64
    ],
    "method": "Both"
  },
  "decoder.mid.block_2": {
    "l2_value": 0.00019444647477939725,
    "cosine_value": 0.03053039312362671,
    "shape": [
      1,
      512,
      64,
      64
    ],
    "method": "Both"
  },
  "decoder.up.0.block.0": {
    "l2_value": 0.0005608312203548849,
    "cosine_value": 0.0038767457008361816,
    "shape": [
      1,
      128,
      512,
      512
    ],
    "method": "Both"
  },
  "decoder.up.0.block.1": {
    "l2_value": 0.0005642336327582598,
    "cosine_value": 0.003137946128845215,
    "shape": [
      1,
      128,
      512,
      512
    ],
    "method": "Both"
  },
  "decoder.up.0.block.2": {
    "l2_value": 0.000571428972762078,
    "cosine_value": 0.0025188326835632324,
    "shape": [
      1,
      128,
      512,
      512
    ],
    "method": "Both"
  },
  "decoder.up.1.block.0": {
    "l2_value": 0.0004003946960438043,
    "cosine_value": 0.0177689790725708,
    "shape": [
      1,
      256,
      256,
      256
    ],
    "method": "Both"
  },
  "decoder.up.1.block.1": {
    "l2_value": 0.0004146756837144494,
    "cosine_value": 0.01933687925338745,
    "shape": [
      1,
      256,
      256,
      256
    ],
    "method": "Both"
  },
  "decoder.up.1.block.2": {
    "l2_value": 0.0003887208877131343,
    "cosine_value": 0.020523548126220703,
    "shape": [
      1,
      256,
      256,
      256
    ],
    "method": "Both"
  },
  "decoder.up.1.upsample": {
    "l2_value": 0.0004445450904313475,
    "cosine_value": 0.014095723628997803,
    "shape": [
      1,
      256,
      512,
      512
    ],
    "method": "Both"
  },
  "decoder.up.2.block.0": {
    "l2_value": 0.00035449329880066216,
    "cosine_value": 0.027593016624450684,
    "shape": [
      1,
      512,
      128,
      128
    ],
    "method": "Both"
  },
  "decoder.up.2.block.1": {
    "l2_value": 0.00036741525400429964,
    "cosine_value": 0.02768242359161377,
    "shape": [
      1,
      512,
      128,
      128
    ],
    "method": "Both"
  },
  "decoder.up.2.block.2": {
    "l2_value": 0.00032387240207754076,
    "cosine_value": 0.02908104658126831,
    "shape": [
      1,
      512,
      128,
      128
    ],
    "method": "Both"
  },
  "decoder.up.2.upsample": {
    "l2_value": 0.00048326561227440834,
    "cosine_value": 0.02351534366607666,
    "shape": [
      1,
      512,
      256,
      256
    ],
    "method": "Both"
  },
  "decoder.up.3.block.0": {
    "l2_value": 0.00021851643396075815,
    "cosine_value": 0.033655524253845215,
    "shape": [
      1,
      512,
      64,
      64
    ],
    "method": "Both"
  },
  "decoder.up.3.block.1": {
    "l2_value": 0.00023066019639372826,
    "cosine_value": 0.03619229793548584,
    "shape": [
      1,
      512,
      64,
      64
    ],
    "method": "Both"
  },
  "decoder.up.3.block.2": {
    "l2_value": 0.00020621990552172065,
    "cosine_value": 0.035678863525390625,
    "shape": [
      1,
      512,
      64,
      64
    ],
    "method": "Both"
  },
  "decoder.up.3.upsample": {
    "l2_value": 0.0003629883867688477,
    "cosine_value": 0.03027522563934326,
    "shape": [
      1,
      512,
      128,
      128
    ],
    "method": "Both"
  },
  "decoder.conv_out": {
    "l2_value": 9.98608205312242e-05,
    "cosine_value": 0.01315152645111084,
    "shape": [
      1,
      3,
      512,
      512
    ],
    "method": "Both"
  }
}