{
  "decoder.conv_in": {
    "l2_value": 0.00011446802091086283,
    "cosine_value": 0.0438348650932312,
    "shape": [
      1,
      512,
      64,
      64
    ],
    "method": "Both"
  },
  "decoder.mid.block_1": {
    "l2_value": 0.00012084166519343853,
    "cosine_value": 0.025737106800079346,
    "shape": [
      1,
      512,
      64,
      64
    ],
    "method": "Both"
  },
  "decoder.mid.attn_1": {
    "l2_value": 0.00012060369044775143,
    "cosine_value": 0.022958040237426758,
    "shape": [
      1,
      512,
      64,
      64
    ],
    "method": "Both"
  },
  "decoder.mid.block_2": {
    "l2_value": 0.00012938358122482896,
    "cosine_value": 0.023810923099517822,
    "shape": [
      1,
      512,
      64,
      64
    ],
    "method": "Both"
  },
  "decoder.up.0.block.0": {
    "l2_value": 0.00042569739161990583,
    "cosine_value": 0.004394054412841797,
    "shape": [
      1,
      128,
      512,
      512
    ],
    "method": "Both"
  },
  "decoder.up.0.block.1": {
    "l2_value": 0.0004327711067162454,
    "cosine_value": 0.0032755136489868164,
    "shape": [
      1,
      128,
      512,
      512
    ],
    "method": "Both"
  },
  "decoder.up.0.block.2": {
    "l2_value": 0.0004463985678739846,
    "cosine_value": 0.002490818500518799,
    "shape": [
      1,
      128,
      512,
      512
    ],
    "method": "Both"
  },
  "decoder.up.1.block.0": {
    "l2_value": 0.0003285566344857216,
    "cosine_value": 0.01761925220489502,
    "shape": [
      1,
      256,
      256,
      256
    ],
    "method": "Both"
  },
  "decoder.up.1.block.1": {
    "l2_value": 0.00033052312210202217,
    "cosine_value": 0.01727294921875,
    "shape": [
      1,
      256,
      256,
      256
    ],
    "method": "Both"
  },
  "decoder.up.1.block.2": {
    "l2_value": 0.00029407485271804035,
    "cosine_value": 0.0182570219039917,
    "shape": [
      1,
      256,
      256,
      256
    ],
    "method": "Both"
  },
  "decoder.up.1.upsample": {
    "l2_value": 0.00031781429424881935,
    "cosine_value": 0.013213813304901123,
    "shape": [
      1,
      256,
      512,
      512
    ],
    "method": "Both"
  },
  "decoder.up.2.block.0": {
    "l2_value": 0.0002571040531620383,
    "cosine_value": 0.02298206090927124,
    "shape": [
      1,
      512,
      128,
      128
    ],
    "method": "Both"
  },
  "decoder.up.2.block.1": {
    "l2_value": 0.00027013951330445707,
    "cosine_value": 0.024760961532592773,
    "shape": [
      1,
      512,
      128,
      128
    ],
    "method": "Both"
  },
  "decoder.up.2.block.2": {
    "l2_value": 0.00024216336896643043,
    "cosine_value": 0.029540717601776123,
    "shape": [
      1,
      512,
      128,
      128
    ],
    "method": "Both"
  },
  "decoder.up.2.upsample": {
    "l2_value": 0.000375431525753811,
    "cosine_value": 0.02504897117614746,
    "shape": [
      1,
      512,
      256,
      256
    ],
    "method": "Both"
  },
  "decoder.up.3.block.0": {
    "l2_value": 0.00014883815310895443,
    "cosine_value": 0.026777148246765137,
    "shape": [
      1,
      512,
      64,
      64
    ],
    "method": "Both"
  },
  "decoder.up.3.block.1": {
    "l2_value": 0.00015827629249542952,
    "cosine_value": 0.027992069721221924,
    "shape": [
      1,
      512,
      64,
      64
    ],
    "method": "Both"
  },
  "decoder.up.3.block.2": {
    "l2_value": 0.00014834878675173968,
    "cosine_value": 0.03146165609359741,
    "shape": [
      1,
      512,
      64,
      64
    ],
    "method": "Both"
  },
  "decoder.up.3.upsample": {
    "l2_value": 0.0002588817442301661,
    "cosine_value": 0.025848031044006348,
    "shape": [
      1,
      512,
      128,
      128
    ],
    "method": "Both"
  },
  "decoder.conv_out": {
    "l2_value": 0.00010056350341377159,
    "cosine_value": 0.013927936553955078,
    "shape": [
      1,
      3,
      512,
      512
    ],
    "method": "Both"
  }
}