{
  "decoder.conv_in": {
    "l2_value": 0.0001946547708939761,
    "cosine_value": 0.136829674243927,
    "shape": [
      1,
      512,
      64,
      64
    ],
    "method": "Both"
  },
  "decoder.mid.block_1": {
    "l2_value": 0.0002215873246314004,
    "cosine_value": 0.09593737125396729,
    "shape": [
      1,
      512,
      64,
      64
    ],
    "method": "Both"
  },
  "decoder.mid.attn_1": {
    "l2_value": 0.00022637550137005746,
    "cosine_value": 0.08389747142791748,
    "shape": [
      1,
      512,
      64,
      64
    ],
    "method": "Both"
  },
  "decoder.mid.block_2": {
    "l2_value": 0.00023661200248170644,
    "cosine_value": 0.0829477310180664,
    "shape": [
      1,
      512,
      64,
      64
    ],
    "method": "Both"
  },
  "decoder.up.0.block.0": {
    "l2_value": 0.002233016537502408,
    "cosine_value": 0.12622076272964478,
    "shape": [
      1,
      128,
      512,
      512
    ],
    "method": "Both"
  },
  "decoder.up.0.block.1": {
    "l2_value": 0.0026676482520997524,
    "cosine_value": 0.1294758915901184,
    "shape": [
      1,
      128,
      512,
      512
    ],
    "method": "Both"
  },
  "decoder.up.0.block.2": {
    "l2_value": 0.003190368413925171,
    "cosine_value": 0.13167977333068848,
    "shape": [
      1,
      128,
      512,
      512
    ],
    "method": "Both"
  },
  "decoder.up.1.block.0": {
    "l2_value": 0.0005932532949373126,
    "cosine_value": 0.060622572898864746,
    "shape": [
      1,
      256,
      256,
      256
    ],
    "method": "Both"
  },
  "decoder.up.1.block.1": {
    "l2_value": 0.0005872233887203038,
    "cosine_value": 0.058190345764160156,
    "shape": [
      1,
      256,
      256,
      256
    ],
    "method": "Both"
  },
  "decoder.up.1.block.2": {
    "l2_value": 0.000524398812558502,
    "cosine_value": 0.0640367865562439,
    "shape": [
      1,
      256,
      256,
      256
    ],
    "method": "Both"
  },
  "decoder.up.1.upsample": {
    "l2_value": 0.00069178466219455,
    "cosine_value": 0.0681949257850647,
    "shape": [
      1,
      256,
      512,
      512
    ],
    "method": "Both"
  },
  "decoder.up.2.block.0": {
    "l2_value": 0.0004432580608408898,
    "cosine_value": 0.07036060094833374,
    "shape": [
      1,
      512,
      128,
      128
    ],
    "method": "Both"
  },
  "decoder.up.2.block.1": {
    "l2_value": 0.0004609067109413445,
    "cosine_value": 0.07496792078018188,
    "shape": [
      1,
      512,
      128,
      128
    ],
    "method": "Both"
  },
  "decoder.up.2.block.2": {
    "l2_value": 0.0004092547169420868,
    "cosine_value": 0.09065783023834229,
    "shape": [
      1,
      512,
      128,
      128
    ],
    "method": "Both"
  },
  "decoder.up.2.upsample": {
    "l2_value": 0.0006528406520374119,
    "cosine_value": 0.08083170652389526,
    "shape": [
      1,
      512,
      256,
      256
    ],
    "method": "Both"
  },
  "decoder.up.3.block.0": {
    "l2_value": 0.0002591082884464413,
    "cosine_value": 0.08449041843414307,
    "shape": [
      1,
      512,
      64,
      64
    ],
    "method": "Both"
  },
  "decoder.up.3.block.1": {
    "l2_value": 0.0002687301312107593,
    "cosine_value": 0.08398234844207764,
    "shape": [
      1,
      512,
      64,
      64
    ],
    "method": "Both"
  },
  "decoder.up.3.block.2": {
    "l2_value": 0.0002516985987313092,
    "cosine_value": 0.09549093246459961,
    "shape": [
      1,
      512,
      64,
      64
    ],
    "method": "Both"
  },
  "decoder.up.3.upsample": {
    "l2_value": 0.00044839855399914086,
    "cosine_value": 0.07953453063964844,
    "shape": [
      1,
      512,
      128,
      128
    ],
    "method": "Both"
  },
  "decoder.conv_out": {
    "l2_value": 0.0001691893752043446,
    "cosine_value": 0.056005001068115234,
    "shape": [
      1,
      3,
      512,
      512
    ],
    "method": "Both"
  }
}