{
  "decoder.conv_in": {
    "l2_value": 0.00036124521284364164,
    "cosine_value": 0.13237816095352173,
    "shape": [
      1,
      512,
      64,
      64
    ],
    "method": "Both"
  },
  "decoder.mid.block_1": {
    "l2_value": 0.00036809348966926336,
    "cosine_value": 0.1338895559310913,
    "shape": [
      1,
      512,
      64,
      64
    ],
    "method": "Both"
  },
  "decoder.mid.attn_1": {
    "l2_value": 0.0003722237015608698,
    "cosine_value": 0.12885361909866333,
    "shape": [
      1,
      512,
      64,
      64
    ],
    "method": "Both"
  },
  "decoder.mid.block_2": {
    "l2_value": 0.0003770682087633759,
    "cosine_value": 0.12196552753448486,
    "shape": [
      1,
      512,
      64,
      64
    ],
    "method": "Both"
  },
  "decoder.up.0.block.0": {
    "l2_value": 0.004057786893099546,
    "cosine_value": 0.21135342121124268,
    "shape": [
      1,
      128,
      512,
      512
    ],
    "method": "Both"
  },
  "decoder.up.0.block.1": {
    "l2_value": 0.0046107093803584576,
    "cosine_value": 0.21655887365341187,
    "shape": [
      1,
      128,
      512,
      512
    ],
    "method": "Both"
  },
  "decoder.up.0.block.2": {
    "l2_value": 0.005254307761788368,
    "cosine_value": 0.2192760705947876,
    "shape": [
      1,
      128,
      512,
      512
    ],
    "method": "Both"
  },
  "decoder.up.1.block.0": {
    "l2_value": 0.0008293865830637515,
    "cosine_value": 0.08714014291763306,
    "shape": [
      1,
      256,
      256,
      256
    ],
    "method": "Both"
  },
  "decoder.up.1.block.1": {
    "l2_value": 0.0008458738448098302,
    "cosine_value": 0.0926276445388794,
    "shape": [
      1,
      256,
      256,
      256
    ],
    "method": "Both"
  },
  "decoder.up.1.block.2": {
    "l2_value": 0.0007895613671280444,
    "cosine_value": 0.1009945273399353,
    "shape": [
      1,
      256,
      256,
      256
    ],
    "method": "Both"
  },
  "decoder.up.1.upsample": {
    "l2_value": 0.001311136526055634,
    "cosine_value": 0.14083218574523926,
    "shape": [
      1,
      256,
      512,
      512
    ],
    "method": "Both"
  },
  "decoder.up.2.block.0": {
    "l2_value": 0.0006555935251526535,
    "cosine_value": 0.0987817645072937,
    "shape": [
      1,
      512,
      128,
      128
    ],
    "method": "Both"
  },
  "decoder.up.2.block.1": {
    "l2_value": 0.0006741546094417572,
    "cosine_value": 0.0990331768989563,
    "shape": [
      1,
      512,
      128,
      128
    ],
    "method": "Both"
  },
  "decoder.up.2.block.2": {
    "l2_value": 0.0005887103034183383,
    "cosine_value": 0.10843634605407715,
    "shape": [
      1,
      512,
      128,
      128
    ],
    "method": "Both"
  },
  "decoder.up.2.upsample": {
    "l2_value": 0.0009143601055257022,
    "cosine_value": 0.0966799259185791,
    "shape": [
      1,
      512,
      256,
      256
    ],
    "method": "Both"
  },
  "decoder.up.3.block.0": {
    "l2_value": 0.00040718543459661305,
    "cosine_value": 0.123321533203125,
    "shape": [
      1,
      512,
      64,
      64
    ],
    "method": "Both"
  },
  "decoder.up.3.block.1": {
    "l2_value": 0.00041389872785657644,
    "cosine_value": 0.12350785732269287,
    "shape": [
      1,
      512,
      64,
      64
    ],
    "method": "Both"
  },
  "decoder.up.3.block.2": {
    "l2_value": 0.0003708455478772521,
    "cosine_value": 0.12343615293502808,
    "shape": [
      1,
      512,
      64,
      64
    ],
    "method": "Both"
  },
  "decoder.up.3.upsample": {
    "l2_value": 0.0006670965231023729,
    "cosine_value": 0.10621750354766846,
    "shape": [
      1,
      512,
      128,
      128
    ],
    "method": "Both"
  },
  "decoder.conv_out": {
    "l2_value": 0.00016683394399782023,
    "cosine_value": 0.0520709753036499,
    "shape": [
      1,
      3,
      512,
      512
    ],
    "method": "Both"
  }
}