{
  "decoder.conv_in": {
    "l2_value": 0.0002817614877130836,
    "cosine_value": 0.24391061067581177,
    "shape": [
      1,
      512,
      64,
      64
    ],
    "method": "Both"
  },
  "decoder.mid.block_1": {
    "l2_value": 0.0003286546852905303,
    "cosine_value": 0.18433356285095215,
    "shape": [
      1,
      512,
      64,
      64
    ],
    "method": "Both"
  },
  "decoder.mid.attn_1": {
    "l2_value": 0.000325563654769212,
    "cosine_value": 0.16229498386383057,
    "shape": [
      1,
      512,
      64,
      64
    ],
    "method": "Both"
  },
  "decoder.mid.block_2": {
    "l2_value": 0.0003373636573087424,
    "cosine_value": 0.15963256359100342,
    "shape": [
      1,
      512,
      64,
      64
    ],
    "method": "Both"
  },
  "decoder.up.0.block.0": {
    "l2_value": 0.0034539983607828617,
    "cosine_value": 0.27121567726135254,
    "shape": [
      1,
      128,
      512,
      512
    ],
    "method": "Both"
  },
  "decoder.up.0.block.1": {
    "l2_value": 0.00408982252702117,
    "cosine_value": 0.27542179822921753,
    "shape": [
      1,
      128,
      512,
      512
    ],
    "method": "Both"
  },
  "decoder.up.0.block.2": {
    "l2_value": 0.0048669674433767796,
    "cosine_value": 0.2780485153198242,
    "shape": [
      1,
      128,
      512,
      512
    ],
    "method": "Both"
  },
  "decoder.up.1.block.0": {
    "l2_value": 0.000877586891874671,
    "cosine_value": 0.1283084750175476,
    "shape": [
      1,
      256,
      256,
      256
    ],
    "method": "Both"
  },
  "decoder.up.1.block.1": {
    "l2_value": 0.0008856345084495842,
    "cosine_value": 0.12726634740829468,
    "shape": [
      1,
      256,
      256,
      256
    ],
    "method": "Both"
  },
  "decoder.up.1.block.2": {
    "l2_value": 0.0008231832762248814,
    "cosine_value": 0.14709550142288208,
    "shape": [
      1,
      256,
      256,
      256
    ],
    "method": "Both"
  },
  "decoder.up.1.upsample": {
    "l2_value": 0.0010890820994973183,
    "cosine_value": 0.1561468243598938,
    "shape": [
      1,
      256,
      512,
      512
    ],
    "method": "Both"
  },
  "decoder.up.2.block.0": {
    "l2_value": 0.0006346800946630538,
    "cosine_value": 0.1396201252937317,
    "shape": [
      1,
      512,
      128,
      128
    ],
    "method": "Both"
  },
  "decoder.up.2.block.1": {
    "l2_value": 0.000660025340039283,
    "cosine_value": 0.14726239442825317,
    "shape": [
      1,
      512,
      128,
      128
    ],
    "method": "Both"
  },
  "decoder.up.2.block.2": {
    "l2_value": 0.0005983341834507883,
    "cosine_value": 0.18265008926391602,
    "shape": [
      1,
      512,
      128,
      128
    ],
    "method": "Both"
  },
  "decoder.up.2.upsample": {
    "l2_value": 0.0009607932297512889,
    "cosine_value": 0.1648637056350708,
    "shape": [
      1,
      512,
      256,
      256
    ],
    "method": "Both"
  },
  "decoder.up.3.block.0": {
    "l2_value": 0.000372189620975405,
    "cosine_value": 0.1664230227470398,
    "shape": [
      1,
      512,
      64,
      64
    ],
    "method": "Both"
  },
  "decoder.up.3.block.1": {
    "l2_value": 0.00038439847412519157,
    "cosine_value": 0.1650538444519043,
    "shape": [
      1,
      512,
      64,
      64
    ],
    "method": "Both"
  },
  "decoder.up.3.block.2": {
    "l2_value": 0.00036055309465155005,
    "cosine_value": 0.18488085269927979,
    "shape": [
      1,
      512,
      64,
      64
    ],
    "method": "Both"
  },
  "decoder.up.3.upsample": {
    "l2_value": 0.0006357308011502028,
    "cosine_value": 0.15437287092208862,
    "shape": [
      1,
      512,
      128,
      128
    ],
    "method": "Both"
  },
  "decoder.conv_out": {
    "l2_value": 0.0003487782087177038,
    "cosine_value": 0.23691421747207642,
    "shape": [
      1,
      3,
      512,
      512
    ],
    "method": "Both"
  }
}