{
  "decoder.conv_in": {
    "l2_value": 0.000666347797960043,
    "cosine_value": 0.3714771866798401,
    "shape": [
      1,
      512,
      64,
      64
    ],
    "method": "Both"
  },
  "decoder.mid.block_1": {
    "l2_value": 0.0006655115284956992,
    "cosine_value": 0.3617316484451294,
    "shape": [
      1,
      512,
      64,
      64
    ],
    "method": "Both"
  },
  "decoder.mid.attn_1": {
    "l2_value": 0.0006469665095210075,
    "cosine_value": 0.3365626931190491,
    "shape": [
      1,
      512,
      64,
      64
    ],
    "method": "Both"
  },
  "decoder.mid.block_2": {
    "l2_value": 0.0006584239308722317,
    "cosine_value": 0.3258538246154785,
    "shape": [
      1,
      512,
      64,
      64
    ],
    "method": "Both"
  },
  "decoder.up.0.block.0": {
    "l2_value": 0.005022124387323856,
    "cosine_value": 0.2912108898162842,
    "shape": [
      1,
      128,
      512,
      512
    ],
    "method": "Both"
  },
  "decoder.up.0.block.1": {
    "l2_value": 0.005578143522143364,
    "cosine_value": 0.28915756940841675,
    "shape": [
      1,
      128,
      512,
      512
    ],
    "method": "Both"
  },
  "decoder.up.0.block.2": {
    "l2_value": 0.0062280925922095776,
    "cosine_value": 0.28368330001831055,
    "shape": [
      1,
      128,
      512,
      512
    ],
    "method": "Both"
  },
  "decoder.up.1.block.0": {
    "l2_value": 0.0016037378227338195,
    "cosine_value": 0.2528923749923706,
    "shape": [
      1,
      256,
      256,
      256
    ],
    "method": "Both"
  },
  "decoder.up.1.block.1": {
    "l2_value": 0.0016257743118330836,
    "cosine_value": 0.2632068991661072,
    "shape": [
      1,
      256,
      256,
      256
    ],
    "method": "Both"
  },
  "decoder.up.1.block.2": {
    "l2_value": 0.0015514312544837594,
    "cosine_value": 0.2844661474227905,
    "shape": [
      1,
      256,
      256,
      256
    ],
    "method": "Both"
  },
  "decoder.up.1.upsample": {
    "l2_value": 0.0021272425074130297,
    "cosine_value": 0.2892228364944458,
    "shape": [
      1,
      256,
      512,
      512
    ],
    "method": "Both"
  },
  "decoder.up.2.block.0": {
    "l2_value": 0.0011858911020681262,
    "cosine_value": 0.2843843698501587,
    "shape": [
      1,
      512,
      128,
      128
    ],
    "method": "Both"
  },
  "decoder.up.2.block.1": {
    "l2_value": 0.0012105013011023402,
    "cosine_value": 0.2808690071105957,
    "shape": [
      1,
      512,
      128,
      128
    ],
    "method": "Both"
  },
  "decoder.up.2.block.2": {
    "l2_value": 0.0011042797705158591,
    "cosine_value": 0.31046462059020996,
    "shape": [
      1,
      512,
      128,
      128
    ],
    "method": "Both"
  },
  "decoder.up.2.upsample": {
    "l2_value": 0.0017752541461959481,
    "cosine_value": 0.28871411085128784,
    "shape": [
      1,
      512,
      256,
      256
    ],
    "method": "Both"
  },
  "decoder.up.3.block.0": {
    "l2_value": 0.0006994725554250181,
    "cosine_value": 0.32615983486175537,
    "shape": [
      1,
      512,
      64,
      64
    ],
    "method": "Both"
  },
  "decoder.up.3.block.1": {
    "l2_value": 0.0007162743131630123,
    "cosine_value": 0.3313435912132263,
    "shape": [
      1,
      512,
      64,
      64
    ],
    "method": "Both"
  },
  "decoder.up.3.block.2": {
    "l2_value": 0.0006621465436182916,
    "cosine_value": 0.34100860357284546,
    "shape": [
      1,
      512,
      64,
      64
    ],
    "method": "Both"
  },
  "decoder.up.3.upsample": {
    "l2_value": 0.0012032315135002136,
    "cosine_value": 0.3054206371307373,
    "shape": [
      1,
      512,
      128,
      128
    ],
    "method": "Both"
  },
  "decoder.conv_out": {
    "l2_value": 0.0004551380407065153,
    "cosine_value": 0.22763651609420776,
    "shape": [
      1,
      3,
      512,
      512
    ],
    "method": "Both"
  }
}