{
  "decoder.conv_in": {
    "l2_value": 0.00035091201425530016,
    "cosine_value": 0.3829221725463867,
    "shape": [
      1,
      512,
      64,
      64
    ],
    "method": "Both"
  },
  "decoder.mid.block_1": {
    "l2_value": 0.0004109033034183085,
    "cosine_value": 0.2831314206123352,
    "shape": [
      1,
      512,
      64,
      64
    ],
    "method": "Both"
  },
  "decoder.mid.attn_1": {
    "l2_value": 0.00039758876664564013,
    "cosine_value": 0.24223476648330688,
    "shape": [
      1,
      512,
      64,
      64
    ],
    "method": "Both"
  },
  "decoder.mid.block_2": {
    "l2_value": 0.000411716551752761,
    "cosine_value": 0.23463594913482666,
    "shape": [
      1,
      512,
      64,
      64
    ],
    "method": "Both"
  },
  "decoder.up.0.block.0": {
    "l2_value": 0.003276262665167451,
    "cosine_value": 0.25226157903671265,
    "shape": [
      1,
      128,
      512,
      512
    ],
    "method": "Both"
  },
  "decoder.up.0.block.1": {
    "l2_value": 0.0038067344576120377,
    "cosine_value": 0.2473354935646057,
    "shape": [
      1,
      128,
      512,
      512
    ],
    "method": "Both"
  },
  "decoder.up.0.block.2": {
    "l2_value": 0.004458537790924311,
    "cosine_value": 0.24297648668289185,
    "shape": [
      1,
      128,
      512,
      512
    ],
    "method": "Both"
  },
  "decoder.up.1.block.0": {
    "l2_value": 0.0010981021914631128,
    "cosine_value": 0.18491458892822266,
    "shape": [
      1,
      256,
      256,
      256
    ],
    "method": "Both"
  },
  "decoder.up.1.block.1": {
    "l2_value": 0.001107648597098887,
    "cosine_value": 0.18258047103881836,
    "shape": [
      1,
      256,
      256,
      256
    ],
    "method": "Both"
  },
  "decoder.up.1.block.2": {
    "l2_value": 0.0010350440861657262,
    "cosine_value": 0.20868903398513794,
    "shape": [
      1,
      256,
      256,
      256
    ],
    "method": "Both"
  },
  "decoder.up.1.upsample": {
    "l2_value": 0.0012759765377268195,
    "cosine_value": 0.1982177495956421,
    "shape": [
      1,
      256,
      512,
      512
    ],
    "method": "Both"
  },
  "decoder.up.2.block.0": {
    "l2_value": 0.0007816486759111285,
    "cosine_value": 0.20670020580291748,
    "shape": [
      1,
      512,
      128,
      128
    ],
    "method": "Both"
  },
  "decoder.up.2.block.1": {
    "l2_value": 0.000809118093457073,
    "cosine_value": 0.2156214714050293,
    "shape": [
      1,
      512,
      128,
      128
    ],
    "method": "Both"
  },
  "decoder.up.2.block.2": {
    "l2_value": 0.0007435486768372357,
    "cosine_value": 0.2664557695388794,
    "shape": [
      1,
      512,
      128,
      128
    ],
    "method": "Both"
  },
  "decoder.up.2.upsample": {
    "l2_value": 0.0011991875944659114,
    "cosine_value": 0.24179857969284058,
    "shape": [
      1,
      512,
      256,
      256
    ],
    "method": "Both"
  },
  "decoder.up.3.block.0": {
    "l2_value": 0.0004518807400017977,
    "cosine_value": 0.2413906455039978,
    "shape": [
      1,
      512,
      64,
      64
    ],
    "method": "Both"
  },
  "decoder.up.3.block.1": {
    "l2_value": 0.0004646801098715514,
    "cosine_value": 0.23817527294158936,
    "shape": [
      1,
      512,
      64,
      64
    ],
    "method": "Both"
  },
  "decoder.up.3.block.2": {
    "l2_value": 0.0004395092837512493,
    "cosine_value": 0.26779526472091675,
    "shape": [
      1,
      512,
      64,
      64
    ],
    "method": "Both"
  },
  "decoder.up.3.upsample": {
    "l2_value": 0.0007748426287434995,
    "cosine_value": 0.22542870044708252,
    "shape": [
      1,
      512,
      128,
      128
    ],
    "method": "Both"
  },
  "decoder.conv_out": {
    "l2_value": 0.00045932646996031207,
    "cosine_value": 0.24054712057113647,
    "shape": [
      1,
      3,
      512,
      512
    ],
    "method": "Both"
  }
}