{
  "decoder.conv_in": {
    "l2_value": 0.0002763463999144733,
    "cosine_value": 0.24341171979904175,
    "shape": [
      1,
      512,
      64,
      64
    ],
    "method": "Both"
  },
  "decoder.mid.block_1": {
    "l2_value": 0.00030155526474118233,
    "cosine_value": 0.1611793041229248,
    "shape": [
      1,
      512,
      64,
      64
    ],
    "method": "Both"
  },
  "decoder.mid.attn_1": {
    "l2_value": 0.00029961063410155475,
    "cosine_value": 0.13986694812774658,
    "shape": [
      1,
      512,
      64,
      64
    ],
    "method": "Both"
  },
  "decoder.mid.block_2": {
    "l2_value": 0.0003159152693115175,
    "cosine_value": 0.13959980010986328,
    "shape": [
      1,
      512,
      64,
      64
    ],
    "method": "Both"
  },
  "decoder.up.0.block.0": {
    "l2_value": 0.0015494623221457005,
    "cosine_value": 0.059967875480651855,
    "shape": [
      1,
      128,
      512,
      512
    ],
    "method": "Both"
  },
  "decoder.up.0.block.1": {
    "l2_value": 0.0016750639770179987,
    "cosine_value": 0.05052846670150757,
    "shape": [
      1,
      128,
      512,
      512
    ],
    "method": "Both"
  },
  "decoder.up.0.block.2": {
    "l2_value": 0.001851904671639204,
    "cosine_value": 0.04415613412857056,
    "shape": [
      1,
      128,
      512,
      512
    ],
    "method": "Both"
  },
  "decoder.up.1.block.0": {
    "l2_value": 0.0008195721893571317,
    "cosine_value": 0.10507088899612427,
    "shape": [
      1,
      256,
      256,
      256
    ],
    "method": "Both"
  },
  "decoder.up.1.block.1": {
    "l2_value": 0.0008226345526054502,
    "cosine_value": 0.10302484035491943,
    "shape": [
      1,
      256,
      256,
      256
    ],
    "method": "Both"
  },
  "decoder.up.1.block.2": {
    "l2_value": 0.0007506764377467334,
    "cosine_value": 0.11417216062545776,
    "shape": [
      1,
      256,
      256,
      256
    ],
    "method": "Both"
  },
  "decoder.up.1.upsample": {
    "l2_value": 0.0008566098404116929,
    "cosine_value": 0.09326392412185669,
    "shape": [
      1,
      256,
      512,
      512
    ],
    "method": "Both"
  },
  "decoder.up.2.block.0": {
    "l2_value": 0.0006036240374669433,
    "cosine_value": 0.12479603290557861,
    "shape": [
      1,
      512,
      128,
      128
    ],
    "method": "Both"
  },
  "decoder.up.2.block.1": {
    "l2_value": 0.0006280376692302525,
    "cosine_value": 0.13194215297698975,
    "shape": [
      1,
      512,
      128,
      128
    ],
    "method": "Both"
  },
  "decoder.up.2.block.2": {
    "l2_value": 0.0005696730222553015,
    "cosine_value": 0.16043633222579956,
    "shape": [
      1,
      512,
      128,
      128
    ],
    "method": "Both"
  },
  "decoder.up.2.upsample": {
    "l2_value": 0.0009145473595708609,
    "cosine_value": 0.1436464786529541,
    "shape": [
      1,
      512,
      256,
      256
    ],
    "method": "Both"
  },
  "decoder.up.3.block.0": {
    "l2_value": 0.0003508441732265055,
    "cosine_value": 0.1470416784286499,
    "shape": [
      1,
      512,
      64,
      64
    ],
    "method": "Both"
  },
  "decoder.up.3.block.1": {
    "l2_value": 0.00036494378582574427,
    "cosine_value": 0.1482478380203247,
    "shape": [
      1,
      512,
      64,
      64
    ],
    "method": "Both"
  },
  "decoder.up.3.block.2": {
    "l2_value": 0.0003425641916692257,
    "cosine_value": 0.16629594564437866,
    "shape": [
      1,
      512,
      64,
      64
    ],
    "method": "Both"
  },
  "decoder.up.3.upsample": {
    "l2_value": 0.0006074731354601681,
    "cosine_value": 0.13992524147033691,
    "shape": [
      1,
      512,
      128,
      128
    ],
    "method": "Both"
  },
  "decoder.conv_out": {
    "l2_value": 0.0003380576381459832,
    "cosine_value": 0.14692574739456177,
    "shape": [
      1,
      3,
      512,
      512
    ],
    "method": "Both"
  }
}