{
  "decoder.conv_in": {
    "l2_value": 0.00018450009520165622,
    "cosine_value": 0.10840368270874023,
    "shape": [
      1,
      512,
      64,
      64
    ],
    "method": "Both"
  },
  "decoder.mid.block_1": {
    "l2_value": 0.00019856370636262,
    "cosine_value": 0.06803208589553833,
    "shape": [
      1,
      512,
      64,
      64
    ],
    "method": "Both"
  },
  "decoder.mid.attn_1": {
    "l2_value": 0.00019805034389719367,
    "cosine_value": 0.06011992692947388,
    "shape": [
      1,
      512,
      64,
      64
    ],
    "method": "Both"
  },
  "decoder.mid.block_2": {
    "l2_value": 0.00021076387201901525,
    "cosine_value": 0.061407625675201416,
    "shape": [
      1,
      512,
      64,
      64
    ],
    "method": "Both"
  },
  "decoder.up.0.block.0": {
    "l2_value": 0.0008135898387990892,
    "cosine_value": 0.015821516513824463,
    "shape": [
      1,
      128,
      512,
      512
    ],
    "method": "Both"
  },
  "decoder.up.0.block.1": {
    "l2_value": 0.0008525032899342477,
    "cosine_value": 0.012605249881744385,
    "shape": [
      1,
      128,
      512,
      512
    ],
    "method": "Both"
  },
  "decoder.up.0.block.2": {
    "l2_value": 0.000911644718144089,
    "cosine_value": 0.010316431522369385,
    "shape": [
      1,
      128,
      512,
      512
    ],
    "method": "Both"
  },
  "decoder.up.1.block.0": {
    "l2_value": 0.0005346410325728357,
    "cosine_value": 0.043632447719573975,
    "shape": [
      1,
      256,
      256,
      256
    ],
    "method": "Both"
  },
  "decoder.up.1.block.1": {
    "l2_value": 0.0005338640767149627,
    "cosine_value": 0.04230755567550659,
    "shape": [
      1,
      256,
      256,
      256
    ],
    "method": "Both"
  },
  "decoder.up.1.block.2": {
    "l2_value": 0.0004782969190273434,
    "cosine_value": 0.04488873481750488,
    "shape": [
      1,
      256,
      256,
      256
    ],
    "method": "Both"
  },
  "decoder.up.1.upsample": {
    "l2_value": 0.0005240906029939651,
    "cosine_value": 0.03366035223007202,
    "shape": [
      1,
      256,
      512,
      512
    ],
    "method": "Both"
  },
  "decoder.up.2.block.0": {
    "l2_value": 0.00040984657243825495,
    "cosine_value": 0.056845664978027344,
    "shape": [
      1,
      512,
      128,
      128
    ],
    "method": "Both"
  },
  "decoder.up.2.block.1": {
    "l2_value": 0.000425043428549543,
    "cosine_value": 0.059778809547424316,
    "shape": [
      1,
      512,
      128,
      128
    ],
    "method": "Both"
  },
  "decoder.up.2.block.2": {
    "l2_value": 0.0003796379896812141,
    "cosine_value": 0.06991398334503174,
    "shape": [
      1,
      512,
      128,
      128
    ],
    "method": "Both"
  },
  "decoder.up.2.upsample": {
    "l2_value": 0.0006021825247444212,
    "cosine_value": 0.06101423501968384,
    "shape": [
      1,
      512,
      256,
      256
    ],
    "method": "Both"
  },
  "decoder.up.3.block.0": {
    "l2_value": 0.0002372926101088524,
    "cosine_value": 0.06681597232818604,
    "shape": [
      1,
      512,
      64,
      64
    ],
    "method": "Both"
  },
  "decoder.up.3.block.1": {
    "l2_value": 0.0002479487447999418,
    "cosine_value": 0.06785756349563599,
    "shape": [
      1,
      512,
      64,
      64
    ],
    "method": "Both"
  },
  "decoder.up.3.block.2": {
    "l2_value": 0.000232103411690332,
    "cosine_value": 0.07509022951126099,
    "shape": [
      1,
      512,
      64,
      64
    ],
    "method": "Both"
  },
  "decoder.up.3.upsample": {
    "l2_value": 0.00041448522824794054,
    "cosine_value": 0.06432390213012695,
    "shape": [
      1,
      512,
      128,
      128
    ],
    "method": "Both"
  },
  "decoder.conv_out": {
    "l2_value": 0.0001907085534185171,
    "cosine_value": 0.04428368806838989,
    "shape": [
      1,
      3,
      512,
      512
    ],
    "method": "Both"
  }
}