{
  "decoder.conv_in": {
    "l2_value": 0.00025953486328944564,
    "cosine_value": 0.06328654289245605,
    "shape": [
      1,
      512,
      64,
      64
    ],
    "method": "Both"
  },
  "decoder.mid.block_1": {
    "l2_value": 0.0002354364696657285,
    "cosine_value": 0.05099081993103027,
    "shape": [
      1,
      512,
      64,
      64
    ],
    "method": "Both"
  },
  "decoder.mid.attn_1": {
    "l2_value": 0.00023469481675419956,
    "cosine_value": 0.04898625612258911,
    "shape": [
      1,
      512,
      64,
      64
    ],
    "method": "Both"
  },
  "decoder.mid.block_2": {
    "l2_value": 0.00024534211843274534,
    "cosine_value": 0.049634456634521484,
    "shape": [
      1,
      512,
      64,
      64
    ],
    "method": "Both"
  },
  "decoder.up.0.block.0": {
    "l2_value": 0.0007081697112880647,
    "cosine_value": 0.006490349769592285,
    "shape": [
      1,
      128,
      512,
      512
    ],
    "method": "Both"
  },
  "decoder.up.0.block.1": {
    "l2_value": 0.0007110187434591353,
    "cosine_value": 0.005141198635101318,
    "shape": [
      1,
      128,
      512,
      512
    ],
    "method": "Both"
  },
  "decoder.up.0.block.2": {
    "l2_value": 0.0007224346627481282,
    "cosine_value": 0.004116654396057129,
    "shape": [
      1,
      128,
      512,
      512
    ],
    "method": "Both"
  },
  "decoder.up.1.block.0": {
    "l2_value": 0.0005102665745653212,
    "cosine_value": 0.030492544174194336,
    "shape": [
      1,
      256,
      256,
      256
    ],
    "method": "Both"
  },
  "decoder.up.1.block.1": {
    "l2_value": 0.0005232866387814283,
    "cosine_value": 0.03271162509918213,
    "shape": [
      1,
      256,
      256,
      256
    ],
    "method": "Both"
  },
  "decoder.up.1.block.2": {
    "l2_value": 0.0004834904393646866,
    "cosine_value": 0.03448969125747681,
    "shape": [
      1,
      256,
      256,
      256
    ],
    "method": "Both"
  },
  "decoder.up.1.upsample": {
    "l2_value": 0.0005486513255164027,
    "cosine_value": 0.023438215255737305,
    "shape": [
      1,
      256,
      512,
      512
    ],
    "method": "Both"
  },
  "decoder.up.2.block.0": {
    "l2_value": 0.00045209232484921813,
    "cosine_value": 0.04489058256149292,
    "shape": [
      1,
      512,
      128,
      128
    ],
    "method": "Both"
  },
  "decoder.up.2.block.1": {
    "l2_value": 0.0004640099941752851,
    "cosine_value": 0.044944584369659424,
    "shape": [
      1,
      512,
      128,
      128
    ],
    "method": "Both"
  },
  "decoder.up.2.block.2": {
    "l2_value": 0.0004045558162033558,
    "cosine_value": 0.04783785343170166,
    "shape": [
      1,
      512,
      128,
      128
    ],
    "method": "Both"
  },
  "decoder.up.2.upsample": {
    "l2_value": 0.0006124231149442494,
    "cosine_value": 0.04018282890319824,
    "shape": [
      1,
      512,
      256,
      256
    ],
    "method": "Both"
  },
  "decoder.up.3.block.0": {
    "l2_value": 0.00027334076003171504,
    "cosine_value": 0.05339282751083374,
    "shape": [
      1,
      512,
      64,
      64
    ],
    "method": "Both"
  },
  "decoder.up.3.block.1": {
    "l2_value": 0.0002863171393983066,
    "cosine_value": 0.05662435293197632,
    "shape": [
      1,
      512,
      64,
      64
    ],
    "method": "Both"
  },
  "decoder.up.3.block.2": {
    "l2_value": 0.0002600498264655471,
    "cosine_value": 0.0576092004776001,
    "shape": [
      1,
      512,
      64,
      64
    ],
    "method": "Both"
  },
  "decoder.up.3.upsample": {
    "l2_value": 0.0004702190635725856,
    "cosine_value": 0.050370216369628906,
    "shape": [
      1,
      512,
      128,
      128
    ],
    "method": "Both"
  },
  "decoder.conv_out": {
    "l2_value": 0.00013107771519571543,
    "cosine_value": 0.02991586923599243,
    "shape": [
      1,
      3,
      512,
      512
    ],
    "method": "Both"
  }
}