{
  "decoder.conv_in": {
    "l2_value": 0.0001501373335486278,
    "cosine_value": 0.07420843839645386,
    "shape": [
      1,
      512,
      64,
      64
    ],
    "method": "Both"
  },
  "decoder.mid.block_1": {
    "l2_value": 0.00015906098997220397,
    "cosine_value": 0.04566991329193115,
    "shape": [
      1,
      512,
      64,
      64
    ],
    "method": "Both"
  },
  "decoder.mid.attn_1": {
    "l2_value": 0.00015929457731544971,
    "cosine_value": 0.04027271270751953,
    "shape": [
      1,
      512,
      64,
      64
    ],
    "method": "Both"
  },
  "decoder.mid.block_2": {
    "l2_value": 0.00016845644859131426,
    "cosine_value": 0.04091191291809082,
    "shape": [
      1,
      512,
      64,
      64
    ],
    "method": "Both"
  },
  "decoder.up.0.block.0": {
    "l2_value": 0.0005441050161607563,
    "cosine_value": 0.007458925247192383,
    "shape": [
      1,
      128,
      512,
      512
    ],
    "method": "Both"
  },
  "decoder.up.0.block.1": {
    "l2_value": 0.0005501664709299803,
    "cosine_value": 0.005458056926727295,
    "shape": [
      1,
      128,
      512,
      512
    ],
    "method": "Both"
  },
  "decoder.up.0.block.2": {
    "l2_value": 0.0005676750442944467,
    "cosine_value": 0.004116952419281006,
    "shape": [
      1,
      128,
      512,
      512
    ],
    "method": "Both"
  },
  "decoder.up.1.block.0": {
    "l2_value": 0.00043139897752553225,
    "cosine_value": 0.030924677848815918,
    "shape": [
      1,
      256,
      256,
      256
    ],
    "method": "Both"
  },
  "decoder.up.1.block.1": {
    "l2_value": 0.0004300022264942527,
    "cosine_value": 0.030073463916778564,
    "shape": [
      1,
      256,
      256,
      256
    ],
    "method": "Both"
  },
  "decoder.up.1.block.2": {
    "l2_value": 0.00037857447750866413,
    "cosine_value": 0.03170043230056763,
    "shape": [
      1,
      256,
      256,
      256
    ],
    "method": "Both"
  },
  "decoder.up.1.upsample": {
    "l2_value": 0.0004062793159391731,
    "cosine_value": 0.02266526222229004,
    "shape": [
      1,
      256,
      512,
      512
    ],
    "method": "Both"
  },
  "decoder.up.2.block.0": {
    "l2_value": 0.00033274717861786485,
    "cosine_value": 0.03849780559539795,
    "shape": [
      1,
      512,
      128,
      128
    ],
    "method": "Both"
  },
  "decoder.up.2.block.1": {
    "l2_value": 0.00034661346580833197,
    "cosine_value": 0.04114574193954468,
    "shape": [
      1,
      512,
      128,
      128
    ],
    "method": "Both"
  },
  "decoder.up.2.block.2": {
    "l2_value": 0.0003076246939599514,
    "cosine_value": 0.048970162868499756,
    "shape": [
      1,
      512,
      128,
      128
    ],
    "method": "Both"
  },
  "decoder.up.2.upsample": {
    "l2_value": 0.0004860683693550527,
    "cosine_value": 0.04299575090408325,
    "shape": [
      1,
      512,
      256,
      256
    ],
    "method": "Both"
  },
  "decoder.up.3.block.0": {
    "l2_value": 0.00019208210869692266,
    "cosine_value": 0.045111894607543945,
    "shape": [
      1,
      512,
      64,
      64
    ],
    "method": "Both"
  },
  "decoder.up.3.block.1": {
    "l2_value": 0.00020199696882627904,
    "cosine_value": 0.04605501890182495,
    "shape": [
      1,
      512,
      64,
      64
    ],
    "method": "Both"
  },
  "decoder.up.3.block.2": {
    "l2_value": 0.00018923101015388966,
    "cosine_value": 0.05203890800476074,
    "shape": [
      1,
      512,
      64,
      64
    ],
    "method": "Both"
  },
  "decoder.up.3.upsample": {
    "l2_value": 0.00033866919693537056,
    "cosine_value": 0.04402351379394531,
    "shape": [
      1,
      512,
      128,
      128
    ],
    "method": "Both"
  },
  "decoder.conv_out": {
    "l2_value": 0.00013449700782075524,
    "cosine_value": 0.03252977132797241,
    "shape": [
      1,
      3,
      512,
      512
    ],
    "method": "Both"
  }
}