{
  "decoder.conv_in": {
    "l2_value": 0.00010640241816872731,
    "cosine_value": 0.03547549247741699,
    "shape": [
      1,
      512,
      64,
      64
    ],
    "method": "Both"
  },
  "decoder.mid.block_1": {
    "l2_value": 0.00011667604849208146,
    "cosine_value": 0.021598219871520996,
    "shape": [
      1,
      512,
      64,
      64
    ],
    "method": "Both"
  },
  "decoder.mid.attn_1": {
    "l2_value": 0.00011620891018537804,
    "cosine_value": 0.0200842022895813,
    "shape": [
      1,
      512,
      64,
      64
    ],
    "method": "Both"
  },
  "decoder.mid.block_2": {
    "l2_value": 0.00012572079140227288,
    "cosine_value": 0.02123183012008667,
    "shape": [
      1,
      512,
      64,
      64
    ],
    "method": "Both"
  },
  "decoder.up.0.block.0": {
    "l2_value": 0.0004444435762707144,
    "cosine_value": 0.004723072052001953,
    "shape": [
      1,
      128,
      512,
      512
    ],
    "method": "Both"
  },
  "decoder.up.0.block.1": {
    "l2_value": 0.0004539130604825914,
    "cosine_value": 0.0035688281059265137,
    "shape": [
      1,
      128,
      512,
      512
    ],
    "method": "Both"
  },
  "decoder.up.0.block.2": {
    "l2_value": 0.0004738396673928946,
    "cosine_value": 0.0027979612350463867,
    "shape": [
      1,
      128,
      512,
      512
    ],
    "method": "Both"
  },
  "decoder.up.1.block.0": {
    "l2_value": 0.000320919556543231,
    "cosine_value": 0.0151594877243042,
    "shape": [
      1,
      256,
      256,
      256
    ],
    "method": "Both"
  },
  "decoder.up.1.block.1": {
    "l2_value": 0.0003254454641137272,
    "cosine_value": 0.015100061893463135,
    "shape": [
      1,
      256,
      256,
      256
    ],
    "method": "Both"
  },
  "decoder.up.1.block.2": {
    "l2_value": 0.0002922905550803989,
    "cosine_value": 0.01587820053100586,
    "shape": [
      1,
      256,
      256,
      256
    ],
    "method": "Both"
  },
  "decoder.up.1.upsample": {
    "l2_value": 0.0003137235180474818,
    "cosine_value": 0.011516451835632324,
    "shape": [
      1,
      256,
      512,
      512
    ],
    "method": "Both"
  },
  "decoder.up.2.block.0": {
    "l2_value": 0.00025123669183813035,
    "cosine_value": 0.02076345682144165,
    "shape": [
      1,
      512,
      128,
      128
    ],
    "method": "Both"
  },
  "decoder.up.2.block.1": {
    "l2_value": 0.00026349598192609847,
    "cosine_value": 0.022220492362976074,
    "shape": [
      1,
      512,
      128,
      128
    ],
    "method": "Both"
  },
  "decoder.up.2.block.2": {
    "l2_value": 0.00023702540784142911,
    "cosine_value": 0.02590155601501465,
    "shape": [
      1,
      512,
      128,
      128
    ],
    "method": "Both"
  },
  "decoder.up.2.upsample": {
    "l2_value": 0.0003682451497297734,
    "cosine_value": 0.021874964237213135,
    "shape": [
      1,
      512,
      256,
      256
    ],
    "method": "Both"
  },
  "decoder.up.3.block.0": {
    "l2_value": 0.00014628264761995524,
    "cosine_value": 0.024621427059173584,
    "shape": [
      1,
      512,
      64,
      64
    ],
    "method": "Both"
  },
  "decoder.up.3.block.1": {
    "l2_value": 0.00015474589599762112,
    "cosine_value": 0.02566242218017578,
    "shape": [
      1,
      512,
      64,
      64
    ],
    "method": "Both"
  },
  "decoder.up.3.block.2": {
    "l2_value": 0.00014458094665315002,
    "cosine_value": 0.027992844581604004,
    "shape": [
      1,
      512,
      64,
      64
    ],
    "method": "Both"
  },
  "decoder.up.3.upsample": {
    "l2_value": 0.00025148960412479937,
    "cosine_value": 0.023193299770355225,
    "shape": [
      1,
      512,
      128,
      128
    ],
    "method": "Both"
  },
  "decoder.conv_out": {
    "l2_value": 0.00011030433233827353,
    "cosine_value": 0.013013482093811035,
    "shape": [
      1,
      3,
      512,
      512
    ],
    "method": "Both"
  }
}