{
  "decoder.conv_in": {
    "l2_value": 0.0001901143987197429,
    "cosine_value": 0.027589917182922363,
    "shape": [
      1,
      512,
      64,
      64
    ],
    "method": "Both"
  },
  "decoder.mid.block_1": {
    "l2_value": 0.0001769673399394378,
    "cosine_value": 0.023630917072296143,
    "shape": [
      1,
      512,
      64,
      64
    ],
    "method": "Both"
  },
  "decoder.mid.attn_1": {
    "l2_value": 0.00017621833831071854,
    "cosine_value": 0.023418962955474854,
    "shape": [
      1,
      512,
      64,
      64
    ],
    "method": "Both"
  },
  "decoder.mid.block_2": {
    "l2_value": 0.0001848133688326925,
    "cosine_value": 0.024103283882141113,
    "shape": [
      1,
      512,
      64,
      64
    ],
    "method": "Both"
  },
  "decoder.up.0.block.0": {
    "l2_value": 0.0005906067090108991,
    "cosine_value": 0.0040490031242370605,
    "shape": [
      1,
      128,
      512,
      512
    ],
    "method": "Both"
  },
  "decoder.up.0.block.1": {
    "l2_value": 0.0005946410819888115,
    "cosine_value": 0.00330507755279541,
    "shape": [
      1,
      128,
      512,
      512
    ],
    "method": "Both"
  },
  "decoder.up.0.block.2": {
    "l2_value": 0.0006062502507120371,
    "cosine_value": 0.002709805965423584,
    "shape": [
      1,
      128,
      512,
      512
    ],
    "method": "Both"
  },
  "decoder.up.1.block.0": {
    "l2_value": 0.000388512562494725,
    "cosine_value": 0.013535618782043457,
    "shape": [
      1,
      256,
      256,
      256
    ],
    "method": "Both"
  },
  "decoder.up.1.block.1": {
    "l2_value": 0.00040206240373663604,
    "cosine_value": 0.014626383781433105,
    "shape": [
      1,
      256,
      256,
      256
    ],
    "method": "Both"
  },
  "decoder.up.1.block.2": {
    "l2_value": 0.00037847881321795285,
    "cosine_value": 0.015250802040100098,
    "shape": [
      1,
      256,
      256,
      256
    ],
    "method": "Both"
  },
  "decoder.up.1.upsample": {
    "l2_value": 0.0004348178335931152,
    "cosine_value": 0.011170566082000732,
    "shape": [
      1,
      256,
      512,
      512
    ],
    "method": "Both"
  },
  "decoder.up.2.block.0": {
    "l2_value": 0.00034058679011650383,
    "cosine_value": 0.02196681499481201,
    "shape": [
      1,
      512,
      128,
      128
    ],
    "method": "Both"
  },
  "decoder.up.2.block.1": {
    "l2_value": 0.00035097147338092327,
    "cosine_value": 0.022124886512756348,
    "shape": [
      1,
      512,
      128,
      128
    ],
    "method": "Both"
  },
  "decoder.up.2.block.2": {
    "l2_value": 0.00031133159063756466,
    "cosine_value": 0.022592008113861084,
    "shape": [
      1,
      512,
      128,
      128
    ],
    "method": "Both"
  },
  "decoder.up.2.upsample": {
    "l2_value": 0.0004686223401222378,
    "cosine_value": 0.018268942832946777,
    "shape": [
      1,
      512,
      256,
      256
    ],
    "method": "Both"
  },
  "decoder.up.3.block.0": {
    "l2_value": 0.00020671408856287599,
    "cosine_value": 0.02687019109725952,
    "shape": [
      1,
      512,
      64,
      64
    ],
    "method": "Both"
  },
  "decoder.up.3.block.1": {
    "l2_value": 0.00021785707212984562,
    "cosine_value": 0.028860151767730713,
    "shape": [
      1,
      512,
      64,
      64
    ],
    "method": "Both"
  },
  "decoder.up.3.block.2": {
    "l2_value": 0.00019596435595303774,
    "cosine_value": 0.027764439582824707,
    "shape": [
      1,
      512,
      64,
      64
    ],
    "method": "Both"
  },
  "decoder.up.3.upsample": {
    "l2_value": 0.0003467824717517942,
    "cosine_value": 0.023722708225250244,
    "shape": [
      1,
      512,
      128,
      128
    ],
    "method": "Both"
  },
  "decoder.conv_out": {
    "l2_value": 0.00010832842478218178,
    "cosine_value": 0.012125015258789062,
    "shape": [
      1,
      3,
      512,
      512
    ],
    "method": "Both"
  }
}