{
  "decoder.conv_in": {
    "l2_value": 0.0005411036545410752,
    "cosine_value": 0.28127461671829224,
    "shape": [
      1,
      512,
      64,
      64
    ],
    "method": "Both"
  },
  "decoder.mid.block_1": {
    "l2_value": 0.0004999427474103868,
    "cosine_value": 0.22857969999313354,
    "shape": [
      1,
      512,
      64,
      64
    ],
    "method": "Both"
  },
  "decoder.mid.attn_1": {
    "l2_value": 0.0004984460538253188,
    "cosine_value": 0.21422725915908813,
    "shape": [
      1,
      512,
      64,
      64
    ],
    "method": "Both"
  },
  "decoder.mid.block_2": {
    "l2_value": 0.0005181218148209155,
    "cosine_value": 0.2148076891899109,
    "shape": [
      1,
      512,
      64,
      64
    ],
    "method": "Both"
  },
  "decoder.up.0.block.0": {
    "l2_value": 0.0019103798549622297,
    "cosine_value": 0.0458410382270813,
    "shape": [
      1,
      128,
      512,
      512
    ],
    "method": "Both"
  },
  "decoder.up.0.block.1": {
    "l2_value": 0.0020084127318114042,
    "cosine_value": 0.040326833724975586,
    "shape": [
      1,
      128,
      512,
      512
    ],
    "method": "Both"
  },
  "decoder.up.0.block.2": {
    "l2_value": 0.002134031383320689,
    "cosine_value": 0.03560417890548706,
    "shape": [
      1,
      128,
      512,
      512
    ],
    "method": "Both"
  },
  "decoder.up.1.block.0": {
    "l2_value": 0.0011000223457813263,
    "cosine_value": 0.1413729190826416,
    "shape": [
      1,
      256,
      256,
      256
    ],
    "method": "Both"
  },
  "decoder.up.1.block.1": {
    "l2_value": 0.001130440505221486,
    "cosine_value": 0.15401339530944824,
    "shape": [
      1,
      256,
      256,
      256
    ],
    "method": "Both"
  },
  "decoder.up.1.block.2": {
    "l2_value": 0.0010506361722946167,
    "cosine_value": 0.1654912829399109,
    "shape": [
      1,
      256,
      256,
      256
    ],
    "method": "Both"
  },
  "decoder.up.1.upsample": {
    "l2_value": 0.0012359283864498138,
    "cosine_value": 0.12035024166107178,
    "shape": [
      1,
      256,
      512,
      512
    ],
    "method": "Both"
  },
  "decoder.up.2.block.0": {
    "l2_value": 0.0009387667523697019,
    "cosine_value": 0.18776839971542358,
    "shape": [
      1,
      512,
      128,
      128
    ],
    "method": "Both"
  },
  "decoder.up.2.block.1": {
    "l2_value": 0.000973972026258707,
    "cosine_value": 0.19248813390731812,
    "shape": [
      1,
      512,
      128,
      128
    ],
    "method": "Both"
  },
  "decoder.up.2.block.2": {
    "l2_value": 0.0008633771212771535,
    "cosine_value": 0.21576166152954102,
    "shape": [
      1,
      512,
      128,
      128
    ],
    "method": "Both"
  },
  "decoder.up.2.upsample": {
    "l2_value": 0.0013068087864667177,
    "cosine_value": 0.1812083125114441,
    "shape": [
      1,
      512,
      256,
      256
    ],
    "method": "Both"
  },
  "decoder.up.3.block.0": {
    "l2_value": 0.0005733563448302448,
    "cosine_value": 0.2288340926170349,
    "shape": [
      1,
      512,
      64,
      64
    ],
    "method": "Both"
  },
  "decoder.up.3.block.1": {
    "l2_value": 0.000605196226388216,
    "cosine_value": 0.24498844146728516,
    "shape": [
      1,
      512,
      64,
      64
    ],
    "method": "Both"
  },
  "decoder.up.3.block.2": {
    "l2_value": 0.0005466854781843722,
    "cosine_value": 0.24718058109283447,
    "shape": [
      1,
      512,
      64,
      64
    ],
    "method": "Both"
  },
  "decoder.up.3.upsample": {
    "l2_value": 0.0009647737606428564,
    "cosine_value": 0.20463919639587402,
    "shape": [
      1,
      512,
      128,
      128
    ],
    "method": "Both"
  },
  "decoder.conv_out": {
    "l2_value": 0.0002835504128597677,
    "cosine_value": 0.15062940120697021,
    "shape": [
      1,
      3,
      512,
      512
    ],
    "method": "Both"
  }
}