{
  "decoder.conv_in": {
    "l2_value": 0.000301940570352599,
    "cosine_value": 0.25258439779281616,
    "shape": [
      1,
      512,
      64,
      64
    ],
    "method": "Both"
  },
  "decoder.mid.block_1": {
    "l2_value": 0.0003346976591274142,
    "cosine_value": 0.18839377164840698,
    "shape": [
      1,
      512,
      64,
      64
    ],
    "method": "Both"
  },
  "decoder.mid.attn_1": {
    "l2_value": 0.0003355737717356533,
    "cosine_value": 0.16769880056381226,
    "shape": [
      1,
      512,
      64,
      64
    ],
    "method": "Both"
  },
  "decoder.mid.block_2": {
    "l2_value": 0.0003521755861584097,
    "cosine_value": 0.16862082481384277,
    "shape": [
      1,
      512,
      64,
      64
    ],
    "method": "Both"
  },
  "decoder.up.0.block.0": {
    "l2_value": 0.0016949923010542989,
    "cosine_value": 0.06850123405456543,
    "shape": [
      1,
      128,
      512,
      512
    ],
    "method": "Both"
  },
  "decoder.up.0.block.1": {
    "l2_value": 0.001894310349598527,
    "cosine_value": 0.0618327260017395,
    "shape": [
      1,
      128,
      512,
      512
    ],
    "method": "Both"
  },
  "decoder.up.0.block.2": {
    "l2_value": 0.002152435714378953,
    "cosine_value": 0.05673259496688843,
    "shape": [
      1,
      128,
      512,
      512
    ],
    "method": "Both"
  },
  "decoder.up.1.block.0": {
    "l2_value": 0.0009094718843698502,
    "cosine_value": 0.1343616247177124,
    "shape": [
      1,
      256,
      256,
      256
    ],
    "method": "Both"
  },
  "decoder.up.1.block.1": {
    "l2_value": 0.0009150615660473704,
    "cosine_value": 0.13524436950683594,
    "shape": [
      1,
      256,
      256,
      256
    ],
    "method": "Both"
  },
  "decoder.up.1.block.2": {
    "l2_value": 0.000818673986941576,
    "cosine_value": 0.1465892195701599,
    "shape": [
      1,
      256,
      256,
      256
    ],
    "method": "Both"
  },
  "decoder.up.1.upsample": {
    "l2_value": 0.0009198390762321651,
    "cosine_value": 0.11348366737365723,
    "shape": [
      1,
      256,
      512,
      512
    ],
    "method": "Both"
  },
  "decoder.up.2.block.0": {
    "l2_value": 0.0006831393111497164,
    "cosine_value": 0.1540670394897461,
    "shape": [
      1,
      512,
      128,
      128
    ],
    "method": "Both"
  },
  "decoder.up.2.block.1": {
    "l2_value": 0.0007186925504356623,
    "cosine_value": 0.16854161024093628,
    "shape": [
      1,
      512,
      128,
      128
    ],
    "method": "Both"
  },
  "decoder.up.2.block.2": {
    "l2_value": 0.000648719840683043,
    "cosine_value": 0.20756369829177856,
    "shape": [
      1,
      512,
      128,
      128
    ],
    "method": "Both"
  },
  "decoder.up.2.upsample": {
    "l2_value": 0.0010093982564285398,
    "cosine_value": 0.17635369300842285,
    "shape": [
      1,
      512,
      256,
      256
    ],
    "method": "Both"
  },
  "decoder.up.3.block.0": {
    "l2_value": 0.0003992285346612334,
    "cosine_value": 0.18503469228744507,
    "shape": [
      1,
      512,
      64,
      64
    ],
    "method": "Both"
  },
  "decoder.up.3.block.1": {
    "l2_value": 0.0004218432877678424,
    "cosine_value": 0.19249409437179565,
    "shape": [
      1,
      512,
      64,
      64
    ],
    "method": "Both"
  },
  "decoder.up.3.block.2": {
    "l2_value": 0.0003950285608880222,
    "cosine_value": 0.21356791257858276,
    "shape": [
      1,
      512,
      64,
      64
    ],
    "method": "Both"
  },
  "decoder.up.3.upsample": {
    "l2_value": 0.0006838373374193907,
    "cosine_value": 0.1694732904434204,
    "shape": [
      1,
      512,
      128,
      128
    ],
    "method": "Both"
  },
  "decoder.conv_out": {
    "l2_value": 0.00028692855266854167,
    "cosine_value": 0.15640735626220703,
    "shape": [
      1,
      3,
      512,
      512
    ],
    "method": "Both"
  }
}