{
  "decoder.conv_in": {
    "l2_value": 0.00021547764481510967,
    "cosine_value": 0.11916804313659668,
    "shape": [
      1,
      512,
      64,
      64
    ],
    "method": "Both"
  },
  "decoder.mid.block_1": {
    "l2_value": 0.00023337002494372427,
    "cosine_value": 0.07734161615371704,
    "shape": [
      1,
      512,
      64,
      64
    ],
    "method": "Both"
  },
  "decoder.mid.attn_1": {
    "l2_value": 0.00023106062144506723,
    "cosine_value": 0.07210218906402588,
    "shape": [
      1,
      512,
      64,
      64
    ],
    "method": "Both"
  },
  "decoder.mid.block_2": {
    "l2_value": 0.0002504464937373996,
    "cosine_value": 0.07686209678649902,
    "shape": [
      1,
      512,
      64,
      64
    ],
    "method": "Both"
  },
  "decoder.up.0.block.0": {
    "l2_value": 0.0038075477350503206,
    "cosine_value": 0.3443070650100708,
    "shape": [
      1,
      128,
      512,
      512
    ],
    "method": "Both"
  },
  "decoder.up.0.block.1": {
    "l2_value": 0.004784277640283108,
    "cosine_value": 0.3992486596107483,
    "shape": [
      1,
      128,
      512,
      512
    ],
    "method": "Both"
  },
  "decoder.up.0.block.2": {
    "l2_value": 0.005889357533305883,
    "cosine_value": 0.44127464294433594,
    "shape": [
      1,
      128,
      512,
      512
    ],
    "method": "Both"
  },
  "decoder.up.1.block.0": {
    "l2_value": 0.0006428565829992294,
    "cosine_value": 0.05436527729034424,
    "shape": [
      1,
      256,
      256,
      256
    ],
    "method": "Both"
  },
  "decoder.up.1.block.1": {
    "l2_value": 0.0006462631281465292,
    "cosine_value": 0.053707003593444824,
    "shape": [
      1,
      256,
      256,
      256
    ],
    "method": "Both"
  },
  "decoder.up.1.block.2": {
    "l2_value": 0.0006051018135622144,
    "cosine_value": 0.06015002727508545,
    "shape": [
      1,
      256,
      256,
      256
    ],
    "method": "Both"
  },
  "decoder.up.1.upsample": {
    "l2_value": 0.0008663026965223253,
    "cosine_value": 0.07874375581741333,
    "shape": [
      1,
      256,
      512,
      512
    ],
    "method": "Both"
  },
  "decoder.up.2.block.0": {
    "l2_value": 0.0004787127545569092,
    "cosine_value": 0.06901168823242188,
    "shape": [
      1,
      512,
      128,
      128
    ],
    "method": "Both"
  },
  "decoder.up.2.block.1": {
    "l2_value": 0.0004979198565706611,
    "cosine_value": 0.0725594162940979,
    "shape": [
      1,
      512,
      128,
      128
    ],
    "method": "Both"
  },
  "decoder.up.2.block.2": {
    "l2_value": 0.0004500593931879848,
    "cosine_value": 0.0825534462928772,
    "shape": [
      1,
      512,
      128,
      128
    ],
    "method": "Both"
  },
  "decoder.up.2.upsample": {
    "l2_value": 0.0007164645940065384,
    "cosine_value": 0.07300496101379395,
    "shape": [
      1,
      512,
      256,
      256
    ],
    "method": "Both"
  },
  "decoder.up.3.block.0": {
    "l2_value": 0.0002821368689183146,
    "cosine_value": 0.08451724052429199,
    "shape": [
      1,
      512,
      64,
      64
    ],
    "method": "Both"
  },
  "decoder.up.3.block.1": {
    "l2_value": 0.000293869583401829,
    "cosine_value": 0.08508932590484619,
    "shape": [
      1,
      512,
      64,
      64
    ],
    "method": "Both"
  },
  "decoder.up.3.block.2": {
    "l2_value": 0.0002747245307546109,
    "cosine_value": 0.09069597721099854,
    "shape": [
      1,
      512,
      64,
      64
    ],
    "method": "Both"
  },
  "decoder.up.3.upsample": {
    "l2_value": 0.00048393086763098836,
    "cosine_value": 0.07800298929214478,
    "shape": [
      1,
      512,
      128,
      128
    ],
    "method": "Both"
  },
  "decoder.conv_out": {
    "l2_value": 0.0002476714241007964,
    "cosine_value": 0.05248171091079712,
    "shape": [
      1,
      3,
      512,
      512
    ],
    "method": "Both"
  }
}