{
  "decoder.conv_in": {
    "l2_value": 0.0003878336865454912,
    "cosine_value": 0.09388566017150879,
    "shape": [
      1,
      512,
      64,
      64
    ],
    "method": "Both"
  },
  "decoder.mid.block_1": {
    "l2_value": 0.00037582547520287335,
    "cosine_value": 0.08885723352432251,
    "shape": [
      1,
      512,
      64,
      64
    ],
    "method": "Both"
  },
  "decoder.mid.attn_1": {
    "l2_value": 0.00037371518556028605,
    "cosine_value": 0.08929193019866943,
    "shape": [
      1,
      512,
      64,
      64
    ],
    "method": "Both"
  },
  "decoder.mid.block_2": {
    "l2_value": 0.00039601154276169837,
    "cosine_value": 0.09422409534454346,
    "shape": [
      1,
      512,
      64,
      64
    ],
    "method": "Both"
  },
  "decoder.up.0.block.0": {
    "l2_value": 0.004441467579454184,
    "cosine_value": 0.22484540939331055,
    "shape": [
      1,
      128,
      512,
      512
    ],
    "method": "Both"
  },
  "decoder.up.0.block.1": {
    "l2_value": 0.005198771134018898,
    "cosine_value": 0.2523547410964966,
    "shape": [
      1,
      128,
      512,
      512
    ],
    "method": "Both"
  },
  "decoder.up.0.block.2": {
    "l2_value": 0.006085764616727829,
    "cosine_value": 0.27676576375961304,
    "shape": [
      1,
      128,
      512,
      512
    ],
    "method": "Both"
  },
  "decoder.up.1.block.0": {
    "l2_value": 0.000868699629791081,
    "cosine_value": 0.05636906623840332,
    "shape": [
      1,
      256,
      256,
      256
    ],
    "method": "Both"
  },
  "decoder.up.1.block.1": {
    "l2_value": 0.0008893392514437437,
    "cosine_value": 0.05966871976852417,
    "shape": [
      1,
      256,
      256,
      256
    ],
    "method": "Both"
  },
  "decoder.up.1.block.2": {
    "l2_value": 0.0008479768875986338,
    "cosine_value": 0.06277412176132202,
    "shape": [
      1,
      256,
      256,
      256
    ],
    "method": "Both"
  },
  "decoder.up.1.upsample": {
    "l2_value": 0.001325710560195148,
    "cosine_value": 0.08824992179870605,
    "shape": [
      1,
      256,
      512,
      512
    ],
    "method": "Both"
  },
  "decoder.up.2.block.0": {
    "l2_value": 0.0006837595719844103,
    "cosine_value": 0.07636672258377075,
    "shape": [
      1,
      512,
      128,
      128
    ],
    "method": "Both"
  },
  "decoder.up.2.block.1": {
    "l2_value": 0.000700768840033561,
    "cosine_value": 0.07680779695510864,
    "shape": [
      1,
      512,
      128,
      128
    ],
    "method": "Both"
  },
  "decoder.up.2.block.2": {
    "l2_value": 0.0006247269921004772,
    "cosine_value": 0.07613891363143921,
    "shape": [
      1,
      512,
      128,
      128
    ],
    "method": "Both"
  },
  "decoder.up.2.upsample": {
    "l2_value": 0.0009780474938452244,
    "cosine_value": 0.06575572490692139,
    "shape": [
      1,
      512,
      256,
      256
    ],
    "method": "Both"
  },
  "decoder.up.3.block.0": {
    "l2_value": 0.00043009044020436704,
    "cosine_value": 0.10057121515274048,
    "shape": [
      1,
      512,
      64,
      64
    ],
    "method": "Both"
  },
  "decoder.up.3.block.1": {
    "l2_value": 0.0004360702296253294,
    "cosine_value": 0.09984368085861206,
    "shape": [
      1,
      512,
      64,
      64
    ],
    "method": "Both"
  },
  "decoder.up.3.block.2": {
    "l2_value": 0.0003911637468263507,
    "cosine_value": 0.09250509738922119,
    "shape": [
      1,
      512,
      64,
      64
    ],
    "method": "Both"
  },
  "decoder.up.3.upsample": {
    "l2_value": 0.0006997297168709338,
    "cosine_value": 0.08242148160934448,
    "shape": [
      1,
      512,
      128,
      128
    ],
    "method": "Both"
  },
  "decoder.conv_out": {
    "l2_value": 0.00024274777388200164,
    "cosine_value": 0.04937523603439331,
    "shape": [
      1,
      3,
      512,
      512
    ],
    "method": "Both"
  }
}