{
  "decoder.conv_in": {
    "l2_value": 0.00031507734092883766,
    "cosine_value": 0.0626559853553772,
    "shape": [
      1,
      512,
      64,
      64
    ],
    "method": "Both"
  },
  "decoder.mid.block_1": {
    "l2_value": 0.00031899730674922466,
    "cosine_value": 0.06440752744674683,
    "shape": [
      1,
      512,
      64,
      64
    ],
    "method": "Both"
  },
  "decoder.mid.attn_1": {
    "l2_value": 0.00031800378928892314,
    "cosine_value": 0.06471681594848633,
    "shape": [
      1,
      512,
      64,
      64
    ],
    "method": "Both"
  },
  "decoder.mid.block_2": {
    "l2_value": 0.0003388967888895422,
    "cosine_value": 0.06935042142868042,
    "shape": [
      1,
      512,
      64,
      64
    ],
    "method": "Both"
  },
  "decoder.up.0.block.0": {
    "l2_value": 0.005048396065831184,
    "cosine_value": 0.2899734377861023,
    "shape": [
      1,
      128,
      512,
      512
    ],
    "method": "Both"
  },
  "decoder.up.0.block.1": {
    "l2_value": 0.005969541147351265,
    "cosine_value": 0.3319079279899597,
    "shape": [
      1,
      128,
      512,
      512
    ],
    "method": "Both"
  },
  "decoder.up.0.block.2": {
    "l2_value": 0.007033533416688442,
    "cosine_value": 0.3689272999763489,
    "shape": [
      1,
      128,
      512,
      512
    ],
    "method": "Both"
  },
  "decoder.up.1.block.0": {
    "l2_value": 0.0007365195779129863,
    "cosine_value": 0.04049980640411377,
    "shape": [
      1,
      256,
      256,
      256
    ],
    "method": "Both"
  },
  "decoder.up.1.block.1": {
    "l2_value": 0.0007588937878608704,
    "cosine_value": 0.04349052906036377,
    "shape": [
      1,
      256,
      256,
      256
    ],
    "method": "Both"
  },
  "decoder.up.1.block.2": {
    "l2_value": 0.0007309073116630316,
    "cosine_value": 0.046781957149505615,
    "shape": [
      1,
      256,
      256,
      256
    ],
    "method": "Both"
  },
  "decoder.up.1.upsample": {
    "l2_value": 0.0013250024057924747,
    "cosine_value": 0.08814221620559692,
    "shape": [
      1,
      256,
      512,
      512
    ],
    "method": "Both"
  },
  "decoder.up.2.block.0": {
    "l2_value": 0.0005801527295261621,
    "cosine_value": 0.05492335557937622,
    "shape": [
      1,
      512,
      128,
      128
    ],
    "method": "Both"
  },
  "decoder.up.2.block.1": {
    "l2_value": 0.0005939860129728913,
    "cosine_value": 0.05527806282043457,
    "shape": [
      1,
      512,
      128,
      128
    ],
    "method": "Both"
  },
  "decoder.up.2.block.2": {
    "l2_value": 0.0005263418424874544,
    "cosine_value": 0.054345667362213135,
    "shape": [
      1,
      512,
      128,
      128
    ],
    "method": "Both"
  },
  "decoder.up.2.upsample": {
    "l2_value": 0.0008138358825817704,
    "cosine_value": 0.04585278034210205,
    "shape": [
      1,
      512,
      256,
      256
    ],
    "method": "Both"
  },
  "decoder.up.3.block.0": {
    "l2_value": 0.00037037773290649056,
    "cosine_value": 0.07520568370819092,
    "shape": [
      1,
      512,
      64,
      64
    ],
    "method": "Both"
  },
  "decoder.up.3.block.1": {
    "l2_value": 0.0003729196614585817,
    "cosine_value": 0.07352280616760254,
    "shape": [
      1,
      512,
      64,
      64
    ],
    "method": "Both"
  },
  "decoder.up.3.block.2": {
    "l2_value": 0.00033189682289958,
    "cosine_value": 0.06687724590301514,
    "shape": [
      1,
      512,
      64,
      64
    ],
    "method": "Both"
  },
  "decoder.up.3.upsample": {
    "l2_value": 0.0005897132214158773,
    "cosine_value": 0.05858069658279419,
    "shape": [
      1,
      512,
      128,
      128
    ],
    "method": "Both"
  },
  "decoder.conv_out": {
    "l2_value": 0.00014982381253503263,
    "cosine_value": 0.017602205276489258,
    "shape": [
      1,
      3,
      512,
      512
    ],
    "method": "Both"
  }
}