{
  "decoder.conv_in": {
    "l2_value": 0.0001613915665075183,
    "cosine_value": 0.07087445259094238,
    "shape": [
      1,
      512,
      64,
      64
    ],
    "method": "Both"
  },
  "decoder.mid.block_1": {
    "l2_value": 0.00018149828247260302,
    "cosine_value": 0.04771685600280762,
    "shape": [
      1,
      512,
      64,
      64
    ],
    "method": "Both"
  },
  "decoder.mid.attn_1": {
    "l2_value": 0.00017950079927686602,
    "cosine_value": 0.04369598627090454,
    "shape": [
      1,
      512,
      64,
      64
    ],
    "method": "Both"
  },
  "decoder.mid.block_2": {
    "l2_value": 0.0001969105942407623,
    "cosine_value": 0.047935545444488525,
    "shape": [
      1,
      512,
      64,
      64
    ],
    "method": "Both"
  },
  "decoder.up.0.block.0": {
    "l2_value": 0.003692364552989602,
    "cosine_value": 0.3179311752319336,
    "shape": [
      1,
      128,
      512,
      512
    ],
    "method": "Both"
  },
  "decoder.up.0.block.1": {
    "l2_value": 0.004657965153455734,
    "cosine_value": 0.37203627824783325,
    "shape": [
      1,
      128,
      512,
      512
    ],
    "method": "Both"
  },
  "decoder.up.0.block.2": {
    "l2_value": 0.005709825083613396,
    "cosine_value": 0.4102259874343872,
    "shape": [
      1,
      128,
      512,
      512
    ],
    "method": "Both"
  },
  "decoder.up.1.block.0": {
    "l2_value": 0.0004936033510603011,
    "cosine_value": 0.03173971176147461,
    "shape": [
      1,
      256,
      256,
      256
    ],
    "method": "Both"
  },
  "decoder.up.1.block.1": {
    "l2_value": 0.0005004578270018101,
    "cosine_value": 0.031932950019836426,
    "shape": [
      1,
      256,
      256,
      256
    ],
    "method": "Both"
  },
  "decoder.up.1.block.2": {
    "l2_value": 0.0004718108393717557,
    "cosine_value": 0.03662550449371338,
    "shape": [
      1,
      256,
      256,
      256
    ],
    "method": "Both"
  },
  "decoder.up.1.upsample": {
    "l2_value": 0.0007413633866235614,
    "cosine_value": 0.05725431442260742,
    "shape": [
      1,
      256,
      512,
      512
    ],
    "method": "Both"
  },
  "decoder.up.2.block.0": {
    "l2_value": 0.0003830271598417312,
    "cosine_value": 0.04378402233123779,
    "shape": [
      1,
      512,
      128,
      128
    ],
    "method": "Both"
  },
  "decoder.up.2.block.1": {
    "l2_value": 0.00040010022348724306,
    "cosine_value": 0.04673480987548828,
    "shape": [
      1,
      512,
      128,
      128
    ],
    "method": "Both"
  },
  "decoder.up.2.block.2": {
    "l2_value": 0.00035804687649942935,
    "cosine_value": 0.0529627799987793,
    "shape": [
      1,
      512,
      128,
      128
    ],
    "method": "Both"
  },
  "decoder.up.2.upsample": {
    "l2_value": 0.0005556537653319538,
    "cosine_value": 0.04450857639312744,
    "shape": [
      1,
      512,
      256,
      256
    ],
    "method": "Both"
  },
  "decoder.up.3.block.0": {
    "l2_value": 0.0002262448106193915,
    "cosine_value": 0.05498760938644409,
    "shape": [
      1,
      512,
      64,
      64
    ],
    "method": "Both"
  },
  "decoder.up.3.block.1": {
    "l2_value": 0.0002366318367421627,
    "cosine_value": 0.055924832820892334,
    "shape": [
      1,
      512,
      64,
      64
    ],
    "method": "Both"
  },
  "decoder.up.3.block.2": {
    "l2_value": 0.00022171519231051207,
    "cosine_value": 0.059889137744903564,
    "shape": [
      1,
      512,
      64,
      64
    ],
    "method": "Both"
  },
  "decoder.up.3.upsample": {
    "l2_value": 0.0003856193507090211,
    "cosine_value": 0.04907214641571045,
    "shape": [
      1,
      512,
      128,
      128
    ],
    "method": "Both"
  },
  "decoder.conv_out": {
    "l2_value": 0.00015113861688102284,
    "cosine_value": 0.018529415130615234,
    "shape": [
      1,
      3,
      512,
      512
    ],
    "method": "Both"
  }
}