{
  "decoder.conv_in": {
    "l2_value": 0.00045673587010242045,
    "cosine_value": 0.174920916557312,
    "shape": [
      1,
      512,
      64,
      64
    ],
    "method": "Both"
  },
  "decoder.mid.block_1": {
    "l2_value": 0.00044051939039491117,
    "cosine_value": 0.16069841384887695,
    "shape": [
      1,
      512,
      64,
      64
    ],
    "method": "Both"
  },
  "decoder.mid.attn_1": {
    "l2_value": 0.000432669126894325,
    "cosine_value": 0.15199971199035645,
    "shape": [
      1,
      512,
      64,
      64
    ],
    "method": "Both"
  },
  "decoder.mid.block_2": {
    "l2_value": 0.00045032473281025887,
    "cosine_value": 0.15284448862075806,
    "shape": [
      1,
      512,
      64,
      64
    ],
    "method": "Both"
  },
  "decoder.up.0.block.0": {
    "l2_value": 0.0017130145570263267,
    "cosine_value": 0.03479510545730591,
    "shape": [
      1,
      128,
      512,
      512
    ],
    "method": "Both"
  },
  "decoder.up.0.block.1": {
    "l2_value": 0.001793890492990613,
    "cosine_value": 0.030771255493164062,
    "shape": [
      1,
      128,
      512,
      512
    ],
    "method": "Both"
  },
  "decoder.up.0.block.2": {
    "l2_value": 0.0018917580600827932,
    "cosine_value": 0.026880264282226562,
    "shape": [
      1,
      128,
      512,
      512
    ],
    "method": "Both"
  },
  "decoder.up.1.block.0": {
    "l2_value": 0.0009729863959364593,
    "cosine_value": 0.09070926904678345,
    "shape": [
      1,
      256,
      256,
      256
    ],
    "method": "Both"
  },
  "decoder.up.1.block.1": {
    "l2_value": 0.0010079494677484035,
    "cosine_value": 0.09862154722213745,
    "shape": [
      1,
      256,
      256,
      256
    ],
    "method": "Both"
  },
  "decoder.up.1.block.2": {
    "l2_value": 0.0009467432973906398,
    "cosine_value": 0.10270559787750244,
    "shape": [
      1,
      256,
      256,
      256
    ],
    "method": "Both"
  },
  "decoder.up.1.upsample": {
    "l2_value": 0.001127246767282486,
    "cosine_value": 0.08061689138412476,
    "shape": [
      1,
      256,
      512,
      512
    ],
    "method": "Both"
  },
  "decoder.up.2.block.0": {
    "l2_value": 0.0008171069785021245,
    "cosine_value": 0.1344934105873108,
    "shape": [
      1,
      512,
      128,
      128
    ],
    "method": "Both"
  },
  "decoder.up.2.block.1": {
    "l2_value": 0.0008444820996373892,
    "cosine_value": 0.13512921333312988,
    "shape": [
      1,
      512,
      128,
      128
    ],
    "method": "Both"
  },
  "decoder.up.2.block.2": {
    "l2_value": 0.0007541076047345996,
    "cosine_value": 0.14149713516235352,
    "shape": [
      1,
      512,
      128,
      128
    ],
    "method": "Both"
  },
  "decoder.up.2.upsample": {
    "l2_value": 0.0011472805636003613,
    "cosine_value": 0.11809664964675903,
    "shape": [
      1,
      512,
      256,
      256
    ],
    "method": "Both"
  },
  "decoder.up.3.block.0": {
    "l2_value": 0.0004943431704305112,
    "cosine_value": 0.1630793809890747,
    "shape": [
      1,
      512,
      64,
      64
    ],
    "method": "Both"
  },
  "decoder.up.3.block.1": {
    "l2_value": 0.0005205662455409765,
    "cosine_value": 0.17419785261154175,
    "shape": [
      1,
      512,
      64,
      64
    ],
    "method": "Both"
  },
  "decoder.up.3.block.2": {
    "l2_value": 0.0004689969355240464,
    "cosine_value": 0.16992932558059692,
    "shape": [
      1,
      512,
      64,
      64
    ],
    "method": "Both"
  },
  "decoder.up.3.upsample": {
    "l2_value": 0.0008282098569907248,
    "cosine_value": 0.14425820112228394,
    "shape": [
      1,
      512,
      128,
      128
    ],
    "method": "Both"
  },
  "decoder.conv_out": {
    "l2_value": 0.00022794950443009535,
    "cosine_value": 0.043426573276519775,
    "shape": [
      1,
      3,
      512,
      512
    ],
    "method": "Both"
  }
}