{
  "decoder.conv_in": {
    "l2_value": 0.00021984644990880042,
    "cosine_value": 0.16429442167282104,
    "shape": [
      1,
      512,
      64,
      64
    ],
    "method": "Both"
  },
  "decoder.mid.block_1": {
    "l2_value": 0.000263328809523955,
    "cosine_value": 0.11610597372055054,
    "shape": [
      1,
      512,
      64,
      64
    ],
    "method": "Both"
  },
  "decoder.mid.attn_1": {
    "l2_value": 0.00025521410861983895,
    "cosine_value": 0.09853023290634155,
    "shape": [
      1,
      512,
      64,
      64
    ],
    "method": "Both"
  },
  "decoder.mid.block_2": {
    "l2_value": 0.00026598747354000807,
    "cosine_value": 0.0970490574836731,
    "shape": [
      1,
      512,
      64,
      64
    ],
    "method": "Both"
  },
  "decoder.up.0.block.0": {
    "l2_value": 0.0011732579441741109,
    "cosine_value": 0.033602356910705566,
    "shape": [
      1,
      128,
      512,
      512
    ],
    "method": "Both"
  },
  "decoder.up.0.block.1": {
    "l2_value": 0.0012183269718661904,
    "cosine_value": 0.026238441467285156,
    "shape": [
      1,
      128,
      512,
      512
    ],
    "method": "Both"
  },
  "decoder.up.0.block.2": {
    "l2_value": 0.0012869421625509858,
    "cosine_value": 0.021086931228637695,
    "shape": [
      1,
      128,
      512,
      512
    ],
    "method": "Both"
  },
  "decoder.up.1.block.0": {
    "l2_value": 0.0006998043390922248,
    "cosine_value": 0.07330590486526489,
    "shape": [
      1,
      256,
      256,
      256
    ],
    "method": "Both"
  },
  "decoder.up.1.block.1": {
    "l2_value": 0.0007047420367598534,
    "cosine_value": 0.0726320743560791,
    "shape": [
      1,
      256,
      256,
      256
    ],
    "method": "Both"
  },
  "decoder.up.1.block.2": {
    "l2_value": 0.0006456419359892607,
    "cosine_value": 0.08049029111862183,
    "shape": [
      1,
      256,
      256,
      256
    ],
    "method": "Both"
  },
  "decoder.up.1.upsample": {
    "l2_value": 0.0007328357896767557,
    "cosine_value": 0.06518906354904175,
    "shape": [
      1,
      256,
      512,
      512
    ],
    "method": "Both"
  },
  "decoder.up.2.block.0": {
    "l2_value": 0.0005212110700085759,
    "cosine_value": 0.08943033218383789,
    "shape": [
      1,
      512,
      128,
      128
    ],
    "method": "Both"
  },
  "decoder.up.2.block.1": {
    "l2_value": 0.0005444108974188566,
    "cosine_value": 0.09585040807723999,
    "shape": [
      1,
      512,
      128,
      128
    ],
    "method": "Both"
  },
  "decoder.up.2.block.2": {
    "l2_value": 0.0004955676849931479,
    "cosine_value": 0.11653047800064087,
    "shape": [
      1,
      512,
      128,
      128
    ],
    "method": "Both"
  },
  "decoder.up.2.upsample": {
    "l2_value": 0.0007803354528732598,
    "cosine_value": 0.10169464349746704,
    "shape": [
      1,
      512,
      256,
      256
    ],
    "method": "Both"
  },
  "decoder.up.3.block.0": {
    "l2_value": 0.0003001108125317842,
    "cosine_value": 0.10583919286727905,
    "shape": [
      1,
      512,
      64,
      64
    ],
    "method": "Both"
  },
  "decoder.up.3.block.1": {
    "l2_value": 0.0003158270556014031,
    "cosine_value": 0.1086125373840332,
    "shape": [
      1,
      512,
      64,
      64
    ],
    "method": "Both"
  },
  "decoder.up.3.block.2": {
    "l2_value": 0.0002976825926452875,
    "cosine_value": 0.12128269672393799,
    "shape": [
      1,
      512,
      64,
      64
    ],
    "method": "Both"
  },
  "decoder.up.3.upsample": {
    "l2_value": 0.0005191084928810596,
    "cosine_value": 0.09812271595001221,
    "shape": [
      1,
      512,
      128,
      128
    ],
    "method": "Both"
  },
  "decoder.conv_out": {
    "l2_value": 0.0002601613717464109,
    "cosine_value": 0.06381088495254517,
    "shape": [
      1,
      3,
      512,
      512
    ],
    "method": "Both"
  }
}