{
  "decoder.conv_in": {
    "l2_value": 0.0004268833145033568,
    "cosine_value": 0.15152829885482788,
    "shape": [
      1,
      512,
      64,
      64
    ],
    "method": "Both"
  },
  "decoder.mid.block_1": {
    "l2_value": 0.00041432693251408637,
    "cosine_value": 0.14197194576263428,
    "shape": [
      1,
      512,
      64,
      64
    ],
    "method": "Both"
  },
  "decoder.mid.attn_1": {
    "l2_value": 0.00040518975583836436,
    "cosine_value": 0.13276457786560059,
    "shape": [
      1,
      512,
      64,
      64
    ],
    "method": "Both"
  },
  "decoder.mid.block_2": {
    "l2_value": 0.0004177131049800664,
    "cosine_value": 0.1310763955116272,
    "shape": [
      1,
      512,
      64,
      64
    ],
    "method": "Both"
  },
  "decoder.up.0.block.0": {
    "l2_value": 0.0018747550202533603,
    "cosine_value": 0.042320311069488525,
    "shape": [
      1,
      128,
      512,
      512
    ],
    "method": "Both"
  },
  "decoder.up.0.block.1": {
    "l2_value": 0.0019653495401144028,
    "cosine_value": 0.03745436668395996,
    "shape": [
      1,
      128,
      512,
      512
    ],
    "method": "Both"
  },
  "decoder.up.0.block.2": {
    "l2_value": 0.0020690737292170525,
    "cosine_value": 0.0327189564704895,
    "shape": [
      1,
      128,
      512,
      512
    ],
    "method": "Both"
  },
  "decoder.up.1.block.0": {
    "l2_value": 0.0009692871826700866,
    "cosine_value": 0.09016340970993042,
    "shape": [
      1,
      256,
      256,
      256
    ],
    "method": "Both"
  },
  "decoder.up.1.block.1": {
    "l2_value": 0.0009898255812004209,
    "cosine_value": 0.09517055749893188,
    "shape": [
      1,
      256,
      256,
      256
    ],
    "method": "Both"
  },
  "decoder.up.1.block.2": {
    "l2_value": 0.0009387515601702034,
    "cosine_value": 0.10126984119415283,
    "shape": [
      1,
      256,
      256,
      256
    ],
    "method": "Both"
  },
  "decoder.up.1.upsample": {
    "l2_value": 0.0011450087185949087,
    "cosine_value": 0.08397012948989868,
    "shape": [
      1,
      256,
      512,
      512
    ],
    "method": "Both"
  },
  "decoder.up.2.block.0": {
    "l2_value": 0.0007674403605051339,
    "cosine_value": 0.11724770069122314,
    "shape": [
      1,
      512,
      128,
      128
    ],
    "method": "Both"
  },
  "decoder.up.2.block.1": {
    "l2_value": 0.000790997117292136,
    "cosine_value": 0.11817634105682373,
    "shape": [
      1,
      512,
      128,
      128
    ],
    "method": "Both"
  },
  "decoder.up.2.block.2": {
    "l2_value": 0.0007155671482905746,
    "cosine_value": 0.12784826755523682,
    "shape": [
      1,
      512,
      128,
      128
    ],
    "method": "Both"
  },
  "decoder.up.2.upsample": {
    "l2_value": 0.0011193349491804838,
    "cosine_value": 0.112143874168396,
    "shape": [
      1,
      512,
      256,
      256
    ],
    "method": "Both"
  },
  "decoder.up.3.block.0": {
    "l2_value": 0.00045585515908896923,
    "cosine_value": 0.1380208134651184,
    "shape": [
      1,
      512,
      64,
      64
    ],
    "method": "Both"
  },
  "decoder.up.3.block.1": {
    "l2_value": 0.0004768800572492182,
    "cosine_value": 0.14579981565475464,
    "shape": [
      1,
      512,
      64,
      64
    ],
    "method": "Both"
  },
  "decoder.up.3.block.2": {
    "l2_value": 0.0004387742083054036,
    "cosine_value": 0.14818358421325684,
    "shape": [
      1,
      512,
      64,
      64
    ],
    "method": "Both"
  },
  "decoder.up.3.upsample": {
    "l2_value": 0.0007835231954231858,
    "cosine_value": 0.1265634298324585,
    "shape": [
      1,
      512,
      128,
      128
    ],
    "method": "Both"
  },
  "decoder.conv_out": {
    "l2_value": 0.0002573650951186816,
    "cosine_value": 0.05943542718887329,
    "shape": [
      1,
      3,
      512,
      512
    ],
    "method": "Both"
  }
}