{
  "decoder.conv_in": {
    "l2_value": 0.00021378112433012575,
    "cosine_value": 0.16442501544952393,
    "shape": [
      1,
      512,
      64,
      64
    ],
    "method": "Both"
  },
  "decoder.mid.block_1": {
    "l2_value": 0.00023741026234347373,
    "cosine_value": 0.10943233966827393,
    "shape": [
      1,
      512,
      64,
      64
    ],
    "method": "Both"
  },
  "decoder.mid.attn_1": {
    "l2_value": 0.00024341687094420195,
    "cosine_value": 0.09547942876815796,
    "shape": [
      1,
      512,
      64,
      64
    ],
    "method": "Both"
  },
  "decoder.mid.block_2": {
    "l2_value": 0.0002524814917705953,
    "cosine_value": 0.09314346313476562,
    "shape": [
      1,
      512,
      64,
      64
    ],
    "method": "Both"
  },
  "decoder.up.0.block.0": {
    "l2_value": 0.0012723574182018638,
    "cosine_value": 0.04086488485336304,
    "shape": [
      1,
      128,
      512,
      512
    ],
    "method": "Both"
  },
  "decoder.up.0.block.1": {
    "l2_value": 0.001450671348720789,
    "cosine_value": 0.03821885585784912,
    "shape": [
      1,
      128,
      512,
      512
    ],
    "method": "Both"
  },
  "decoder.up.0.block.2": {
    "l2_value": 0.00167245720513165,
    "cosine_value": 0.036131322383880615,
    "shape": [
      1,
      128,
      512,
      512
    ],
    "method": "Both"
  },
  "decoder.up.1.block.0": {
    "l2_value": 0.0006318894447758794,
    "cosine_value": 0.0671338438987732,
    "shape": [
      1,
      256,
      256,
      256
    ],
    "method": "Both"
  },
  "decoder.up.1.block.1": {
    "l2_value": 0.0006232007872313261,
    "cosine_value": 0.06412386894226074,
    "shape": [
      1,
      256,
      256,
      256
    ],
    "method": "Both"
  },
  "decoder.up.1.block.2": {
    "l2_value": 0.0005485626752488315,
    "cosine_value": 0.06867611408233643,
    "shape": [
      1,
      256,
      256,
      256
    ],
    "method": "Both"
  },
  "decoder.up.1.upsample": {
    "l2_value": 0.0006282784161157906,
    "cosine_value": 0.055218398571014404,
    "shape": [
      1,
      256,
      512,
      512
    ],
    "method": "Both"
  },
  "decoder.up.2.block.0": {
    "l2_value": 0.00047620790428481996,
    "cosine_value": 0.08013564348220825,
    "shape": [
      1,
      512,
      128,
      128
    ],
    "method": "Both"
  },
  "decoder.up.2.block.1": {
    "l2_value": 0.0004923855885863304,
    "cosine_value": 0.08482939004898071,
    "shape": [
      1,
      512,
      128,
      128
    ],
    "method": "Both"
  },
  "decoder.up.2.block.2": {
    "l2_value": 0.00043634665780700743,
    "cosine_value": 0.10200768709182739,
    "shape": [
      1,
      512,
      128,
      128
    ],
    "method": "Both"
  },
  "decoder.up.2.upsample": {
    "l2_value": 0.0006998979370109737,
    "cosine_value": 0.09149003028869629,
    "shape": [
      1,
      512,
      256,
      256
    ],
    "method": "Both"
  },
  "decoder.up.3.block.0": {
    "l2_value": 0.000275145546765998,
    "cosine_value": 0.09474372863769531,
    "shape": [
      1,
      512,
      64,
      64
    ],
    "method": "Both"
  },
  "decoder.up.3.block.1": {
    "l2_value": 0.0002850834571290761,
    "cosine_value": 0.09419971704483032,
    "shape": [
      1,
      512,
      64,
      64
    ],
    "method": "Both"
  },
  "decoder.up.3.block.2": {
    "l2_value": 0.0002677776792552322,
    "cosine_value": 0.10707557201385498,
    "shape": [
      1,
      512,
      64,
      64
    ],
    "method": "Both"
  },
  "decoder.up.3.upsample": {
    "l2_value": 0.00048492642235942185,
    "cosine_value": 0.09173029661178589,
    "shape": [
      1,
      512,
      128,
      128
    ],
    "method": "Both"
  },
  "decoder.conv_out": {
    "l2_value": 0.0001906732989785572,
    "cosine_value": 0.07025092840194702,
    "shape": [
      1,
      3,
      512,
      512
    ],
    "method": "Both"
  }
}