{
  "decoder.conv_in": {
    "l2_value": 0.00038153649074956775,
    "cosine_value": 0.14277946949005127,
    "shape": [
      1,
      512,
      64,
      64
    ],
    "method": "Both"
  },
  "decoder.mid.block_1": {
    "l2_value": 0.0003653143357951194,
    "cosine_value": 0.12822508811950684,
    "shape": [
      1,
      512,
      64,
      64
    ],
    "method": "Both"
  },
  "decoder.mid.attn_1": {
    "l2_value": 0.0003683482063934207,
    "cosine_value": 0.12284505367279053,
    "shape": [
      1,
      512,
      64,
      64
    ],
    "method": "Both"
  },
  "decoder.mid.block_2": {
    "l2_value": 0.00037770799826830626,
    "cosine_value": 0.11923873424530029,
    "shape": [
      1,
      512,
      64,
      64
    ],
    "method": "Both"
  },
  "decoder.up.0.block.0": {
    "l2_value": 0.002724176738411188,
    "cosine_value": 0.09195536375045776,
    "shape": [
      1,
      128,
      512,
      512
    ],
    "method": "Both"
  },
  "decoder.up.0.block.1": {
    "l2_value": 0.0030630987603217363,
    "cosine_value": 0.09220117330551147,
    "shape": [
      1,
      128,
      512,
      512
    ],
    "method": "Both"
  },
  "decoder.up.0.block.2": {
    "l2_value": 0.0034575338941067457,
    "cosine_value": 0.09181922674179077,
    "shape": [
      1,
      128,
      512,
      512
    ],
    "method": "Both"
  },
  "decoder.up.1.block.0": {
    "l2_value": 0.0008150433422997594,
    "cosine_value": 0.08235138654708862,
    "shape": [
      1,
      256,
      256,
      256
    ],
    "method": "Both"
  },
  "decoder.up.1.block.1": {
    "l2_value": 0.0008282085182145238,
    "cosine_value": 0.08696335554122925,
    "shape": [
      1,
      256,
      256,
      256
    ],
    "method": "Both"
  },
  "decoder.up.1.block.2": {
    "l2_value": 0.0007615172071382403,
    "cosine_value": 0.09208738803863525,
    "shape": [
      1,
      256,
      256,
      256
    ],
    "method": "Both"
  },
  "decoder.up.1.upsample": {
    "l2_value": 0.0010652889031916857,
    "cosine_value": 0.09024876356124878,
    "shape": [
      1,
      256,
      512,
      512
    ],
    "method": "Both"
  },
  "decoder.up.2.block.0": {
    "l2_value": 0.0006809249753132463,
    "cosine_value": 0.10415923595428467,
    "shape": [
      1,
      512,
      128,
      128
    ],
    "method": "Both"
  },
  "decoder.up.2.block.1": {
    "l2_value": 0.0006958430749364197,
    "cosine_value": 0.10358619689941406,
    "shape": [
      1,
      512,
      128,
      128
    ],
    "method": "Both"
  },
  "decoder.up.2.block.2": {
    "l2_value": 0.0006046893540769815,
    "cosine_value": 0.1126028299331665,
    "shape": [
      1,
      512,
      128,
      128
    ],
    "method": "Both"
  },
  "decoder.up.2.upsample": {
    "l2_value": 0.0009334870264865458,
    "cosine_value": 0.0984223484992981,
    "shape": [
      1,
      512,
      256,
      256
    ],
    "method": "Both"
  },
  "decoder.up.3.block.0": {
    "l2_value": 0.00041094733751378953,
    "cosine_value": 0.12274676561355591,
    "shape": [
      1,
      512,
      64,
      64
    ],
    "method": "Both"
  },
  "decoder.up.3.block.1": {
    "l2_value": 0.0004236256063450128,
    "cosine_value": 0.12710899114608765,
    "shape": [
      1,
      512,
      64,
      64
    ],
    "method": "Both"
  },
  "decoder.up.3.block.2": {
    "l2_value": 0.0003855540126096457,
    "cosine_value": 0.12987500429153442,
    "shape": [
      1,
      512,
      64,
      64
    ],
    "method": "Both"
  },
  "decoder.up.3.upsample": {
    "l2_value": 0.0007027816609479487,
    "cosine_value": 0.11507052183151245,
    "shape": [
      1,
      512,
      128,
      128
    ],
    "method": "Both"
  },
  "decoder.conv_out": {
    "l2_value": 0.0001863099168986082,
    "cosine_value": 0.06456893682479858,
    "shape": [
      1,
      3,
      512,
      512
    ],
    "method": "Both"
  }
}