{
  "decoder.conv_in": {
    "l2_value": 0.0004164379497524351,
    "cosine_value": 0.13696616888046265,
    "shape": [
      1,
      512,
      64,
      64
    ],
    "method": "Both"
  },
  "decoder.mid.block_1": {
    "l2_value": 0.00040335740777663887,
    "cosine_value": 0.1257583498954773,
    "shape": [
      1,
      512,
      64,
      64
    ],
    "method": "Both"
  },
  "decoder.mid.attn_1": {
    "l2_value": 0.0003962941700592637,
    "cosine_value": 0.12184333801269531,
    "shape": [
      1,
      512,
      64,
      64
    ],
    "method": "Both"
  },
  "decoder.mid.block_2": {
    "l2_value": 0.00040838978020474315,
    "cosine_value": 0.11949646472930908,
    "shape": [
      1,
      512,
      64,
      64
    ],
    "method": "Both"
  },
  "decoder.up.0.block.0": {
    "l2_value": 0.0018993652192875743,
    "cosine_value": 0.04249078035354614,
    "shape": [
      1,
      128,
      512,
      512
    ],
    "method": "Both"
  },
  "decoder.up.0.block.1": {
    "l2_value": 0.0019731956999748945,
    "cosine_value": 0.03690987825393677,
    "shape": [
      1,
      128,
      512,
      512
    ],
    "method": "Both"
  },
  "decoder.up.0.block.2": {
    "l2_value": 0.002067078370600939,
    "cosine_value": 0.03191733360290527,
    "shape": [
      1,
      128,
      512,
      512
    ],
    "method": "Both"
  },
  "decoder.up.1.block.0": {
    "l2_value": 0.0009692502790130675,
    "cosine_value": 0.08791148662567139,
    "shape": [
      1,
      256,
      256,
      256
    ],
    "method": "Both"
  },
  "decoder.up.1.block.1": {
    "l2_value": 0.0009896212723106146,
    "cosine_value": 0.09220194816589355,
    "shape": [
      1,
      256,
      256,
      256
    ],
    "method": "Both"
  },
  "decoder.up.1.block.2": {
    "l2_value": 0.0009413009975105524,
    "cosine_value": 0.0979844331741333,
    "shape": [
      1,
      256,
      256,
      256
    ],
    "method": "Both"
  },
  "decoder.up.1.upsample": {
    "l2_value": 0.001155381789430976,
    "cosine_value": 0.08079618215560913,
    "shape": [
      1,
      256,
      512,
      512
    ],
    "method": "Both"
  },
  "decoder.up.2.block.0": {
    "l2_value": 0.0007488743867725134,
    "cosine_value": 0.10698866844177246,
    "shape": [
      1,
      512,
      128,
      128
    ],
    "method": "Both"
  },
  "decoder.up.2.block.1": {
    "l2_value": 0.0007665309822186828,
    "cosine_value": 0.1069878339767456,
    "shape": [
      1,
      512,
      128,
      128
    ],
    "method": "Both"
  },
  "decoder.up.2.block.2": {
    "l2_value": 0.0006977472803555429,
    "cosine_value": 0.11530518531799316,
    "shape": [
      1,
      512,
      128,
      128
    ],
    "method": "Both"
  },
  "decoder.up.2.upsample": {
    "l2_value": 0.001109579112380743,
    "cosine_value": 0.10535722970962524,
    "shape": [
      1,
      512,
      256,
      256
    ],
    "method": "Both"
  },
  "decoder.up.3.block.0": {
    "l2_value": 0.00043869338696822524,
    "cosine_value": 0.12214207649230957,
    "shape": [
      1,
      512,
      64,
      64
    ],
    "method": "Both"
  },
  "decoder.up.3.block.1": {
    "l2_value": 0.0004560689558275044,
    "cosine_value": 0.12685775756835938,
    "shape": [
      1,
      512,
      64,
      64
    ],
    "method": "Both"
  },
  "decoder.up.3.block.2": {
    "l2_value": 0.0004219370021019131,
    "cosine_value": 0.12814182043075562,
    "shape": [
      1,
      512,
      64,
      64
    ],
    "method": "Both"
  },
  "decoder.up.3.upsample": {
    "l2_value": 0.0007605378632433712,
    "cosine_value": 0.11493086814880371,
    "shape": [
      1,
      512,
      128,
      128
    ],
    "method": "Both"
  },
  "decoder.conv_out": {
    "l2_value": 0.00029119965620338917,
    "cosine_value": 0.07921415567398071,
    "shape": [
      1,
      3,
      512,
      512
    ],
    "method": "Both"
  }
}