{
  "decoder.conv_in": {
    "l2_value": 0.0002298555918969214,
    "cosine_value": 0.17267274856567383,
    "shape": [
      1,
      512,
      64,
      64
    ],
    "method": "Both"
  },
  "decoder.mid.block_1": {
    "l2_value": 0.00026685494231060147,
    "cosine_value": 0.11914187669754028,
    "shape": [
      1,
      512,
      64,
      64
    ],
    "method": "Both"
  },
  "decoder.mid.attn_1": {
    "l2_value": 0.00026225607143715024,
    "cosine_value": 0.10346317291259766,
    "shape": [
      1,
      512,
      64,
      64
    ],
    "method": "Both"
  },
  "decoder.mid.block_2": {
    "l2_value": 0.00027522031450644135,
    "cosine_value": 0.10215216875076294,
    "shape": [
      1,
      512,
      64,
      64
    ],
    "method": "Both"
  },
  "decoder.up.0.block.0": {
    "l2_value": 0.0017996325623244047,
    "cosine_value": 0.07860356569290161,
    "shape": [
      1,
      128,
      512,
      512
    ],
    "method": "Both"
  },
  "decoder.up.0.block.1": {
    "l2_value": 0.002054566517472267,
    "cosine_value": 0.07405620813369751,
    "shape": [
      1,
      128,
      512,
      512
    ],
    "method": "Both"
  },
  "decoder.up.0.block.2": {
    "l2_value": 0.0023831469006836414,
    "cosine_value": 0.07182204723358154,
    "shape": [
      1,
      128,
      512,
      512
    ],
    "method": "Both"
  },
  "decoder.up.1.block.0": {
    "l2_value": 0.0007216164376586676,
    "cosine_value": 0.07670146226882935,
    "shape": [
      1,
      256,
      256,
      256
    ],
    "method": "Both"
  },
  "decoder.up.1.block.1": {
    "l2_value": 0.0007247881731018424,
    "cosine_value": 0.07564312219619751,
    "shape": [
      1,
      256,
      256,
      256
    ],
    "method": "Both"
  },
  "decoder.up.1.block.2": {
    "l2_value": 0.0006705530686303973,
    "cosine_value": 0.08504456281661987,
    "shape": [
      1,
      256,
      256,
      256
    ],
    "method": "Both"
  },
  "decoder.up.1.upsample": {
    "l2_value": 0.0008006638963706791,
    "cosine_value": 0.07635098695755005,
    "shape": [
      1,
      256,
      512,
      512
    ],
    "method": "Both"
  },
  "decoder.up.2.block.0": {
    "l2_value": 0.0005259032477624714,
    "cosine_value": 0.09084361791610718,
    "shape": [
      1,
      512,
      128,
      128
    ],
    "method": "Both"
  },
  "decoder.up.2.block.1": {
    "l2_value": 0.0005443647969514132,
    "cosine_value": 0.09534978866577148,
    "shape": [
      1,
      512,
      128,
      128
    ],
    "method": "Both"
  },
  "decoder.up.2.block.2": {
    "l2_value": 0.0004982959944754839,
    "cosine_value": 0.11447286605834961,
    "shape": [
      1,
      512,
      128,
      128
    ],
    "method": "Both"
  },
  "decoder.up.2.upsample": {
    "l2_value": 0.0008017925429157913,
    "cosine_value": 0.10440587997436523,
    "shape": [
      1,
      512,
      256,
      256
    ],
    "method": "Both"
  },
  "decoder.up.3.block.0": {
    "l2_value": 0.00030259983032010496,
    "cosine_value": 0.10609817504882812,
    "shape": [
      1,
      512,
      64,
      64
    ],
    "method": "Both"
  },
  "decoder.up.3.block.1": {
    "l2_value": 0.00031435047276318073,
    "cosine_value": 0.10624873638153076,
    "shape": [
      1,
      512,
      64,
      64
    ],
    "method": "Both"
  },
  "decoder.up.3.block.2": {
    "l2_value": 0.0002964907616842538,
    "cosine_value": 0.11769968271255493,
    "shape": [
      1,
      512,
      64,
      64
    ],
    "method": "Both"
  },
  "decoder.up.3.upsample": {
    "l2_value": 0.0005226473440416157,
    "cosine_value": 0.1002652645111084,
    "shape": [
      1,
      512,
      128,
      128
    ],
    "method": "Both"
  },
  "decoder.conv_out": {
    "l2_value": 0.00029419003597771126,
    "cosine_value": 0.08380138874053955,
    "shape": [
      1,
      3,
      512,
      512
    ],
    "method": "Both"
  }
}