{
  "decoder.conv_in": {
    "l2_value": 0.0005914813955314457,
    "cosine_value": 0.2867187261581421,
    "shape": [
      1,
      512,
      64,
      64
    ],
    "method": "Both"
  },
  "decoder.mid.block_1": {
    "l2_value": 0.0005879993550479412,
    "cosine_value": 0.2790306806564331,
    "shape": [
      1,
      512,
      64,
      64
    ],
    "method": "Both"
  },
  "decoder.mid.attn_1": {
    "l2_value": 0.0005802533123642206,
    "cosine_value": 0.26699602603912354,
    "shape": [
      1,
      512,
      64,
      64
    ],
    "method": "Both"
  },
  "decoder.mid.block_2": {
    "l2_value": 0.0005967023898847401,
    "cosine_value": 0.2643798589706421,
    "shape": [
      1,
      512,
      64,
      64
    ],
    "method": "Both"
  },
  "decoder.up.0.block.0": {
    "l2_value": 0.005277903284877539,
    "cosine_value": 0.33482247591018677,
    "shape": [
      1,
      128,
      512,
      512
    ],
    "method": "Both"
  },
  "decoder.up.0.block.1": {
    "l2_value": 0.006013033911585808,
    "cosine_value": 0.346346914768219,
    "shape": [
      1,
      128,
      512,
      512
    ],
    "method": "Both"
  },
  "decoder.up.0.block.2": {
    "l2_value": 0.006884305272251368,
    "cosine_value": 0.35448187589645386,
    "shape": [
      1,
      128,
      512,
      512
    ],
    "method": "Both"
  },
  "decoder.up.1.block.0": {
    "l2_value": 0.001342353760264814,
    "cosine_value": 0.17986464500427246,
    "shape": [
      1,
      256,
      256,
      256
    ],
    "method": "Both"
  },
  "decoder.up.1.block.1": {
    "l2_value": 0.0013832717668265104,
    "cosine_value": 0.19338852167129517,
    "shape": [
      1,
      256,
      256,
      256
    ],
    "method": "Both"
  },
  "decoder.up.1.block.2": {
    "l2_value": 0.0013175917556509376,
    "cosine_value": 0.20876067876815796,
    "shape": [
      1,
      256,
      256,
      256
    ],
    "method": "Both"
  },
  "decoder.up.1.upsample": {
    "l2_value": 0.0018974770791828632,
    "cosine_value": 0.23761439323425293,
    "shape": [
      1,
      256,
      512,
      512
    ],
    "method": "Both"
  },
  "decoder.up.2.block.0": {
    "l2_value": 0.0010501440847292542,
    "cosine_value": 0.22387874126434326,
    "shape": [
      1,
      512,
      128,
      128
    ],
    "method": "Both"
  },
  "decoder.up.2.block.1": {
    "l2_value": 0.0010792040266096592,
    "cosine_value": 0.22422701120376587,
    "shape": [
      1,
      512,
      128,
      128
    ],
    "method": "Both"
  },
  "decoder.up.2.block.2": {
    "l2_value": 0.0009724601986818016,
    "cosine_value": 0.2417745590209961,
    "shape": [
      1,
      512,
      128,
      128
    ],
    "method": "Both"
  },
  "decoder.up.2.upsample": {
    "l2_value": 0.001514062169007957,
    "cosine_value": 0.21033841371536255,
    "shape": [
      1,
      512,
      256,
      256
    ],
    "method": "Both"
  },
  "decoder.up.3.block.0": {
    "l2_value": 0.0006463671452365816,
    "cosine_value": 0.2753087282180786,
    "shape": [
      1,
      512,
      64,
      64
    ],
    "method": "Both"
  },
  "decoder.up.3.block.1": {
    "l2_value": 0.0006643651868216693,
    "cosine_value": 0.2821912169456482,
    "shape": [
      1,
      512,
      64,
      64
    ],
    "method": "Both"
  },
  "decoder.up.3.block.2": {
    "l2_value": 0.0005996175459586084,
    "cosine_value": 0.2784971594810486,
    "shape": [
      1,
      512,
      64,
      64
    ],
    "method": "Both"
  },
  "decoder.up.3.upsample": {
    "l2_value": 0.0010667622555047274,
    "cosine_value": 0.2411479949951172,
    "shape": [
      1,
      512,
      128,
      128
    ],
    "method": "Both"
  },
  "decoder.conv_out": {
    "l2_value": 0.00036376229642579955,
    "cosine_value": 0.1518067717552185,
    "shape": [
      1,
      3,
      512,
      512
    ],
    "method": "Both"
  }
}