{
  "decoder.conv_in": {
    "l2_value": 0.00030041695572435856,
    "cosine_value": 0.24949783086776733,
    "shape": [
      1,
      512,
      64,
      64
    ],
    "method": "Both"
  },
  "decoder.mid.block_1": {
    "l2_value": 0.0003520032041706145,
    "cosine_value": 0.19409900903701782,
    "shape": [
      1,
      512,
      64,
      64
    ],
    "method": "Both"
  },
  "decoder.mid.attn_1": {
    "l2_value": 0.00034408856299705803,
    "cosine_value": 0.1717023253440857,
    "shape": [
      1,
      512,
      64,
      64
    ],
    "method": "Both"
  },
  "decoder.mid.block_2": {
    "l2_value": 0.0003653024323284626,
    "cosine_value": 0.17649394273757935,
    "shape": [
      1,
      512,
      64,
      64
    ],
    "method": "Both"
  },
  "decoder.up.0.block.0": {
    "l2_value": 0.003354267217218876,
    "cosine_value": 0.2585102319717407,
    "shape": [
      1,
      128,
      512,
      512
    ],
    "method": "Both"
  },
  "decoder.up.0.block.1": {
    "l2_value": 0.00399094820022583,
    "cosine_value": 0.2670329809188843,
    "shape": [
      1,
      128,
      512,
      512
    ],
    "method": "Both"
  },
  "decoder.up.0.block.2": {
    "l2_value": 0.004770507104694843,
    "cosine_value": 0.27417516708374023,
    "shape": [
      1,
      128,
      512,
      512
    ],
    "method": "Both"
  },
  "decoder.up.1.block.0": {
    "l2_value": 0.0009493842371739447,
    "cosine_value": 0.13579809665679932,
    "shape": [
      1,
      256,
      256,
      256
    ],
    "method": "Both"
  },
  "decoder.up.1.block.1": {
    "l2_value": 0.0009705310221761465,
    "cosine_value": 0.13797855377197266,
    "shape": [
      1,
      256,
      256,
      256
    ],
    "method": "Both"
  },
  "decoder.up.1.block.2": {
    "l2_value": 0.0008984401356428862,
    "cosine_value": 0.15408813953399658,
    "shape": [
      1,
      256,
      256,
      256
    ],
    "method": "Both"
  },
  "decoder.up.1.upsample": {
    "l2_value": 0.001113613834604621,
    "cosine_value": 0.14740872383117676,
    "shape": [
      1,
      256,
      512,
      512
    ],
    "method": "Both"
  },
  "decoder.up.2.block.0": {
    "l2_value": 0.000703902798704803,
    "cosine_value": 0.16045242547988892,
    "shape": [
      1,
      512,
      128,
      128
    ],
    "method": "Both"
  },
  "decoder.up.2.block.1": {
    "l2_value": 0.0007370869279839098,
    "cosine_value": 0.17200887203216553,
    "shape": [
      1,
      512,
      128,
      128
    ],
    "method": "Both"
  },
  "decoder.up.2.block.2": {
    "l2_value": 0.0006702166283503175,
    "cosine_value": 0.20877331495285034,
    "shape": [
      1,
      512,
      128,
      128
    ],
    "method": "Both"
  },
  "decoder.up.2.upsample": {
    "l2_value": 0.0010610886383801699,
    "cosine_value": 0.18198364973068237,
    "shape": [
      1,
      512,
      256,
      256
    ],
    "method": "Both"
  },
  "decoder.up.3.block.0": {
    "l2_value": 0.0004178635426796973,
    "cosine_value": 0.19886630773544312,
    "shape": [
      1,
      512,
      64,
      64
    ],
    "method": "Both"
  },
  "decoder.up.3.block.1": {
    "l2_value": 0.0004337887221481651,
    "cosine_value": 0.1986204981803894,
    "shape": [
      1,
      512,
      64,
      64
    ],
    "method": "Both"
  },
  "decoder.up.3.block.2": {
    "l2_value": 0.00040381919825449586,
    "cosine_value": 0.2158077359199524,
    "shape": [
      1,
      512,
      64,
      64
    ],
    "method": "Both"
  },
  "decoder.up.3.upsample": {
    "l2_value": 0.0007007935782894492,
    "cosine_value": 0.17500090599060059,
    "shape": [
      1,
      512,
      128,
      128
    ],
    "method": "Both"
  },
  "decoder.conv_out": {
    "l2_value": 0.00036600981062899035,
    "cosine_value": 0.1591467261314392,
    "shape": [
      1,
      3,
      512,
      512
    ],
    "method": "Both"
  }
}