{
  "decoder.conv_in": {
    "l2_value": 8.348229312105104e-05,
    "cosine_value": 0.02183246612548828,
    "shape": [
      1,
      512,
      64,
      64
    ],
    "method": "Both"
  },
  "decoder.mid.block_1": {
    "l2_value": 9.646780381444842e-05,
    "cosine_value": 0.016310393810272217,
    "shape": [
      1,
      512,
      64,
      64
    ],
    "method": "Both"
  },
  "decoder.mid.attn_1": {
    "l2_value": 9.823175059864298e-05,
    "cosine_value": 0.0151597261428833,
    "shape": [
      1,
      512,
      64,
      64
    ],
    "method": "Both"
  },
  "decoder.mid.block_2": {
    "l2_value": 0.00010564897092990577,
    "cosine_value": 0.015861690044403076,
    "shape": [
      1,
      512,
      64,
      64
    ],
    "method": "Both"
  },
  "decoder.up.0.block.0": {
    "l2_value": 0.00046914585982449353,
    "cosine_value": 0.005193471908569336,
    "shape": [
      1,
      128,
      512,
      512
    ],
    "method": "Both"
  },
  "decoder.up.0.block.1": {
    "l2_value": 0.000533116573933512,
    "cosine_value": 0.004859626293182373,
    "shape": [
      1,
      128,
      512,
      512
    ],
    "method": "Both"
  },
  "decoder.up.0.block.2": {
    "l2_value": 0.0006126509397290647,
    "cosine_value": 0.004576325416564941,
    "shape": [
      1,
      128,
      512,
      512
    ],
    "method": "Both"
  },
  "decoder.up.1.block.0": {
    "l2_value": 0.0002580006839707494,
    "cosine_value": 0.010838150978088379,
    "shape": [
      1,
      256,
      256,
      256
    ],
    "method": "Both"
  },
  "decoder.up.1.block.1": {
    "l2_value": 0.0002568768395576626,
    "cosine_value": 0.010451853275299072,
    "shape": [
      1,
      256,
      256,
      256
    ],
    "method": "Both"
  },
  "decoder.up.1.block.2": {
    "l2_value": 0.0002279651671415195,
    "cosine_value": 0.010960578918457031,
    "shape": [
      1,
      256,
      256,
      256
    ],
    "method": "Both"
  },
  "decoder.up.1.upsample": {
    "l2_value": 0.0002632017422001809,
    "cosine_value": 0.00901705026626587,
    "shape": [
      1,
      256,
      512,
      512
    ],
    "method": "Both"
  },
  "decoder.up.2.block.0": {
    "l2_value": 0.00019856523431371897,
    "cosine_value": 0.013639867305755615,
    "shape": [
      1,
      512,
      128,
      128
    ],
    "method": "Both"
  },
  "decoder.up.2.block.1": {
    "l2_value": 0.00020980267436243594,
    "cosine_value": 0.014840483665466309,
    "shape": [
      1,
      512,
      128,
      128
    ],
    "method": "Both"
  },
  "decoder.up.2.block.2": {
    "l2_value": 0.00018837812240235507,
    "cosine_value": 0.017847716808319092,
    "shape": [
      1,
      512,
      128,
      128
    ],
    "method": "Both"
  },
  "decoder.up.2.upsample": {
    "l2_value": 0.00029796629678457975,
    "cosine_value": 0.01559525728225708,
    "shape": [
      1,
      512,
      256,
      256
    ],
    "method": "Both"
  },
  "decoder.up.3.block.0": {
    "l2_value": 0.00011555546370800585,
    "cosine_value": 0.016133248805999756,
    "shape": [
      1,
      512,
      64,
      64
    ],
    "method": "Both"
  },
  "decoder.up.3.block.1": {
    "l2_value": 0.00012151090777479112,
    "cosine_value": 0.01652085781097412,
    "shape": [
      1,
      512,
      64,
      64
    ],
    "method": "Both"
  },
  "decoder.up.3.block.2": {
    "l2_value": 0.00011331336281728,
    "cosine_value": 0.018286406993865967,
    "shape": [
      1,
      512,
      64,
      64
    ],
    "method": "Both"
  },
  "decoder.up.3.upsample": {
    "l2_value": 0.00019808117940556258,
    "cosine_value": 0.015018463134765625,
    "shape": [
      1,
      512,
      128,
      128
    ],
    "method": "Both"
  },
  "decoder.conv_out": {
    "l2_value": 5.797175981570035e-05,
    "cosine_value": 0.005385279655456543,
    "shape": [
      1,
      3,
      512,
      512
    ],
    "method": "Both"
  }
}