{
  "decoder.conv_in": {
    "l2_value": 0.0006234326865524054,
    "cosine_value": 0.254668653011322,
    "shape": [
      1,
      512,
      64,
      64
    ],
    "method": "Both"
  },
  "decoder.mid.block_1": {
    "l2_value": 0.0006385944434441626,
    "cosine_value": 0.27406466007232666,
    "shape": [
      1,
      512,
      64,
      64
    ],
    "method": "Both"
  },
  "decoder.mid.attn_1": {
    "l2_value": 0.0006171036511659622,
    "cosine_value": 0.25536149740219116,
    "shape": [
      1,
      512,
      64,
      64
    ],
    "method": "Both"
  },
  "decoder.mid.block_2": {
    "l2_value": 0.0006264707772061229,
    "cosine_value": 0.2476302981376648,
    "shape": [
      1,
      512,
      64,
      64
    ],
    "method": "Both"
  },
  "decoder.up.0.block.0": {
    "l2_value": 0.0034788392949849367,
    "cosine_value": 0.13575255870819092,
    "shape": [
      1,
      128,
      512,
      512
    ],
    "method": "Both"
  },
  "decoder.up.0.block.1": {
    "l2_value": 0.0036569053772836924,
    "cosine_value": 0.12177616357803345,
    "shape": [
      1,
      128,
      512,
      512
    ],
    "method": "Both"
  },
  "decoder.up.0.block.2": {
    "l2_value": 0.003828649874776602,
    "cosine_value": 0.10617125034332275,
    "shape": [
      1,
      128,
      512,
      512
    ],
    "method": "Both"
  },
  "decoder.up.1.block.0": {
    "l2_value": 0.0016203729901462793,
    "cosine_value": 0.20631778240203857,
    "shape": [
      1,
      256,
      256,
      256
    ],
    "method": "Both"
  },
  "decoder.up.1.block.1": {
    "l2_value": 0.00160706986207515,
    "cosine_value": 0.20566809177398682,
    "shape": [
      1,
      256,
      256,
      256
    ],
    "method": "Both"
  },
  "decoder.up.1.block.2": {
    "l2_value": 0.0015293582109734416,
    "cosine_value": 0.21754109859466553,
    "shape": [
      1,
      256,
      256,
      256
    ],
    "method": "Both"
  },
  "decoder.up.1.upsample": {
    "l2_value": 0.0019485306693241,
    "cosine_value": 0.2004449963569641,
    "shape": [
      1,
      256,
      512,
      512
    ],
    "method": "Both"
  },
  "decoder.up.2.block.0": {
    "l2_value": 0.001158816972747445,
    "cosine_value": 0.2274300456047058,
    "shape": [
      1,
      512,
      128,
      128
    ],
    "method": "Both"
  },
  "decoder.up.2.block.1": {
    "l2_value": 0.001179062994197011,
    "cosine_value": 0.22665226459503174,
    "shape": [
      1,
      512,
      128,
      128
    ],
    "method": "Both"
  },
  "decoder.up.2.block.2": {
    "l2_value": 0.0010874243453145027,
    "cosine_value": 0.24647372961044312,
    "shape": [
      1,
      512,
      128,
      128
    ],
    "method": "Both"
  },
  "decoder.up.2.upsample": {
    "l2_value": 0.0017931901384145021,
    "cosine_value": 0.23501449823379517,
    "shape": [
      1,
      512,
      256,
      256
    ],
    "method": "Both"
  },
  "decoder.up.3.block.0": {
    "l2_value": 0.0006542116170749068,
    "cosine_value": 0.2445385456085205,
    "shape": [
      1,
      512,
      64,
      64
    ],
    "method": "Both"
  },
  "decoder.up.3.block.1": {
    "l2_value": 0.0006702341488562524,
    "cosine_value": 0.24897336959838867,
    "shape": [
      1,
      512,
      64,
      64
    ],
    "method": "Both"
  },
  "decoder.up.3.block.2": {
    "l2_value": 0.000641670951154083,
    "cosine_value": 0.2635827660560608,
    "shape": [
      1,
      512,
      64,
      64
    ],
    "method": "Both"
  },
  "decoder.up.3.upsample": {
    "l2_value": 0.0011721851769834757,
    "cosine_value": 0.2406213879585266,
    "shape": [
      1,
      512,
      128,
      128
    ],
    "method": "Both"
  },
  "decoder.conv_out": {
    "l2_value": 0.0004356816643849015,
    "cosine_value": 0.15926247835159302,
    "shape": [
      1,
      3,
      512,
      512
    ],
    "method": "Both"
  }
}