{
  "decoder.conv_in": {
    "l2_value": 0.0003156026068609208,
    "cosine_value": 0.2643641233444214,
    "shape": [
      1,
      512,
      64,
      64
    ],
    "method": "Both"
  },
  "decoder.mid.block_1": {
    "l2_value": 0.0003804936131928116,
    "cosine_value": 0.22180092334747314,
    "shape": [
      1,
      512,
      64,
      64
    ],
    "method": "Both"
  },
  "decoder.mid.attn_1": {
    "l2_value": 0.0003679630463011563,
    "cosine_value": 0.18918931484222412,
    "shape": [
      1,
      512,
      64,
      64
    ],
    "method": "Both"
  },
  "decoder.mid.block_2": {
    "l2_value": 0.0003737354709301144,
    "cosine_value": 0.1782178282737732,
    "shape": [
      1,
      512,
      64,
      64
    ],
    "method": "Both"
  },
  "decoder.up.0.block.0": {
    "l2_value": 0.002012931974604726,
    "cosine_value": 0.09483808279037476,
    "shape": [
      1,
      128,
      512,
      512
    ],
    "method": "Both"
  },
  "decoder.up.0.block.1": {
    "l2_value": 0.0020909870509058237,
    "cosine_value": 0.0753752589225769,
    "shape": [
      1,
      128,
      512,
      512
    ],
    "method": "Both"
  },
  "decoder.up.0.block.2": {
    "l2_value": 0.002210828009992838,
    "cosine_value": 0.061265528202056885,
    "shape": [
      1,
      128,
      512,
      512
    ],
    "method": "Both"
  },
  "decoder.up.1.block.0": {
    "l2_value": 0.0010241372510790825,
    "cosine_value": 0.13938742876052856,
    "shape": [
      1,
      256,
      256,
      256
    ],
    "method": "Both"
  },
  "decoder.up.1.block.1": {
    "l2_value": 0.0010232279310002923,
    "cosine_value": 0.13601070642471313,
    "shape": [
      1,
      256,
      256,
      256
    ],
    "method": "Both"
  },
  "decoder.up.1.block.2": {
    "l2_value": 0.0009639147901907563,
    "cosine_value": 0.15618276596069336,
    "shape": [
      1,
      256,
      256,
      256
    ],
    "method": "Both"
  },
  "decoder.up.1.upsample": {
    "l2_value": 0.0011356869945302606,
    "cosine_value": 0.13697761297225952,
    "shape": [
      1,
      256,
      512,
      512
    ],
    "method": "Both"
  },
  "decoder.up.2.block.0": {
    "l2_value": 0.0007154344348236918,
    "cosine_value": 0.15744781494140625,
    "shape": [
      1,
      512,
      128,
      128
    ],
    "method": "Both"
  },
  "decoder.up.2.block.1": {
    "l2_value": 0.0007418413879349828,
    "cosine_value": 0.16575610637664795,
    "shape": [
      1,
      512,
      128,
      128
    ],
    "method": "Both"
  },
  "decoder.up.2.block.2": {
    "l2_value": 0.0006857865373604,
    "cosine_value": 0.20182788372039795,
    "shape": [
      1,
      512,
      128,
      128
    ],
    "method": "Both"
  },
  "decoder.up.2.upsample": {
    "l2_value": 0.0011191348312422633,
    "cosine_value": 0.18418431282043457,
    "shape": [
      1,
      512,
      256,
      256
    ],
    "method": "Both"
  },
  "decoder.up.3.block.0": {
    "l2_value": 0.00040218146750703454,
    "cosine_value": 0.17934870719909668,
    "shape": [
      1,
      512,
      64,
      64
    ],
    "method": "Both"
  },
  "decoder.up.3.block.1": {
    "l2_value": 0.00041354051791131496,
    "cosine_value": 0.17562580108642578,
    "shape": [
      1,
      512,
      64,
      64
    ],
    "method": "Both"
  },
  "decoder.up.3.block.2": {
    "l2_value": 0.0003962195769418031,
    "cosine_value": 0.19953346252441406,
    "shape": [
      1,
      512,
      64,
      64
    ],
    "method": "Both"
  },
  "decoder.up.3.upsample": {
    "l2_value": 0.0007030798005871475,
    "cosine_value": 0.16807687282562256,
    "shape": [
      1,
      512,
      128,
      128
    ],
    "method": "Both"
  },
  "decoder.conv_out": {
    "l2_value": 0.00043868005741387606,
    "cosine_value": 0.16826099157333374,
    "shape": [
      1,
      3,
      512,
      512
    ],
    "method": "Both"
  }
}