{
  "decoder.conv_in": {
    "l2_value": 0.0003102973278146237,
    "cosine_value": 0.3300451636314392,
    "shape": [
      1,
      512,
      64,
      64
    ],
    "method": "Both"
  },
  "decoder.mid.block_1": {
    "l2_value": 0.00034496563603170216,
    "cosine_value": 0.2132369875907898,
    "shape": [
      1,
      512,
      64,
      64
    ],
    "method": "Both"
  },
  "decoder.mid.attn_1": {
    "l2_value": 0.00034366766340099275,
    "cosine_value": 0.18719983100891113,
    "shape": [
      1,
      512,
      64,
      64
    ],
    "method": "Both"
  },
  "decoder.mid.block_2": {
    "l2_value": 0.0003594606532715261,
    "cosine_value": 0.18521052598953247,
    "shape": [
      1,
      512,
      64,
      64
    ],
    "method": "Both"
  },
  "decoder.up.0.block.0": {
    "l2_value": 0.0014799744822084904,
    "cosine_value": 0.051960110664367676,
    "shape": [
      1,
      128,
      512,
      512
    ],
    "method": "Both"
  },
  "decoder.up.0.block.1": {
    "l2_value": 0.0015141171170398593,
    "cosine_value": 0.03939545154571533,
    "shape": [
      1,
      128,
      512,
      512
    ],
    "method": "Both"
  },
  "decoder.up.0.block.2": {
    "l2_value": 0.00157096516340971,
    "cosine_value": 0.03027743101119995,
    "shape": [
      1,
      128,
      512,
      512
    ],
    "method": "Both"
  },
  "decoder.up.1.block.0": {
    "l2_value": 0.0009371208143420517,
    "cosine_value": 0.1430860161781311,
    "shape": [
      1,
      256,
      256,
      256
    ],
    "method": "Both"
  },
  "decoder.up.1.block.1": {
    "l2_value": 0.000941871665418148,
    "cosine_value": 0.14075827598571777,
    "shape": [
      1,
      256,
      256,
      256
    ],
    "method": "Both"
  },
  "decoder.up.1.block.2": {
    "l2_value": 0.000856598315294832,
    "cosine_value": 0.1562725305557251,
    "shape": [
      1,
      256,
      256,
      256
    ],
    "method": "Both"
  },
  "decoder.up.1.upsample": {
    "l2_value": 0.0009581209742464125,
    "cosine_value": 0.1203000545501709,
    "shape": [
      1,
      256,
      512,
      512
    ],
    "method": "Both"
  },
  "decoder.up.2.block.0": {
    "l2_value": 0.0006939808372408152,
    "cosine_value": 0.16781270503997803,
    "shape": [
      1,
      512,
      128,
      128
    ],
    "method": "Both"
  },
  "decoder.up.2.block.1": {
    "l2_value": 0.0007225953158922493,
    "cosine_value": 0.17832201719284058,
    "shape": [
      1,
      512,
      128,
      128
    ],
    "method": "Both"
  },
  "decoder.up.2.block.2": {
    "l2_value": 0.0006537069566547871,
    "cosine_value": 0.21915048360824585,
    "shape": [
      1,
      512,
      128,
      128
    ],
    "method": "Both"
  },
  "decoder.up.2.upsample": {
    "l2_value": 0.001042454270645976,
    "cosine_value": 0.19608527421951294,
    "shape": [
      1,
      512,
      256,
      256
    ],
    "method": "Both"
  },
  "decoder.up.3.block.0": {
    "l2_value": 0.0004025362723041326,
    "cosine_value": 0.19762718677520752,
    "shape": [
      1,
      512,
      64,
      64
    ],
    "method": "Both"
  },
  "decoder.up.3.block.1": {
    "l2_value": 0.0004211198538541794,
    "cosine_value": 0.20123755931854248,
    "shape": [
      1,
      512,
      64,
      64
    ],
    "method": "Both"
  },
  "decoder.up.3.block.2": {
    "l2_value": 0.0003945825155824423,
    "cosine_value": 0.22562700510025024,
    "shape": [
      1,
      512,
      64,
      64
    ],
    "method": "Both"
  },
  "decoder.up.3.upsample": {
    "l2_value": 0.0006968585657887161,
    "cosine_value": 0.18731778860092163,
    "shape": [
      1,
      512,
      128,
      128
    ],
    "method": "Both"
  },
  "decoder.conv_out": {
    "l2_value": 0.00037940999027341604,
    "cosine_value": 0.21478056907653809,
    "shape": [
      1,
      3,
      512,
      512
    ],
    "method": "Both"
  }
}