{
  "decoder.conv_in": {
    "l2_value": 0.00025076401652768254,
    "cosine_value": 0.05752819776535034,
    "shape": [
      1,
      512,
      64,
      64
    ],
    "method": "Both"
  },
  "decoder.mid.block_1": {
    "l2_value": 0.00023772625718265772,
    "cosine_value": 0.04932081699371338,
    "shape": [
      1,
      512,
      64,
      64
    ],
    "method": "Both"
  },
  "decoder.mid.attn_1": {
    "l2_value": 0.00023697724100202322,
    "cosine_value": 0.047827064990997314,
    "shape": [
      1,
      512,
      64,
      64
    ],
    "method": "Both"
  },
  "decoder.mid.block_2": {
    "l2_value": 0.0002498769899830222,
    "cosine_value": 0.049304842948913574,
    "shape": [
      1,
      512,
      64,
      64
    ],
    "method": "Both"
  },
  "decoder.up.0.block.0": {
    "l2_value": 0.0007172948098741472,
    "cosine_value": 0.006151795387268066,
    "shape": [
      1,
      128,
      512,
      512
    ],
    "method": "Both"
  },
  "decoder.up.0.block.1": {
    "l2_value": 0.000725872116163373,
    "cosine_value": 0.005098283290863037,
    "shape": [
      1,
      128,
      512,
      512
    ],
    "method": "Both"
  },
  "decoder.up.0.block.2": {
    "l2_value": 0.0007416947046294808,
    "cosine_value": 0.004178345203399658,
    "shape": [
      1,
      128,
      512,
      512
    ],
    "method": "Both"
  },
  "decoder.up.1.block.0": {
    "l2_value": 0.0005111104110255837,
    "cosine_value": 0.02733790874481201,
    "shape": [
      1,
      256,
      256,
      256
    ],
    "method": "Both"
  },
  "decoder.up.1.block.1": {
    "l2_value": 0.0005345143144950271,
    "cosine_value": 0.030344605445861816,
    "shape": [
      1,
      256,
      256,
      256
    ],
    "method": "Both"
  },
  "decoder.up.1.block.2": {
    "l2_value": 0.0005034358473494649,
    "cosine_value": 0.032042860984802246,
    "shape": [
      1,
      256,
      256,
      256
    ],
    "method": "Both"
  },
  "decoder.up.1.upsample": {
    "l2_value": 0.000568550021853298,
    "cosine_value": 0.02199631929397583,
    "shape": [
      1,
      256,
      512,
      512
    ],
    "method": "Both"
  },
  "decoder.up.2.block.0": {
    "l2_value": 0.00046437239507213235,
    "cosine_value": 0.04607844352722168,
    "shape": [
      1,
      512,
      128,
      128
    ],
    "method": "Both"
  },
  "decoder.up.2.block.1": {
    "l2_value": 0.00048376023187302053,
    "cosine_value": 0.04697328805923462,
    "shape": [
      1,
      512,
      128,
      128
    ],
    "method": "Both"
  },
  "decoder.up.2.block.2": {
    "l2_value": 0.00042689163819886744,
    "cosine_value": 0.04867517948150635,
    "shape": [
      1,
      512,
      128,
      128
    ],
    "method": "Both"
  },
  "decoder.up.2.upsample": {
    "l2_value": 0.0006260472000576556,
    "cosine_value": 0.0378420352935791,
    "shape": [
      1,
      512,
      256,
      256
    ],
    "method": "Both"
  },
  "decoder.up.3.block.0": {
    "l2_value": 0.00028231702162884176,
    "cosine_value": 0.05505317449569702,
    "shape": [
      1,
      512,
      64,
      64
    ],
    "method": "Both"
  },
  "decoder.up.3.block.1": {
    "l2_value": 0.00030101381707936525,
    "cosine_value": 0.06053262948989868,
    "shape": [
      1,
      512,
      64,
      64
    ],
    "method": "Both"
  },
  "decoder.up.3.block.2": {
    "l2_value": 0.00026881095254793763,
    "cosine_value": 0.059001386165618896,
    "shape": [
      1,
      512,
      64,
      64
    ],
    "method": "Both"
  },
  "decoder.up.3.upsample": {
    "l2_value": 0.000470745493657887,
    "cosine_value": 0.04977607727050781,
    "shape": [
      1,
      512,
      128,
      128
    ],
    "method": "Both"
  },
  "decoder.conv_out": {
    "l2_value": 0.0001239037277021756,
    "cosine_value": 0.01975429058074951,
    "shape": [
      1,
      3,
      512,
      512
    ],
    "method": "Both"
  }
}