{
  "decoder.conv_in": {
    "l2_value": 0.00013475869491230696,
    "cosine_value": 0.05939030647277832,
    "shape": [
      1,
      512,
      64,
      64
    ],
    "method": "Both"
  },
  "decoder.mid.block_1": {
    "l2_value": 0.00016944193339440972,
    "cosine_value": 0.047057926654815674,
    "shape": [
      1,
      512,
      64,
      64
    ],
    "method": "Both"
  },
  "decoder.mid.attn_1": {
    "l2_value": 0.00016824022168293595,
    "cosine_value": 0.04273730516433716,
    "shape": [
      1,
      512,
      64,
      64
    ],
    "method": "Both"
  },
  "decoder.mid.block_2": {
    "l2_value": 0.00018014687520917505,
    "cosine_value": 0.04432457685470581,
    "shape": [
      1,
      512,
      64,
      64
    ],
    "method": "Both"
  },
  "decoder.up.0.block.0": {
    "l2_value": 0.0032497411593794823,
    "cosine_value": 0.2450728416442871,
    "shape": [
      1,
      128,
      512,
      512
    ],
    "method": "Both"
  },
  "decoder.up.0.block.1": {
    "l2_value": 0.003978429827839136,
    "cosine_value": 0.26688188314437866,
    "shape": [
      1,
      128,
      512,
      512
    ],
    "method": "Both"
  },
  "decoder.up.0.block.2": {
    "l2_value": 0.004832941573113203,
    "cosine_value": 0.28202223777770996,
    "shape": [
      1,
      128,
      512,
      512
    ],
    "method": "Both"
  },
  "decoder.up.1.block.0": {
    "l2_value": 0.0004413048445712775,
    "cosine_value": 0.030920207500457764,
    "shape": [
      1,
      256,
      256,
      256
    ],
    "method": "Both"
  },
  "decoder.up.1.block.1": {
    "l2_value": 0.00045136886183172464,
    "cosine_value": 0.031463682651519775,
    "shape": [
      1,
      256,
      256,
      256
    ],
    "method": "Both"
  },
  "decoder.up.1.block.2": {
    "l2_value": 0.0004251878126524389,
    "cosine_value": 0.03678923845291138,
    "shape": [
      1,
      256,
      256,
      256
    ],
    "method": "Both"
  },
  "decoder.up.1.upsample": {
    "l2_value": 0.0006997620221227407,
    "cosine_value": 0.06217360496520996,
    "shape": [
      1,
      256,
      512,
      512
    ],
    "method": "Both"
  },
  "decoder.up.2.block.0": {
    "l2_value": 0.0003364216536283493,
    "cosine_value": 0.038026273250579834,
    "shape": [
      1,
      512,
      128,
      128
    ],
    "method": "Both"
  },
  "decoder.up.2.block.1": {
    "l2_value": 0.00035367082455195487,
    "cosine_value": 0.04120594263076782,
    "shape": [
      1,
      512,
      128,
      128
    ],
    "method": "Both"
  },
  "decoder.up.2.block.2": {
    "l2_value": 0.0003174349549226463,
    "cosine_value": 0.04905575513839722,
    "shape": [
      1,
      512,
      128,
      128
    ],
    "method": "Both"
  },
  "decoder.up.2.upsample": {
    "l2_value": 0.000483678188174963,
    "cosine_value": 0.04065674543380737,
    "shape": [
      1,
      512,
      256,
      256
    ],
    "method": "Both"
  },
  "decoder.up.3.block.0": {
    "l2_value": 0.00020590267376974225,
    "cosine_value": 0.04953950643539429,
    "shape": [
      1,
      512,
      64,
      64
    ],
    "method": "Both"
  },
  "decoder.up.3.block.1": {
    "l2_value": 0.00021230724814813584,
    "cosine_value": 0.049143075942993164,
    "shape": [
      1,
      512,
      64,
      64
    ],
    "method": "Both"
  },
  "decoder.up.3.block.2": {
    "l2_value": 0.00019621576939243823,
    "cosine_value": 0.0526542067527771,
    "shape": [
      1,
      512,
      64,
      64
    ],
    "method": "Both"
  },
  "decoder.up.3.upsample": {
    "l2_value": 0.00033718792838044465,
    "cosine_value": 0.042465031147003174,
    "shape": [
      1,
      512,
      128,
      128
    ],
    "method": "Both"
  },
  "decoder.conv_out": {
    "l2_value": 0.0001253700077844163,
    "cosine_value": 0.020744621753692627,
    "shape": [
      1,
      3,
      512,
      512
    ],
    "method": "Both"
  }
}