{
  "decoder.conv_in": {
    "l2_value": 0.00018681323854252696,
    "cosine_value": 0.096996009349823,
    "shape": [
      1,
      512,
      64,
      64
    ],
    "method": "Both"
  },
  "decoder.mid.block_1": {
    "l2_value": 0.00020201031293254346,
    "cosine_value": 0.06552284955978394,
    "shape": [
      1,
      512,
      64,
      64
    ],
    "method": "Both"
  },
  "decoder.mid.attn_1": {
    "l2_value": 0.00020007035345770419,
    "cosine_value": 0.05910933017730713,
    "shape": [
      1,
      512,
      64,
      64
    ],
    "method": "Both"
  },
  "decoder.mid.block_2": {
    "l2_value": 0.00021417808602564037,
    "cosine_value": 0.060910046100616455,
    "shape": [
      1,
      512,
      64,
      64
    ],
    "method": "Both"
  },
  "decoder.up.0.block.0": {
    "l2_value": 0.0016571206506341696,
    "cosine_value": 0.06504929065704346,
    "shape": [
      1,
      128,
      512,
      512
    ],
    "method": "Both"
  },
  "decoder.up.0.block.1": {
    "l2_value": 0.001965609844774008,
    "cosine_value": 0.06694614887237549,
    "shape": [
      1,
      128,
      512,
      512
    ],
    "method": "Both"
  },
  "decoder.up.0.block.2": {
    "l2_value": 0.0023391677532345057,
    "cosine_value": 0.06834590435028076,
    "shape": [
      1,
      128,
      512,
      512
    ],
    "method": "Both"
  },
  "decoder.up.1.block.0": {
    "l2_value": 0.0005404652329161763,
    "cosine_value": 0.04228508472442627,
    "shape": [
      1,
      256,
      256,
      256
    ],
    "method": "Both"
  },
  "decoder.up.1.block.1": {
    "l2_value": 0.0005452904151752591,
    "cosine_value": 0.04165250062942505,
    "shape": [
      1,
      256,
      256,
      256
    ],
    "method": "Both"
  },
  "decoder.up.1.block.2": {
    "l2_value": 0.0004949886933900416,
    "cosine_value": 0.04442799091339111,
    "shape": [
      1,
      256,
      256,
      256
    ],
    "method": "Both"
  },
  "decoder.up.1.upsample": {
    "l2_value": 0.0005958113470114768,
    "cosine_value": 0.04051220417022705,
    "shape": [
      1,
      256,
      512,
      512
    ],
    "method": "Both"
  },
  "decoder.up.2.block.0": {
    "l2_value": 0.0004096561169717461,
    "cosine_value": 0.05487483739852905,
    "shape": [
      1,
      512,
      128,
      128
    ],
    "method": "Both"
  },
  "decoder.up.2.block.1": {
    "l2_value": 0.0004249966295901686,
    "cosine_value": 0.05717891454696655,
    "shape": [
      1,
      512,
      128,
      128
    ],
    "method": "Both"
  },
  "decoder.up.2.block.2": {
    "l2_value": 0.00038124137790873647,
    "cosine_value": 0.06597268581390381,
    "shape": [
      1,
      512,
      128,
      128
    ],
    "method": "Both"
  },
  "decoder.up.2.upsample": {
    "l2_value": 0.000606238842010498,
    "cosine_value": 0.057475924491882324,
    "shape": [
      1,
      512,
      256,
      256
    ],
    "method": "Both"
  },
  "decoder.up.3.block.0": {
    "l2_value": 0.00024174948339350522,
    "cosine_value": 0.06644153594970703,
    "shape": [
      1,
      512,
      64,
      64
    ],
    "method": "Both"
  },
  "decoder.up.3.block.1": {
    "l2_value": 0.0002512445498723537,
    "cosine_value": 0.06689435243606567,
    "shape": [
      1,
      512,
      64,
      64
    ],
    "method": "Both"
  },
  "decoder.up.3.block.2": {
    "l2_value": 0.00023436470655724406,
    "cosine_value": 0.07268023490905762,
    "shape": [
      1,
      512,
      64,
      64
    ],
    "method": "Both"
  },
  "decoder.up.3.upsample": {
    "l2_value": 0.0004127959255129099,
    "cosine_value": 0.061654865741729736,
    "shape": [
      1,
      512,
      128,
      128
    ],
    "method": "Both"
  },
  "decoder.conv_out": {
    "l2_value": 0.00020683327844987312,
    "cosine_value": 0.04502326250076294,
    "shape": [
      1,
      3,
      512,
      512
    ],
    "method": "Both"
  }
}