{
  "decoder.conv_in": {
    "l2_value": 0.00034903778578154743,
    "cosine_value": 0.09478479623794556,
    "shape": [
      1,
      512,
      64,
      64
    ],
    "method": "Both"
  },
  "decoder.mid.block_1": {
    "l2_value": 0.00035449082497507334,
    "cosine_value": 0.09842085838317871,
    "shape": [
      1,
      512,
      64,
      64
    ],
    "method": "Both"
  },
  "decoder.mid.attn_1": {
    "l2_value": 0.0003520729369483888,
    "cosine_value": 0.09620320796966553,
    "shape": [
      1,
      512,
      64,
      64
    ],
    "method": "Both"
  },
  "decoder.mid.block_2": {
    "l2_value": 0.00036431840271689,
    "cosine_value": 0.09570682048797607,
    "shape": [
      1,
      512,
      64,
      64
    ],
    "method": "Both"
  },
  "decoder.up.0.block.0": {
    "l2_value": 0.004410197027027607,
    "cosine_value": 0.23469871282577515,
    "shape": [
      1,
      128,
      512,
      512
    ],
    "method": "Both"
  },
  "decoder.up.0.block.1": {
    "l2_value": 0.005078127142041922,
    "cosine_value": 0.25146186351776123,
    "shape": [
      1,
      128,
      512,
      512
    ],
    "method": "Both"
  },
  "decoder.up.0.block.2": {
    "l2_value": 0.0058782948181033134,
    "cosine_value": 0.26528650522232056,
    "shape": [
      1,
      128,
      512,
      512
    ],
    "method": "Both"
  },
  "decoder.up.1.block.0": {
    "l2_value": 0.000797982094809413,
    "cosine_value": 0.05922698974609375,
    "shape": [
      1,
      256,
      256,
      256
    ],
    "method": "Both"
  },
  "decoder.up.1.block.1": {
    "l2_value": 0.0008211852400563657,
    "cosine_value": 0.06348437070846558,
    "shape": [
      1,
      256,
      256,
      256
    ],
    "method": "Both"
  },
  "decoder.up.1.block.2": {
    "l2_value": 0.0007857705350033939,
    "cosine_value": 0.0685015320777893,
    "shape": [
      1,
      256,
      256,
      256
    ],
    "method": "Both"
  },
  "decoder.up.1.upsample": {
    "l2_value": 0.0013187333242967725,
    "cosine_value": 0.10712933540344238,
    "shape": [
      1,
      256,
      512,
      512
    ],
    "method": "Both"
  },
  "decoder.up.2.block.0": {
    "l2_value": 0.0006211513536982238,
    "cosine_value": 0.0754082202911377,
    "shape": [
      1,
      512,
      128,
      128
    ],
    "method": "Both"
  },
  "decoder.up.2.block.1": {
    "l2_value": 0.0006353246863000095,
    "cosine_value": 0.0743398666381836,
    "shape": [
      1,
      512,
      128,
      128
    ],
    "method": "Both"
  },
  "decoder.up.2.block.2": {
    "l2_value": 0.0005641089519485831,
    "cosine_value": 0.07626795768737793,
    "shape": [
      1,
      512,
      128,
      128
    ],
    "method": "Both"
  },
  "decoder.up.2.upsample": {
    "l2_value": 0.0008778849150985479,
    "cosine_value": 0.06615781784057617,
    "shape": [
      1,
      512,
      256,
      256
    ],
    "method": "Both"
  },
  "decoder.up.3.block.0": {
    "l2_value": 0.0003932940599042922,
    "cosine_value": 0.09924596548080444,
    "shape": [
      1,
      512,
      64,
      64
    ],
    "method": "Both"
  },
  "decoder.up.3.block.1": {
    "l2_value": 0.00039709944394417107,
    "cosine_value": 0.09754091501235962,
    "shape": [
      1,
      512,
      64,
      64
    ],
    "method": "Both"
  },
  "decoder.up.3.block.2": {
    "l2_value": 0.00035446189576759934,
    "cosine_value": 0.09314978122711182,
    "shape": [
      1,
      512,
      64,
      64
    ],
    "method": "Both"
  },
  "decoder.up.3.upsample": {
    "l2_value": 0.0006344058201648295,
    "cosine_value": 0.08202779293060303,
    "shape": [
      1,
      512,
      128,
      128
    ],
    "method": "Both"
  },
  "decoder.conv_out": {
    "l2_value": 0.0002039339354572197,
    "cosine_value": 0.042428016662597656,
    "shape": [
      1,
      3,
      512,
      512
    ],
    "method": "Both"
  }
}