{
  "decoder.conv_in": {
    "l2_value": 0.00045492895878851414,
    "cosine_value": 0.14405429363250732,
    "shape": [
      1,
      512,
      64,
      64
    ],
    "method": "Both"
  },
  "decoder.mid.block_1": {
    "l2_value": 0.00043117988388985395,
    "cosine_value": 0.12093991041183472,
    "shape": [
      1,
      512,
      64,
      64
    ],
    "method": "Both"
  },
  "decoder.mid.attn_1": {
    "l2_value": 0.0004246719472575933,
    "cosine_value": 0.11964958906173706,
    "shape": [
      1,
      512,
      64,
      64
    ],
    "method": "Both"
  },
  "decoder.mid.block_2": {
    "l2_value": 0.00044341967441141605,
    "cosine_value": 0.123241126537323,
    "shape": [
      1,
      512,
      64,
      64
    ],
    "method": "Both"
  },
  "decoder.up.0.block.0": {
    "l2_value": 0.0017471009632572532,
    "cosine_value": 0.03416222333908081,
    "shape": [
      1,
      128,
      512,
      512
    ],
    "method": "Both"
  },
  "decoder.up.0.block.1": {
    "l2_value": 0.0017757172463461757,
    "cosine_value": 0.02866649627685547,
    "shape": [
      1,
      128,
      512,
      512
    ],
    "method": "Both"
  },
  "decoder.up.0.block.2": {
    "l2_value": 0.0018190423725172877,
    "cosine_value": 0.02395474910736084,
    "shape": [
      1,
      128,
      512,
      512
    ],
    "method": "Both"
  },
  "decoder.up.1.block.0": {
    "l2_value": 0.0009981384500861168,
    "cosine_value": 0.08033466339111328,
    "shape": [
      1,
      256,
      256,
      256
    ],
    "method": "Both"
  },
  "decoder.up.1.block.1": {
    "l2_value": 0.0010237270034849644,
    "cosine_value": 0.08601772785186768,
    "shape": [
      1,
      256,
      256,
      256
    ],
    "method": "Both"
  },
  "decoder.up.1.block.2": {
    "l2_value": 0.0009687073761597276,
    "cosine_value": 0.0900646448135376,
    "shape": [
      1,
      256,
      256,
      256
    ],
    "method": "Both"
  },
  "decoder.up.1.upsample": {
    "l2_value": 0.001148158684372902,
    "cosine_value": 0.07058030366897583,
    "shape": [
      1,
      256,
      512,
      512
    ],
    "method": "Both"
  },
  "decoder.up.2.block.0": {
    "l2_value": 0.0008083466091193259,
    "cosine_value": 0.11005502939224243,
    "shape": [
      1,
      512,
      128,
      128
    ],
    "method": "Both"
  },
  "decoder.up.2.block.1": {
    "l2_value": 0.0008296917076222599,
    "cosine_value": 0.11214405298233032,
    "shape": [
      1,
      512,
      128,
      128
    ],
    "method": "Both"
  },
  "decoder.up.2.block.2": {
    "l2_value": 0.0007482361979782581,
    "cosine_value": 0.11727964878082275,
    "shape": [
      1,
      512,
      128,
      128
    ],
    "method": "Both"
  },
  "decoder.up.2.upsample": {
    "l2_value": 0.0011613062815740705,
    "cosine_value": 0.10036975145339966,
    "shape": [
      1,
      512,
      256,
      256
    ],
    "method": "Both"
  },
  "decoder.up.3.block.0": {
    "l2_value": 0.0004856559680774808,
    "cosine_value": 0.13383758068084717,
    "shape": [
      1,
      512,
      64,
      64
    ],
    "method": "Both"
  },
  "decoder.up.3.block.1": {
    "l2_value": 0.0005105554591864347,
    "cosine_value": 0.14315170049667358,
    "shape": [
      1,
      512,
      64,
      64
    ],
    "method": "Both"
  },
  "decoder.up.3.block.2": {
    "l2_value": 0.0004670259659178555,
    "cosine_value": 0.1376054286956787,
    "shape": [
      1,
      512,
      64,
      64
    ],
    "method": "Both"
  },
  "decoder.up.3.upsample": {
    "l2_value": 0.0008262009941972792,
    "cosine_value": 0.11978751420974731,
    "shape": [
      1,
      512,
      128,
      128
    ],
    "method": "Both"
  },
  "decoder.conv_out": {
    "l2_value": 0.0003132857770348589,
    "cosine_value": 0.1074455976486206,
    "shape": [
      1,
      3,
      512,
      512
    ],
    "method": "Both"
  }
}