{
  "decoder.conv_in": {
    "l2_value": 0.0003341365954838693,
    "cosine_value": 0.10378694534301758,
    "shape": [
      1,
      512,
      64,
      64
    ],
    "method": "Both"
  },
  "decoder.mid.block_1": {
    "l2_value": 0.0003121561312582344,
    "cosine_value": 0.08778661489486694,
    "shape": [
      1,
      512,
      64,
      64
    ],
    "method": "Both"
  },
  "decoder.mid.attn_1": {
    "l2_value": 0.0003105020150542259,
    "cosine_value": 0.08371347188949585,
    "shape": [
      1,
      512,
      64,
      64
    ],
    "method": "Both"
  },
  "decoder.mid.block_2": {
    "l2_value": 0.00032630068017169833,
    "cosine_value": 0.08521765470504761,
    "shape": [
      1,
      512,
      64,
      64
    ],
    "method": "Both"
  },
  "decoder.up.0.block.0": {
    "l2_value": 0.0009958661394193769,
    "cosine_value": 0.01224130392074585,
    "shape": [
      1,
      128,
      512,
      512
    ],
    "method": "Both"
  },
  "decoder.up.0.block.1": {
    "l2_value": 0.001010775100439787,
    "cosine_value": 0.010100185871124268,
    "shape": [
      1,
      128,
      512,
      512
    ],
    "method": "Both"
  },
  "decoder.up.0.block.2": {
    "l2_value": 0.0010364744812250137,
    "cosine_value": 0.008310973644256592,
    "shape": [
      1,
      128,
      512,
      512
    ],
    "method": "Both"
  },
  "decoder.up.1.block.0": {
    "l2_value": 0.000675874063745141,
    "cosine_value": 0.04974186420440674,
    "shape": [
      1,
      256,
      256,
      256
    ],
    "method": "Both"
  },
  "decoder.up.1.block.1": {
    "l2_value": 0.0007020256598480046,
    "cosine_value": 0.05453014373779297,
    "shape": [
      1,
      256,
      256,
      256
    ],
    "method": "Both"
  },
  "decoder.up.1.block.2": {
    "l2_value": 0.0006562462658621371,
    "cosine_value": 0.05756932497024536,
    "shape": [
      1,
      256,
      256,
      256
    ],
    "method": "Both"
  },
  "decoder.up.1.upsample": {
    "l2_value": 0.0007475640741176903,
    "cosine_value": 0.03975522518157959,
    "shape": [
      1,
      256,
      512,
      512
    ],
    "method": "Both"
  },
  "decoder.up.2.block.0": {
    "l2_value": 0.0005967035540379584,
    "cosine_value": 0.0770641565322876,
    "shape": [
      1,
      512,
      128,
      128
    ],
    "method": "Both"
  },
  "decoder.up.2.block.1": {
    "l2_value": 0.0006179492338560522,
    "cosine_value": 0.0778152346611023,
    "shape": [
      1,
      512,
      128,
      128
    ],
    "method": "Both"
  },
  "decoder.up.2.block.2": {
    "l2_value": 0.0005449980963021517,
    "cosine_value": 0.08213222026824951,
    "shape": [
      1,
      512,
      128,
      128
    ],
    "method": "Both"
  },
  "decoder.up.2.upsample": {
    "l2_value": 0.000815479492302984,
    "cosine_value": 0.06689465045928955,
    "shape": [
      1,
      512,
      256,
      256
    ],
    "method": "Both"
  },
  "decoder.up.3.block.0": {
    "l2_value": 0.00036388932494446635,
    "cosine_value": 0.09277147054672241,
    "shape": [
      1,
      512,
      64,
      64
    ],
    "method": "Both"
  },
  "decoder.up.3.block.1": {
    "l2_value": 0.00038315204437822104,
    "cosine_value": 0.09957391023635864,
    "shape": [
      1,
      512,
      64,
      64
    ],
    "method": "Both"
  },
  "decoder.up.3.block.2": {
    "l2_value": 0.0003444632748141885,
    "cosine_value": 0.09890174865722656,
    "shape": [
      1,
      512,
      64,
      64
    ],
    "method": "Both"
  },
  "decoder.up.3.upsample": {
    "l2_value": 0.0006086594075895846,
    "cosine_value": 0.08399540185928345,
    "shape": [
      1,
      512,
      128,
      128
    ],
    "method": "Both"
  },
  "decoder.conv_out": {
    "l2_value": 0.00017498839103306332,
    "cosine_value": 0.03872567415237427,
    "shape": [
      1,
      3,
      512,
      512
    ],
    "method": "Both"
  }
}