{
  "decoder.conv_in": {
    "l2_value": 0.00018026592442765832,
    "cosine_value": 0.11367601156234741,
    "shape": [
      1,
      512,
      64,
      64
    ],
    "method": "Both"
  },
  "decoder.mid.block_1": {
    "l2_value": 0.00019973519374616444,
    "cosine_value": 0.06997263431549072,
    "shape": [
      1,
      512,
      64,
      64
    ],
    "method": "Both"
  },
  "decoder.mid.attn_1": {
    "l2_value": 0.00019904183864127845,
    "cosine_value": 0.06261944770812988,
    "shape": [
      1,
      512,
      64,
      64
    ],
    "method": "Both"
  },
  "decoder.mid.block_2": {
    "l2_value": 0.00021341540559660643,
    "cosine_value": 0.06519943475723267,
    "shape": [
      1,
      512,
      64,
      64
    ],
    "method": "Both"
  },
  "decoder.up.0.block.0": {
    "l2_value": 0.0007187505252659321,
    "cosine_value": 0.012259900569915771,
    "shape": [
      1,
      128,
      512,
      512
    ],
    "method": "Both"
  },
  "decoder.up.0.block.1": {
    "l2_value": 0.000734904722776264,
    "cosine_value": 0.00931459665298462,
    "shape": [
      1,
      128,
      512,
      512
    ],
    "method": "Both"
  },
  "decoder.up.0.block.2": {
    "l2_value": 0.0007639115210622549,
    "cosine_value": 0.007222771644592285,
    "shape": [
      1,
      128,
      512,
      512
    ],
    "method": "Both"
  },
  "decoder.up.1.block.0": {
    "l2_value": 0.0005408806609921157,
    "cosine_value": 0.04743063449859619,
    "shape": [
      1,
      256,
      256,
      256
    ],
    "method": "Both"
  },
  "decoder.up.1.block.1": {
    "l2_value": 0.0005465156864374876,
    "cosine_value": 0.04700732231140137,
    "shape": [
      1,
      256,
      256,
      256
    ],
    "method": "Both"
  },
  "decoder.up.1.block.2": {
    "l2_value": 0.0004874986771028489,
    "cosine_value": 0.049852609634399414,
    "shape": [
      1,
      256,
      256,
      256
    ],
    "method": "Both"
  },
  "decoder.up.1.upsample": {
    "l2_value": 0.0005199222941882908,
    "cosine_value": 0.03497952222824097,
    "shape": [
      1,
      256,
      512,
      512
    ],
    "method": "Both"
  },
  "decoder.up.2.block.0": {
    "l2_value": 0.0004252325452398509,
    "cosine_value": 0.06247073411941528,
    "shape": [
      1,
      512,
      128,
      128
    ],
    "method": "Both"
  },
  "decoder.up.2.block.1": {
    "l2_value": 0.00044696679105982184,
    "cosine_value": 0.06735199689865112,
    "shape": [
      1,
      512,
      128,
      128
    ],
    "method": "Both"
  },
  "decoder.up.2.block.2": {
    "l2_value": 0.00039822683902457356,
    "cosine_value": 0.08030050992965698,
    "shape": [
      1,
      512,
      128,
      128
    ],
    "method": "Both"
  },
  "decoder.up.2.upsample": {
    "l2_value": 0.0006154862348921597,
    "cosine_value": 0.06781107187271118,
    "shape": [
      1,
      512,
      256,
      256
    ],
    "method": "Both"
  },
  "decoder.up.3.block.0": {
    "l2_value": 0.00024978749570436776,
    "cosine_value": 0.07559734582901001,
    "shape": [
      1,
      512,
      64,
      64
    ],
    "method": "Both"
  },
  "decoder.up.3.block.1": {
    "l2_value": 0.0002639988379087299,
    "cosine_value": 0.0783003568649292,
    "shape": [
      1,
      512,
      64,
      64
    ],
    "method": "Both"
  },
  "decoder.up.3.block.2": {
    "l2_value": 0.00024545632186345756,
    "cosine_value": 0.08616763353347778,
    "shape": [
      1,
      512,
      64,
      64
    ],
    "method": "Both"
  },
  "decoder.up.3.upsample": {
    "l2_value": 0.00042582853347994387,
    "cosine_value": 0.0693964958190918,
    "shape": [
      1,
      512,
      128,
      128
    ],
    "method": "Both"
  },
  "decoder.conv_out": {
    "l2_value": 0.0001761075691320002,
    "cosine_value": 0.04138463735580444,
    "shape": [
      1,
      3,
      512,
      512
    ],
    "method": "Both"
  }
}